payment_id,customer_id,amount,payment_method,failure_reason,previous_payments,previous_failures,days_since_last_payment,subscription,hour,is_weekend,recovered
PAY00001,CUST2620,7396,card,authentication_failed,8,3,28,0,23,0,1
PAY00002,CUST2772,48640,card,technical_error,13,0,3,0,6,0,0
PAY00003,CUST2070,39553,card,technical_error,6,8,53,0,14,1,0
PAY00004,CUST0027,49829,upi,authentication_failed,13,5,35,0,6,1,1
PAY00005,CUST0419,6178,wallet,network_timeout,11,5,77,1,1,1,1
PAY00006,CUST2197,8280,wallet,network_timeout,17,4,80,1,18,0,1
PAY00007,CUST2886,4658,card,authentication_failed,7,4,10,0,3,1,1
PAY00008,CUST1139,29814,netbanking,insufficient_balance,11,5,26,1,22,0,0
PAY00009,CUST2496,41713,upi,technical_error,23,3,20,1,12,1,1
PAY00010,CUST2622,45199,upi,authentication_failed,10,0,29,0,10,1,1
PAY00011,CUST1097,4437,upi,technical_error,28,5,27,1,12,1,1
PAY00012,CUST0586,17459,upi,insufficient_balance,23,8,68,1,23,1,0
PAY00013,CUST2391,26275,netbanking,insufficient_balance,4,8,63,0,1,0,1
PAY00014,CUST0627,41220,upi,authentication_failed,13,1,49,1,19,1,1
PAY00015,CUST2168,16576,card,authentication_failed,23,1,87,1,20,1,1
PAY00016,CUST0457,19334,wallet,insufficient_balance,14,0,33,0,16,0,1
PAY00017,CUST2562,19658,upi,insufficient_balance,11,2,69,0,19,1,1
PAY00018,CUST2002,1376,card,expired_card,28,4,30,0,7,0,1
PAY00019,CUST0351,48066,wallet,network_timeout,24,8,16,0,21,1,1
PAY00020,CUST2252,10921,netbanking,technical_error,27,6,27,0,22,1,1
PAY00021,CUST1635,44119,netbanking,bank_decline,28,8,57,0,7,0,0
PAY00022,CUST0263,22256,card,technical_error,17,3,75,0,0,0,1
PAY00023,CUST2900,41459,card,insufficient_balance,2,0,42,0,16,0,1
PAY00024,CUST1141,43942,wallet,insufficient_balance,17,2,73,1,7,1,1
PAY00025,CUST1668,12578,card,network_timeout,21,6,45,1,13,1,1
PAY00026,CUST2987,3650,card,network_timeout,12,5,13,0,6,0,0
PAY00027,CUST2197,29500,upi,bank_decline,5,4,59,0,2,1,0
PAY00028,CUST2255,6516,card,authentication_failed,17,0,11,0,5,1,1
PAY00029,CUST1990,31646,upi,bank_decline,28,0,21,1,0,1,1
PAY00030,CUST1087,29919,netbanking,bank_decline,22,8,84,1,4,0,0
PAY00031,CUST1216,14367,card,technical_error,23,8,7,1,1,0,1
PAY00032,CUST2393,31346,upi,network_timeout,30,8,10,0,2,0,1
PAY00033,CUST2766,15514,wallet,network_timeout,30,3,74,0,19,0,1
PAY00034,CUST1718,43181,netbanking,expired_card,6,5,30,1,12,0,0
PAY00035,CUST2752,42403,netbanking,bank_decline,10,1,1,1,19,0,0
PAY00036,CUST0301,35334,upi,technical_error,8,2,44,0,7,1,1
PAY00037,CUST1168,10438,wallet,technical_error,22,4,78,0,21,1,1
PAY00038,CUST2718,6888,upi,expired_card,3,1,70,0,8,1,1
PAY00039,CUST2478,13903,netbanking,insufficient_balance,21,4,64,1,8,0,1
PAY00040,CUST0379,41668,wallet,expired_card,1,0,42,0,20,1,1
PAY00041,CUST0662,48677,wallet,technical_error,22,6,71,0,3,0,1
PAY00042,CUST2831,9868,card,expired_card,18,8,18,1,4,0,0
PAY00043,CUST1263,23997,card,expired_card,6,3,85,0,11,1,0
PAY00044,CUST2543,49217,upi,insufficient_balance,27,2,22,1,0,0,1
PAY00045,CUST1361,27082,upi,expired_card,5,1,48,0,15,0,1
PAY00046,CUST0818,30266,netbanking,expired_card,26,3,28,0,21,0,0
PAY00047,CUST1633,21612,netbanking,network_timeout,30,4,44,1,21,1,1
PAY00048,CUST0114,7659,netbanking,insufficient_balance,18,4,4,0,19,1,1
PAY00049,CUST1416,47845,netbanking,bank_decline,19,8,14,1,18,0,0
PAY00050,CUST1044,3008,wallet,network_timeout,16,8,87,0,11,1,1
PAY00051,CUST0287,43631,netbanking,technical_error,10,1,38,1,21,1,0
PAY00052,CUST1337,26471,netbanking,technical_error,4,3,53,1,21,0,0
PAY00053,CUST2522,37396,netbanking,bank_decline,17,0,38,1,6,1,0
PAY00054,CUST2376,39858,netbanking,bank_decline,14,7,86,0,16,1,1
PAY00055,CUST0696,43278,card,expired_card,16,5,11,0,21,1,0
PAY00056,CUST0921,13150,upi,network_timeout,1,3,60,0,14,1,0
PAY00057,CUST2580,37827,upi,authentication_failed,22,6,63,1,7,0,1
PAY00058,CUST2688,45164,card,network_timeout,24,6,28,0,22,1,1
PAY00059,CUST0206,36630,upi,network_timeout,14,2,59,1,14,1,1
PAY00060,CUST2245,29323,upi,authentication_failed,27,7,57,1,7,1,1
PAY00061,CUST2136,31858,upi,expired_card,14,1,36,0,8,1,1
PAY00062,CUST1310,35499,card,insufficient_balance,4,3,49,0,22,0,1
PAY00063,CUST0264,27288,wallet,expired_card,17,7,53,0,6,1,1
PAY00064,CUST1596,38378,card,technical_error,12,7,0,1,9,1,1
PAY00065,CUST1717,35372,upi,bank_decline,7,4,55,1,0,1,0
PAY00066,CUST1377,43935,wallet,authentication_failed,5,7,16,0,12,0,0
PAY00067,CUST0344,42223,wallet,insufficient_balance,27,7,23,0,8,1,1
PAY00068,CUST1341,13971,wallet,expired_card,10,6,35,1,8,0,1
PAY00069,CUST1927,1370,card,expired_card,7,1,83,0,0,0,1
PAY00070,CUST0817,1435,upi,insufficient_balance,4,7,85,0,18,0,1
PAY00071,CUST1905,45940,netbanking,expired_card,5,1,20,1,3,0,0
PAY00072,CUST1278,37835,wallet,bank_decline,30,3,9,0,3,1,0
PAY00073,CUST2803,39448,card,technical_error,25,0,44,1,21,1,1
PAY00074,CUST0283,33258,netbanking,network_timeout,27,6,62,0,13,1,0
PAY00075,CUST2604,30229,upi,bank_decline,5,8,83,1,19,1,0
PAY00076,CUST1905,28645,netbanking,expired_card,27,3,11,1,14,0,0
PAY00077,CUST1904,37445,wallet,expired_card,0,7,41,0,15,0,0
PAY00078,CUST1454,17031,netbanking,expired_card,28,4,71,0,16,0,1
PAY00079,CUST0351,15917,wallet,bank_decline,17,3,88,1,20,1,1
PAY00080,CUST1836,1230,card,expired_card,7,6,88,0,9,1,0
PAY00081,CUST1939,36372,netbanking,bank_decline,23,8,42,1,22,1,1
PAY00082,CUST1110,20194,netbanking,insufficient_balance,3,3,40,0,23,0,0
PAY00083,CUST0785,14280,wallet,expired_card,23,8,76,1,3,0,0
PAY00084,CUST1214,15008,netbanking,insufficient_balance,9,0,90,0,8,0,1
PAY00085,CUST0224,36364,netbanking,authentication_failed,30,2,81,1,3,0,1
PAY00086,CUST2352,18734,wallet,bank_decline,14,5,23,0,8,1,0
PAY00087,CUST0468,4382,wallet,bank_decline,2,0,19,0,18,1,1
PAY00088,CUST0349,16365,card,technical_error,24,6,77,0,16,1,0
PAY00089,CUST1846,29114,netbanking,technical_error,13,4,72,0,19,0,0
PAY00090,CUST0852,41093,upi,expired_card,21,1,20,0,5,0,1
PAY00091,CUST0642,275,wallet,bank_decline,22,7,37,0,7,1,0
PAY00092,CUST2896,18628,wallet,network_timeout,21,3,33,0,13,0,1
PAY00093,CUST2231,14833,upi,expired_card,26,2,9,0,5,1,0
PAY00094,CUST2438,49183,netbanking,bank_decline,3,7,88,1,22,1,0
PAY00095,CUST1116,32898,wallet,bank_decline,2,0,55,1,19,1,0
PAY00096,CUST0106,6085,upi,authentication_failed,26,0,86,1,18,0,1
PAY00097,CUST0718,30934,wallet,expired_card,5,6,81,1,2,1,0
PAY00098,CUST1426,26861,netbanking,expired_card,21,1,20,1,13,1,1
PAY00099,CUST1181,43523,wallet,technical_error,1,7,11,1,8,1,1
PAY00100,CUST0475,26588,card,authentication_failed,27,8,59,1,1,0,1
PAY00101,CUST2124,23809,wallet,authentication_failed,14,0,26,1,17,0,1
PAY00102,CUST1180,28812,wallet,network_timeout,0,3,90,0,9,0,0
PAY00103,CUST2263,26838,card,insufficient_balance,26,1,59,0,20,0,1
PAY00104,CUST2042,47063,netbanking,technical_error,22,4,53,1,15,0,1
PAY00105,CUST1871,36227,upi,bank_decline,6,8,17,0,8,1,1
PAY00106,CUST1393,33375,netbanking,network_timeout,9,4,75,1,4,1,1
PAY00107,CUST2207,31841,netbanking,expired_card,17,8,48,1,10,0,0
PAY00108,CUST2857,15750,wallet,insufficient_balance,27,6,5,1,23,1,0
PAY00109,CUST2889,25084,wallet,authentication_failed,25,2,63,0,4,1,1
PAY00110,CUST0412,28955,card,technical_error,29,7,1,0,13,0,1
PAY00111,CUST0307,30868,netbanking,expired_card,19,6,83,0,10,1,0
PAY00112,CUST1298,41177,wallet,technical_error,1,1,30,1,7,0,1
PAY00113,CUST1778,6551,card,bank_decline,5,4,3,0,10,0,1
PAY00114,CUST1202,23592,netbanking,bank_decline,4,3,67,1,18,0,1
PAY00115,CUST0697,11573,card,technical_error,27,6,79,0,15,0,0
PAY00116,CUST0952,30321,netbanking,bank_decline,8,0,59,1,21,0,0
PAY00117,CUST0303,29049,netbanking,technical_error,9,6,88,1,14,1,0
PAY00118,CUST0816,25311,wallet,network_timeout,7,6,73,1,18,1,1
PAY00119,CUST2865,19448,card,authentication_failed,12,4,1,0,19,1,0
PAY00120,CUST1173,15181,netbanking,insufficient_balance,20,3,79,1,21,0,1
PAY00121,CUST2574,6467,card,expired_card,25,7,4,1,23,0,1
PAY00122,CUST0370,19440,netbanking,authentication_failed,13,2,25,0,17,1,0
PAY00123,CUST2175,32985,netbanking,insufficient_balance,8,7,37,1,3,1,1
PAY00124,CUST0309,9324,upi,authentication_failed,23,6,71,1,2,1,1
PAY00125,CUST0058,17431,card,bank_decline,11,4,74,1,20,1,1
PAY00126,CUST0444,44326,upi,bank_decline,0,8,41,0,20,0,0
PAY00127,CUST2603,30526,netbanking,authentication_failed,13,1,17,0,1,1,0
PAY00128,CUST2018,7710,card,insufficient_balance,28,8,17,1,14,1,0
PAY00129,CUST2747,48802,wallet,technical_error,23,2,53,0,15,1,1
PAY00130,CUST1146,2244,netbanking,insufficient_balance,14,7,30,1,3,1,1
PAY00131,CUST2231,42359,netbanking,network_timeout,12,4,24,0,14,0,1
PAY00132,CUST2715,14000,card,network_timeout,25,5,31,0,18,0,1
PAY00133,CUST0282,36420,upi,technical_error,6,3,42,0,19,0,1
PAY00134,CUST1136,9582,upi,technical_error,8,2,14,0,4,0,1
PAY00135,CUST1468,15693,netbanking,network_timeout,5,4,6,0,23,1,0
PAY00136,CUST2155,7548,card,bank_decline,14,5,65,0,14,0,0
PAY00137,CUST2520,2941,netbanking,bank_decline,20,0,7,1,12,1,1
PAY00138,CUST2811,7175,wallet,authentication_failed,29,7,9,0,10,0,1
PAY00139,CUST0270,8370,netbanking,technical_error,20,8,41,1,19,1,1
PAY00140,CUST1859,33231,wallet,network_timeout,25,1,83,0,13,1,0
PAY00141,CUST0936,27219,netbanking,bank_decline,12,6,12,1,13,1,1
PAY00142,CUST2725,16804,netbanking,insufficient_balance,21,7,8,0,2,0,1
PAY00143,CUST1769,6428,netbanking,insufficient_balance,17,0,75,1,21,0,1
PAY00144,CUST1683,23273,wallet,authentication_failed,1,4,76,1,11,0,1
PAY00145,CUST2368,33353,upi,insufficient_balance,21,7,28,0,11,1,1
PAY00146,CUST0471,18356,upi,bank_decline,27,8,79,0,19,1,0
PAY00147,CUST0119,11923,netbanking,authentication_failed,24,4,43,1,0,0,1
PAY00148,CUST0587,37214,wallet,network_timeout,4,0,11,0,12,1,1
PAY00149,CUST1859,22440,upi,expired_card,9,5,72,0,1,0,0
PAY00150,CUST0645,49542,card,authentication_failed,2,4,56,1,15,1,1
PAY00151,CUST1697,18002,upi,technical_error,3,5,55,0,9,1,0
PAY00152,CUST2159,43821,netbanking,network_timeout,7,6,76,0,0,0,1
PAY00153,CUST1235,13943,upi,expired_card,9,5,15,0,15,1,0
PAY00154,CUST0720,8566,wallet,technical_error,22,3,64,1,2,1,1
PAY00155,CUST0174,28688,card,bank_decline,29,1,40,1,18,1,0
PAY00156,CUST2907,42052,wallet,expired_card,3,6,2,1,5,1,0
PAY00157,CUST2825,23814,card,bank_decline,27,1,31,1,18,1,1
PAY00158,CUST2147,5254,wallet,expired_card,23,5,28,1,5,0,0
PAY00159,CUST2091,41599,card,technical_error,16,3,44,1,23,0,1
PAY00160,CUST0968,6837,upi,expired_card,6,2,77,0,20,0,0
PAY00161,CUST0726,41253,wallet,bank_decline,24,7,87,1,20,1,0
PAY00162,CUST0619,28920,card,bank_decline,14,4,35,0,11,0,1
PAY00163,CUST1272,30360,wallet,network_timeout,1,5,36,0,20,0,0
PAY00164,CUST2520,39033,wallet,bank_decline,18,8,5,1,18,0,0
PAY00165,CUST1317,39749,wallet,technical_error,4,0,57,0,10,0,1
PAY00166,CUST2067,42444,upi,network_timeout,7,7,56,0,11,1,0
PAY00167,CUST1159,25489,wallet,expired_card,21,0,80,1,2,1,1
PAY00168,CUST0388,36666,wallet,expired_card,8,2,42,0,18,0,1
PAY00169,CUST1433,20431,wallet,insufficient_balance,19,1,39,1,20,1,1
PAY00170,CUST0524,44016,card,authentication_failed,21,6,65,1,0,1,0
PAY00171,CUST1266,11913,upi,expired_card,30,7,24,0,4,0,1
PAY00172,CUST0317,19485,card,technical_error,24,8,67,0,21,1,1
PAY00173,CUST2532,8688,wallet,insufficient_balance,5,2,88,0,23,1,1
PAY00174,CUST0179,27026,netbanking,authentication_failed,23,3,56,1,23,1,1
PAY00175,CUST0959,35096,upi,expired_card,30,7,24,1,21,1,1
PAY00176,CUST1892,18566,wallet,technical_error,16,6,20,0,19,0,1
PAY00177,CUST1025,3519,wallet,expired_card,17,1,66,0,9,0,0
PAY00178,CUST0657,17977,wallet,technical_error,4,6,11,0,14,1,0
PAY00179,CUST0110,27290,card,bank_decline,16,5,30,1,2,1,0
PAY00180,CUST0920,1947,netbanking,network_timeout,26,5,18,0,1,1,1
PAY00181,CUST1936,45717,upi,authentication_failed,15,7,78,0,2,0,0
PAY00182,CUST1049,14233,upi,technical_error,30,8,54,0,9,0,1
PAY00183,CUST1234,8085,card,insufficient_balance,13,7,8,0,15,0,0
PAY00184,CUST2589,33875,upi,authentication_failed,4,4,54,0,19,1,1
PAY00185,CUST0986,37499,wallet,insufficient_balance,21,1,67,1,2,0,1
PAY00186,CUST1600,30910,card,authentication_failed,12,5,32,0,11,0,0
PAY00187,CUST1413,15902,card,technical_error,23,5,17,0,11,1,0
PAY00188,CUST2633,11574,wallet,authentication_failed,15,2,17,0,22,1,1
PAY00189,CUST0152,19331,upi,network_timeout,25,3,5,1,9,1,1
PAY00190,CUST2225,31124,netbanking,network_timeout,24,3,36,1,1,1,1
PAY00191,CUST1120,8257,netbanking,bank_decline,28,6,56,1,10,0,0
PAY00192,CUST2033,45455,wallet,expired_card,29,8,34,0,23,1,1
PAY00193,CUST0324,28320,upi,technical_error,9,5,13,0,10,1,0
PAY00194,CUST1256,29323,wallet,insufficient_balance,22,7,44,1,1,1,0
PAY00195,CUST2519,28604,netbanking,authentication_failed,25,0,9,1,11,0,1
PAY00196,CUST0128,9457,wallet,network_timeout,4,1,30,1,11,1,1
PAY00197,CUST2324,2222,upi,authentication_failed,14,5,47,1,2,0,0
PAY00198,CUST2169,24148,wallet,expired_card,20,4,31,0,0,0,0
PAY00199,CUST2045,34030,wallet,technical_error,3,4,33,1,6,1,0
PAY00200,CUST2843,32291,upi,network_timeout,4,1,57,0,22,1,0
PAY00201,CUST0360,44790,netbanking,authentication_failed,11,1,70,1,9,0,1
PAY00202,CUST2916,46601,upi,expired_card,16,3,15,0,4,0,1
PAY00203,CUST2024,1822,netbanking,technical_error,18,5,59,0,19,0,1
PAY00204,CUST0270,20369,wallet,authentication_failed,23,7,67,1,13,0,0
PAY00205,CUST0514,20876,card,bank_decline,14,8,44,0,17,0,0
PAY00206,CUST0529,28452,card,network_timeout,16,2,38,0,5,1,1
PAY00207,CUST2906,14876,netbanking,technical_error,28,4,10,1,6,1,1
PAY00208,CUST0513,41061,netbanking,technical_error,17,1,64,0,18,0,1
PAY00209,CUST0702,43270,netbanking,technical_error,1,0,10,0,20,1,1
PAY00210,CUST2668,13915,wallet,technical_error,20,0,63,1,20,1,1
PAY00211,CUST1979,16148,wallet,expired_card,14,1,88,0,5,1,1
PAY00212,CUST1703,31835,wallet,insufficient_balance,10,2,40,1,23,1,1
PAY00213,CUST1634,8669,netbanking,technical_error,17,1,40,0,14,0,1
PAY00214,CUST1096,29564,upi,insufficient_balance,3,0,37,1,19,1,1
PAY00215,CUST1017,10566,netbanking,technical_error,23,5,24,0,15,1,1
PAY00216,CUST2043,20320,wallet,network_timeout,2,6,64,1,7,0,1
PAY00217,CUST2390,23227,card,network_timeout,9,7,76,1,9,0,1
PAY00218,CUST0441,28341,upi,expired_card,23,5,51,1,1,1,0
PAY00219,CUST0210,37473,upi,expired_card,17,4,9,1,16,1,0
PAY00220,CUST2253,18431,card,insufficient_balance,3,6,47,1,17,1,1
PAY00221,CUST0591,13145,wallet,technical_error,1,0,4,0,22,1,1
PAY00222,CUST1941,34134,wallet,insufficient_balance,19,8,17,1,19,1,1
PAY00223,CUST0666,25852,netbanking,technical_error,10,8,65,1,22,1,1
PAY00224,CUST1946,1190,netbanking,expired_card,21,1,53,1,23,0,1
PAY00225,CUST2445,31202,netbanking,authentication_failed,25,3,6,1,5,1,1
PAY00226,CUST0606,44712,upi,network_timeout,18,1,24,0,14,1,1
PAY00227,CUST1716,10024,wallet,authentication_failed,6,6,64,1,23,0,1
PAY00228,CUST2891,9149,upi,technical_error,10,7,67,1,10,0,1
PAY00229,CUST1883,35039,netbanking,technical_error,11,4,78,1,6,0,0
PAY00230,CUST1143,36674,netbanking,insufficient_balance,30,4,36,0,22,1,1
PAY00231,CUST1299,31544,netbanking,technical_error,29,4,36,0,18,1,0
PAY00232,CUST1617,22718,upi,expired_card,1,4,10,1,14,1,0
PAY00233,CUST1963,14123,upi,technical_error,8,8,89,1,4,0,1
PAY00234,CUST2522,48655,upi,insufficient_balance,1,8,28,0,1,0,0
PAY00235,CUST1693,21746,wallet,network_timeout,21,2,0,0,13,1,1
PAY00236,CUST1956,42733,upi,expired_card,10,4,82,0,2,0,0
PAY00237,CUST2192,48510,card,insufficient_balance,13,2,4,1,15,0,1
PAY00238,CUST1186,2555,card,expired_card,18,1,42,1,14,1,1
PAY00239,CUST0550,33144,wallet,expired_card,6,1,42,0,23,1,0
PAY00240,CUST2656,16960,upi,network_timeout,23,5,37,0,5,1,1
PAY00241,CUST1752,33869,netbanking,network_timeout,12,1,23,0,15,1,0
PAY00242,CUST1017,547,netbanking,bank_decline,7,7,34,1,9,0,1
PAY00243,CUST1072,42939,netbanking,authentication_failed,7,0,85,0,14,1,0
PAY00244,CUST0655,26669,netbanking,authentication_failed,3,4,47,0,7,0,0
PAY00245,CUST1959,10139,wallet,authentication_failed,19,5,53,1,17,0,1
PAY00246,CUST1014,44686,card,technical_error,14,8,90,1,2,0,0
PAY00247,CUST0253,35990,upi,technical_error,17,2,21,1,16,1,1
PAY00248,CUST0477,44683,upi,authentication_failed,18,7,11,1,1,1,0
PAY00249,CUST0541,33736,wallet,bank_decline,18,0,71,1,21,1,0
PAY00250,CUST2963,1526,wallet,expired_card,26,0,27,0,1,1,0
PAY00251,CUST1412,46000,card,technical_error,1,1,60,0,9,1,1
PAY00252,CUST0738,8975,wallet,expired_card,28,6,57,1,12,0,0
PAY00253,CUST2797,43471,upi,authentication_failed,27,5,15,0,17,1,0
PAY00254,CUST2167,8445,upi,network_timeout,24,0,38,1,21,1,1
PAY00255,CUST2179,24956,upi,insufficient_balance,14,5,19,1,6,0,1
PAY00256,CUST0132,43366,wallet,technical_error,24,0,30,0,2,0,1
PAY00257,CUST2433,2300,wallet,technical_error,21,0,31,0,12,1,0
PAY00258,CUST0960,35473,upi,network_timeout,4,8,37,0,23,1,1
PAY00259,CUST2366,39285,netbanking,insufficient_balance,9,2,84,0,13,1,1
PAY00260,CUST1128,4094,upi,authentication_failed,21,6,71,1,1,1,1
PAY00261,CUST2636,44097,wallet,technical_error,10,6,52,0,9,1,0
PAY00262,CUST0754,49541,wallet,insufficient_balance,27,3,38,0,14,0,0
PAY00263,CUST2304,27145,wallet,technical_error,16,2,49,0,8,0,1
PAY00264,CUST1353,42482,card,bank_decline,27,5,11,0,1,1,0
PAY00265,CUST1545,44249,card,network_timeout,6,8,27,1,6,1,0
PAY00266,CUST1242,1104,upi,insufficient_balance,30,1,61,0,22,0,1
PAY00267,CUST1625,15784,netbanking,expired_card,12,7,68,1,9,1,1
PAY00268,CUST1474,33707,wallet,bank_decline,3,7,40,0,11,1,0
PAY00269,CUST1696,3096,upi,authentication_failed,4,0,33,1,9,0,1
PAY00270,CUST0804,21718,upi,bank_decline,18,3,63,1,8,1,1
PAY00271,CUST2964,42154,wallet,bank_decline,5,5,21,0,23,1,1
PAY00272,CUST0754,35629,card,technical_error,1,1,85,0,0,1,0
PAY00273,CUST0564,41433,upi,network_timeout,22,2,1,0,16,1,1
PAY00274,CUST1529,4061,wallet,authentication_failed,15,0,0,1,0,0,0
PAY00275,CUST2169,47429,netbanking,technical_error,9,0,64,1,5,0,1
PAY00276,CUST0395,34466,upi,insufficient_balance,6,8,32,1,8,1,1
PAY00277,CUST0324,24548,wallet,bank_decline,18,3,89,0,9,0,1
PAY00278,CUST2678,42691,card,network_timeout,12,6,48,1,1,0,1
PAY00279,CUST2879,11331,card,bank_decline,27,6,82,1,18,0,1
PAY00280,CUST2164,2888,upi,insufficient_balance,28,7,34,0,2,1,0
PAY00281,CUST2225,37030,card,insufficient_balance,29,5,2,0,18,0,0
PAY00282,CUST2920,26202,card,expired_card,5,3,72,1,21,1,1
PAY00283,CUST1573,49619,upi,authentication_failed,23,1,64,1,1,0,1
PAY00284,CUST1791,15313,card,expired_card,19,6,41,0,20,1,0
PAY00285,CUST1846,32252,upi,expired_card,17,6,55,0,21,1,0
PAY00286,CUST0352,40641,netbanking,insufficient_balance,22,1,10,1,4,1,1
PAY00287,CUST2916,41643,upi,authentication_failed,12,5,46,0,2,0,1
PAY00288,CUST1263,29246,netbanking,expired_card,3,2,11,0,13,1,0
PAY00289,CUST2282,36455,wallet,network_timeout,0,1,45,0,19,1,1
PAY00290,CUST1578,908,netbanking,bank_decline,12,1,71,0,18,0,1
PAY00291,CUST2808,25051,upi,insufficient_balance,8,4,34,1,4,0,1
PAY00292,CUST0685,28586,netbanking,bank_decline,9,7,9,1,8,0,0
PAY00293,CUST2953,41062,wallet,technical_error,19,3,58,0,4,1,0
PAY00294,CUST0028,26032,netbanking,technical_error,12,5,56,1,13,0,1
PAY00295,CUST1231,21115,upi,bank_decline,10,2,50,1,9,1,1
PAY00296,CUST2359,15987,netbanking,bank_decline,8,6,46,0,18,0,0
PAY00297,CUST2426,35858,upi,authentication_failed,24,8,3,1,22,0,0
PAY00298,CUST1796,19192,card,bank_decline,21,7,17,1,7,1,0
PAY00299,CUST2698,10201,wallet,bank_decline,2,7,76,1,18,1,0
PAY00300,CUST2189,33301,wallet,technical_error,1,5,89,0,3,0,1
PAY00301,CUST2694,43661,netbanking,insufficient_balance,20,0,72,1,10,1,1
PAY00302,CUST0434,791,card,expired_card,7,8,66,0,14,1,0
PAY00303,CUST1603,30447,upi,expired_card,0,7,13,1,13,0,0
PAY00304,CUST0476,47951,upi,expired_card,9,5,58,0,16,1,1
PAY00305,CUST1427,31305,card,bank_decline,23,7,40,0,9,0,1
PAY00306,CUST2912,7642,card,expired_card,20,1,86,0,23,0,0
PAY00307,CUST2114,11532,upi,expired_card,17,6,59,0,12,0,0
PAY00308,CUST0764,42074,wallet,bank_decline,0,3,57,1,12,0,0
PAY00309,CUST2887,14176,upi,expired_card,24,1,73,0,17,0,0
PAY00310,CUST1499,21463,upi,bank_decline,3,4,85,1,16,1,0
PAY00311,CUST2446,25569,wallet,technical_error,3,5,45,1,19,0,1
PAY00312,CUST2760,46367,netbanking,technical_error,18,1,86,0,10,0,1
PAY00313,CUST0978,20113,card,insufficient_balance,11,2,65,1,13,0,1
PAY00314,CUST2355,25246,wallet,insufficient_balance,15,8,88,0,17,0,0
PAY00315,CUST2006,19029,upi,insufficient_balance,10,7,79,0,11,0,0
PAY00316,CUST1985,9047,upi,bank_decline,30,8,64,1,13,1,1
PAY00317,CUST1703,46639,wallet,bank_decline,5,1,72,0,7,1,1
PAY00318,CUST0134,18112,upi,technical_error,9,2,58,1,17,0,1
PAY00319,CUST2346,7584,netbanking,technical_error,26,5,69,0,23,1,1
PAY00320,CUST2238,14422,wallet,network_timeout,23,3,38,0,14,1,1
PAY00321,CUST1428,5800,wallet,network_timeout,24,3,26,1,22,1,1
PAY00322,CUST0680,40480,upi,insufficient_balance,26,3,7,1,17,1,1
PAY00323,CUST2445,35408,upi,expired_card,22,4,37,1,16,0,0
PAY00324,CUST0556,49258,wallet,network_timeout,8,2,89,0,7,0,1
PAY00325,CUST2914,21208,upi,authentication_failed,12,7,18,1,20,1,0
PAY00326,CUST1537,29721,card,authentication_failed,25,1,51,1,22,1,1
PAY00327,CUST1863,32084,netbanking,technical_error,0,1,58,1,2,1,1
PAY00328,CUST0893,28257,upi,bank_decline,8,5,36,1,17,0,1
PAY00329,CUST2319,31907,netbanking,authentication_failed,24,0,5,0,20,1,1
PAY00330,CUST0067,8242,upi,bank_decline,14,0,54,0,22,0,1
PAY00331,CUST2663,19883,upi,expired_card,2,5,32,0,11,0,0
PAY00332,CUST0213,26074,netbanking,authentication_failed,22,3,54,0,22,0,0
PAY00333,CUST0005,14086,wallet,network_timeout,4,3,66,1,0,0,1
PAY00334,CUST2850,22616,card,bank_decline,22,2,61,0,7,1,1
PAY00335,CUST0366,47991,card,network_timeout,10,5,38,0,12,0,1
PAY00336,CUST2628,44476,upi,network_timeout,16,0,78,0,14,1,1
PAY00337,CUST2960,14062,upi,bank_decline,19,7,27,0,3,0,1
PAY00338,CUST0505,38738,wallet,expired_card,30,6,40,0,7,1,1
PAY00339,CUST2641,5621,upi,technical_error,19,4,88,0,21,1,1
PAY00340,CUST0842,34031,upi,authentication_failed,12,4,82,0,7,1,1
PAY00341,CUST1581,7488,upi,bank_decline,20,1,67,0,11,1,1
PAY00342,CUST0541,25451,wallet,expired_card,17,2,60,0,0,0,1
PAY00343,CUST0057,17282,upi,network_timeout,29,0,50,1,20,1,1
PAY00344,CUST1735,46093,wallet,network_timeout,20,8,68,0,8,0,1
PAY00345,CUST1270,5278,upi,insufficient_balance,17,5,50,0,9,1,1
PAY00346,CUST2990,15739,card,insufficient_balance,2,6,14,1,19,0,1
PAY00347,CUST1267,43752,upi,network_timeout,0,2,89,0,5,1,1
PAY00348,CUST1421,34375,netbanking,insufficient_balance,11,2,34,0,0,1,1
PAY00349,CUST1759,17924,card,expired_card,22,1,63,1,16,1,1
PAY00350,CUST0228,32842,upi,expired_card,5,4,13,0,7,0,1
PAY00351,CUST0181,905,upi,network_timeout,15,5,49,0,5,0,1
PAY00352,CUST2265,46894,wallet,insufficient_balance,10,3,53,1,8,0,0
PAY00353,CUST2342,24532,card,technical_error,21,0,22,0,16,0,1
PAY00354,CUST1643,4617,wallet,expired_card,24,4,41,0,17,1,1
PAY00355,CUST0033,24277,upi,expired_card,18,4,79,0,14,1,1
PAY00356,CUST2424,32432,upi,authentication_failed,28,8,31,0,0,1,1
PAY00357,CUST0098,15369,netbanking,authentication_failed,26,0,42,0,21,1,1
PAY00358,CUST2979,20253,card,insufficient_balance,16,3,53,1,1,0,1
PAY00359,CUST2915,18438,card,network_timeout,29,3,66,1,22,1,0
PAY00360,CUST1878,49114,card,technical_error,3,8,17,1,2,0,0
PAY00361,CUST1782,43513,upi,insufficient_balance,9,4,40,1,22,1,1
PAY00362,CUST1303,29771,netbanking,insufficient_balance,2,3,17,0,4,0,0
PAY00363,CUST0674,29562,wallet,expired_card,13,1,68,1,6,1,1
PAY00364,CUST1263,30465,netbanking,network_timeout,2,2,87,1,22,0,1
PAY00365,CUST0881,21582,upi,network_timeout,22,3,45,1,16,0,0
PAY00366,CUST2774,19684,netbanking,insufficient_balance,0,6,57,0,3,1,0
PAY00367,CUST0418,9261,card,network_timeout,1,3,16,0,12,1,0
PAY00368,CUST2812,41407,card,technical_error,18,4,9,0,2,0,0
PAY00369,CUST2646,29160,upi,network_timeout,28,5,15,0,14,0,1
PAY00370,CUST0689,37710,wallet,authentication_failed,12,7,3,1,21,1,1
PAY00371,CUST0708,23296,upi,insufficient_balance,8,4,57,0,1,0,1
PAY00372,CUST2652,19440,wallet,bank_decline,28,8,61,0,2,1,0
PAY00373,CUST1569,9093,wallet,insufficient_balance,20,8,31,0,12,1,1
PAY00374,CUST1965,35785,wallet,expired_card,29,8,41,1,8,0,1
PAY00375,CUST0107,20997,upi,network_timeout,28,4,7,1,16,1,1
PAY00376,CUST2393,15354,upi,network_timeout,7,3,34,0,7,1,1
PAY00377,CUST1454,11484,upi,insufficient_balance,18,5,89,1,18,0,0
PAY00378,CUST2882,46011,netbanking,technical_error,18,2,72,0,15,1,1
PAY00379,CUST0720,32241,card,network_timeout,1,3,77,0,0,1,0
PAY00380,CUST0003,21840,upi,insufficient_balance,10,2,41,0,0,0,1
PAY00381,CUST2403,46282,upi,network_timeout,27,8,46,0,11,1,1
PAY00382,CUST2401,6721,netbanking,expired_card,10,2,20,1,20,1,1
PAY00383,CUST2660,20893,upi,authentication_failed,30,8,88,1,7,0,0
PAY00384,CUST1550,20207,netbanking,insufficient_balance,5,0,89,1,18,0,0
PAY00385,CUST0746,39578,netbanking,technical_error,7,1,63,0,10,0,1
PAY00386,CUST0975,22828,netbanking,insufficient_balance,20,1,90,1,14,0,1
PAY00387,CUST1087,13841,upi,authentication_failed,2,5,32,0,23,0,0
PAY00388,CUST0198,25392,wallet,authentication_failed,13,2,52,1,12,1,1
PAY00389,CUST2237,24698,card,bank_decline,25,3,20,1,2,0,0
PAY00390,CUST1208,1415,netbanking,expired_card,30,1,9,1,5,1,0
PAY00391,CUST0660,48071,card,technical_error,30,1,43,1,22,0,0
PAY00392,CUST1767,42936,upi,technical_error,28,6,20,0,3,1,1
PAY00393,CUST0842,12550,wallet,authentication_failed,17,8,33,1,9,0,1
PAY00394,CUST0393,3352,wallet,technical_error,17,7,19,0,11,0,0
PAY00395,CUST1752,5842,netbanking,authentication_failed,20,7,25,0,0,0,0
PAY00396,CUST0700,41924,netbanking,network_timeout,15,1,39,1,15,1,1
PAY00397,CUST2708,17467,card,authentication_failed,17,6,23,1,12,1,0
PAY00398,CUST0765,29314,card,expired_card,14,7,33,0,8,0,0
PAY00399,CUST0620,49398,card,network_timeout,21,5,69,1,18,0,1
PAY00400,CUST2268,4096,wallet,technical_error,13,8,87,1,18,0,0
PAY00401,CUST1951,19685,card,bank_decline,28,0,64,0,3,1,1
PAY00402,CUST0709,11055,upi,insufficient_balance,4,0,54,0,21,1,0
PAY00403,CUST0828,41205,upi,technical_error,8,5,8,0,12,1,1
PAY00404,CUST2262,21473,netbanking,technical_error,14,0,89,1,3,1,1
PAY00405,CUST0613,9812,card,network_timeout,18,1,36,1,13,1,1
PAY00406,CUST1569,43012,wallet,technical_error,19,7,4,0,8,1,0
PAY00407,CUST0590,40617,wallet,network_timeout,12,5,88,0,1,1,1
PAY00408,CUST1101,24508,card,expired_card,26,4,39,1,15,0,1
PAY00409,CUST0934,8907,netbanking,authentication_failed,14,5,34,1,19,0,0
PAY00410,CUST0770,29048,upi,bank_decline,23,7,66,1,1,0,0
PAY00411,CUST0269,20489,wallet,insufficient_balance,24,8,72,0,5,0,1
PAY00412,CUST0823,3876,upi,network_timeout,14,0,46,0,8,1,0
PAY00413,CUST1902,33203,wallet,authentication_failed,29,1,87,0,7,1,0
PAY00414,CUST2003,39031,wallet,insufficient_balance,30,7,75,1,11,0,1
PAY00415,CUST1060,49183,card,expired_card,0,6,6,0,18,0,0
PAY00416,CUST0907,42526,upi,authentication_failed,6,4,83,1,16,0,1
PAY00417,CUST2795,683,wallet,insufficient_balance,20,2,76,0,7,1,1
PAY00418,CUST2492,20118,netbanking,bank_decline,28,6,44,1,8,0,0
PAY00419,CUST1912,19901,wallet,technical_error,3,0,65,1,17,1,1
PAY00420,CUST1223,44953,card,bank_decline,2,5,35,1,8,1,1
PAY00421,CUST2688,46702,netbanking,insufficient_balance,4,8,30,0,19,1,1
PAY00422,CUST2706,21044,upi,authentication_failed,0,7,37,1,13,1,1
PAY00423,CUST1591,48382,card,technical_error,22,3,43,0,21,1,1
PAY00424,CUST2752,23594,netbanking,insufficient_balance,26,8,23,1,3,1,1
PAY00425,CUST0525,48656,netbanking,authentication_failed,25,8,23,1,20,0,1
PAY00426,CUST0911,23383,upi,authentication_failed,27,4,53,1,11,1,1
PAY00427,CUST2399,19370,wallet,network_timeout,15,0,81,0,15,0,1
PAY00428,CUST2050,7952,wallet,technical_error,9,6,6,0,4,0,0
PAY00429,CUST1404,26916,wallet,insufficient_balance,10,2,10,1,10,0,1
PAY00430,CUST1284,41682,card,network_timeout,14,4,26,0,18,0,1
PAY00431,CUST2006,5869,upi,technical_error,13,6,51,1,15,1,1
PAY00432,CUST0020,2572,upi,authentication_failed,11,0,41,0,0,0,1
PAY00433,CUST2567,48177,upi,insufficient_balance,22,5,39,0,3,1,1
PAY00434,CUST2062,38679,netbanking,insufficient_balance,2,0,38,1,14,1,1
PAY00435,CUST1777,45108,upi,expired_card,28,7,45,0,5,1,0
PAY00436,CUST0079,15069,upi,authentication_failed,4,3,2,0,3,1,1
PAY00437,CUST2913,42733,card,bank_decline,28,4,68,0,19,0,0
PAY00438,CUST2712,7185,card,network_timeout,22,1,53,1,12,0,1
PAY00439,CUST2242,16663,wallet,authentication_failed,4,3,88,0,9,1,1
PAY00440,CUST2711,6717,netbanking,technical_error,19,2,53,0,16,0,1
PAY00441,CUST1158,7571,card,bank_decline,6,3,33,0,11,1,0
PAY00442,CUST1210,10610,card,technical_error,15,3,88,1,10,0,0
PAY00443,CUST0012,935,card,network_timeout,26,7,19,0,16,0,1
PAY00444,CUST2964,47520,card,expired_card,20,3,58,1,8,1,1
PAY00445,CUST0206,6641,upi,network_timeout,27,4,46,1,13,0,1
PAY00446,CUST0390,49789,card,network_timeout,27,2,84,0,10,1,0
PAY00447,CUST1793,40850,netbanking,authentication_failed,2,5,43,0,3,1,1
PAY00448,CUST1640,30019,netbanking,bank_decline,22,7,53,0,3,0,1
PAY00449,CUST2852,47706,card,insufficient_balance,3,6,75,1,18,1,0
PAY00450,CUST0743,40163,wallet,expired_card,19,0,87,0,15,1,1
PAY00451,CUST0463,27053,wallet,network_timeout,2,4,83,1,0,0,0
PAY00452,CUST2744,22270,card,bank_decline,21,3,61,1,21,1,0
PAY00453,CUST0609,36691,card,network_timeout,20,2,64,1,15,0,1
PAY00454,CUST0307,49345,wallet,expired_card,7,5,35,0,16,0,1
PAY00455,CUST2255,42260,wallet,bank_decline,26,3,10,1,14,1,1
PAY00456,CUST0361,32766,wallet,expired_card,3,7,83,0,3,1,0
PAY00457,CUST1689,2448,card,network_timeout,25,4,65,0,20,1,1
PAY00458,CUST1397,23912,card,insufficient_balance,27,7,42,1,22,1,1
PAY00459,CUST2933,29757,card,network_timeout,24,3,0,1,11,1,1
PAY00460,CUST2244,34308,netbanking,authentication_failed,3,0,21,1,4,1,1
PAY00461,CUST0439,16765,upi,insufficient_balance,3,6,27,1,6,1,0
PAY00462,CUST0442,49720,wallet,network_timeout,29,1,57,1,21,0,1
PAY00463,CUST2044,384,card,technical_error,29,6,74,1,16,0,0
PAY00464,CUST2834,38016,upi,authentication_failed,26,2,13,1,21,1,1
PAY00465,CUST2065,25309,wallet,technical_error,29,3,35,1,10,1,0
PAY00466,CUST1855,8840,upi,bank_decline,19,8,38,1,22,0,0
PAY00467,CUST0823,13843,netbanking,authentication_failed,11,2,90,0,16,1,1
PAY00468,CUST2910,7663,netbanking,technical_error,15,6,86,1,13,0,0
PAY00469,CUST2142,7077,card,bank_decline,4,0,85,0,6,1,0
PAY00470,CUST0660,18883,netbanking,insufficient_balance,26,0,88,1,6,0,0
PAY00471,CUST1470,29761,card,technical_error,27,8,28,1,7,1,1
PAY00472,CUST2839,43648,card,bank_decline,12,6,87,1,17,0,1
PAY00473,CUST0054,48837,netbanking,insufficient_balance,19,7,28,1,18,0,1
PAY00474,CUST2970,12781,netbanking,bank_decline,5,1,23,0,23,0,0
PAY00475,CUST1546,2763,wallet,expired_card,17,4,16,0,18,1,1
PAY00476,CUST0024,21763,wallet,authentication_failed,29,2,5,0,10,0,0
PAY00477,CUST2562,40444,netbanking,bank_decline,25,8,45,0,22,1,0
PAY00478,CUST2153,14515,upi,technical_error,2,8,20,1,17,1,0
PAY00479,CUST0377,22998,upi,insufficient_balance,21,5,42,1,9,0,0
PAY00480,CUST2533,34866,wallet,technical_error,26,0,14,1,14,0,1
PAY00481,CUST2631,40319,upi,network_timeout,21,5,48,0,12,1,1
PAY00482,CUST2213,47546,netbanking,network_timeout,29,8,47,1,15,0,0
PAY00483,CUST1215,42798,upi,expired_card,16,1,12,0,17,0,1
PAY00484,CUST2568,4390,upi,authentication_failed,20,3,87,1,3,0,1
PAY00485,CUST2203,46154,wallet,authentication_failed,26,1,87,0,0,1,1
PAY00486,CUST2937,21839,card,network_timeout,2,0,22,1,17,0,0
PAY00487,CUST2356,15018,netbanking,bank_decline,12,7,80,1,13,1,0
PAY00488,CUST0070,25626,card,technical_error,0,1,74,0,22,0,1
PAY00489,CUST1466,33053,card,expired_card,25,4,77,0,9,1,0
PAY00490,CUST1563,25994,card,bank_decline,5,8,28,0,23,1,1
PAY00491,CUST2236,19431,upi,expired_card,21,5,1,0,3,0,1
PAY00492,CUST0021,37633,wallet,technical_error,17,1,39,0,23,1,1
PAY00493,CUST0868,27143,upi,insufficient_balance,5,3,78,1,6,0,1
PAY00494,CUST0743,44073,card,technical_error,14,8,9,1,21,0,1
PAY00495,CUST1027,6535,upi,authentication_failed,18,7,42,1,4,0,1
PAY00496,CUST0410,18786,card,insufficient_balance,10,7,57,1,19,1,1
PAY00497,CUST2841,38384,upi,technical_error,18,5,40,1,5,0,1
PAY00498,CUST1283,16233,upi,authentication_failed,23,6,35,1,4,1,1
PAY00499,CUST1966,30433,wallet,expired_card,24,4,62,0,5,0,0
PAY00500,CUST1150,9275,upi,expired_card,23,1,9,0,16,0,0
PAY00501,CUST2384,38038,wallet,technical_error,6,0,70,1,17,1,1
PAY00502,CUST2679,9840,netbanking,bank_decline,7,4,17,1,16,0,0
PAY00503,CUST1626,23946,card,authentication_failed,7,2,65,0,14,0,1
PAY00504,CUST0734,37216,upi,authentication_failed,23,7,45,0,7,1,1
PAY00505,CUST0950,4219,netbanking,expired_card,7,0,85,0,16,1,0
PAY00506,CUST1590,30880,wallet,network_timeout,1,5,13,1,23,1,1
PAY00507,CUST2371,35774,upi,bank_decline,20,6,46,0,16,1,1
PAY00508,CUST1542,14707,wallet,expired_card,26,5,62,1,19,0,0
PAY00509,CUST2056,9207,wallet,insufficient_balance,7,1,65,1,6,0,0
PAY00510,CUST0766,10412,netbanking,technical_error,22,1,84,0,13,1,1
PAY00511,CUST2951,7527,wallet,authentication_failed,15,7,26,0,20,1,1
PAY00512,CUST0092,16069,card,insufficient_balance,18,2,17,0,18,0,1
PAY00513,CUST0230,11001,netbanking,insufficient_balance,16,6,76,0,23,1,0
PAY00514,CUST0352,14294,wallet,technical_error,15,7,21,0,13,0,0
PAY00515,CUST2387,12019,netbanking,insufficient_balance,23,5,58,0,7,1,1
PAY00516,CUST1579,8764,card,network_timeout,6,8,64,1,4,0,1
PAY00517,CUST0727,31286,card,technical_error,16,1,11,1,21,0,1
PAY00518,CUST2472,35442,card,authentication_failed,20,6,66,1,11,0,0
PAY00519,CUST2858,34822,wallet,insufficient_balance,30,7,48,1,18,0,0
PAY00520,CUST1743,8874,netbanking,bank_decline,24,3,10,1,19,1,1
PAY00521,CUST1056,12487,card,authentication_failed,23,0,73,0,16,0,1
PAY00522,CUST1537,42996,upi,authentication_failed,25,5,52,1,3,0,1
PAY00523,CUST1746,42801,netbanking,expired_card,27,8,54,1,19,1,1
PAY00524,CUST2788,26147,upi,bank_decline,17,8,61,0,11,1,1
PAY00525,CUST1040,20196,netbanking,authentication_failed,12,2,84,0,23,0,0
PAY00526,CUST1830,45930,upi,network_timeout,6,8,51,1,17,0,1
PAY00527,CUST0659,25600,card,network_timeout,26,2,60,1,2,0,1
PAY00528,CUST1078,14633,netbanking,network_timeout,19,0,49,1,19,1,1
PAY00529,CUST2915,39255,card,insufficient_balance,20,7,56,0,6,1,1
PAY00530,CUST0798,2302,upi,technical_error,5,0,46,0,20,0,0
PAY00531,CUST0645,5791,netbanking,bank_decline,11,6,51,0,16,0,1
PAY00532,CUST2883,4596,card,technical_error,9,8,74,1,11,1,0
PAY00533,CUST0927,39838,upi,bank_decline,29,6,73,0,8,0,1
PAY00534,CUST1668,33276,card,technical_error,2,8,37,1,3,1,0
PAY00535,CUST2204,37776,netbanking,authentication_failed,14,6,72,1,7,1,0
PAY00536,CUST1880,44768,wallet,technical_error,27,0,61,0,8,0,0
PAY00537,CUST1568,41627,upi,authentication_failed,22,3,40,1,11,0,0
PAY00538,CUST2871,17358,upi,expired_card,2,6,86,1,2,0,0
PAY00539,CUST1952,20669,netbanking,insufficient_balance,28,4,23,0,15,0,1
PAY00540,CUST0962,48297,upi,expired_card,6,3,25,0,19,1,0
PAY00541,CUST0639,7091,card,network_timeout,21,7,78,0,17,0,0
PAY00542,CUST1976,24426,netbanking,bank_decline,28,4,62,0,16,1,1
PAY00543,CUST1630,14655,upi,network_timeout,16,6,61,0,16,1,1
PAY00544,CUST1613,45079,upi,bank_decline,3,8,58,1,22,0,0
PAY00545,CUST0049,44278,upi,bank_decline,18,1,41,1,19,1,1
PAY00546,CUST0767,36050,netbanking,insufficient_balance,8,7,78,1,11,0,1
PAY00547,CUST2043,27883,upi,bank_decline,22,5,46,1,8,1,1
PAY00548,CUST0737,37547,upi,technical_error,21,3,12,1,7,1,1
PAY00549,CUST1561,12949,upi,authentication_failed,4,7,1,0,13,1,0
PAY00550,CUST0551,41430,netbanking,bank_decline,9,4,71,0,12,0,1
PAY00551,CUST2829,10804,card,insufficient_balance,26,4,60,0,14,1,1
PAY00552,CUST1065,23756,netbanking,technical_error,17,4,44,0,13,0,0
PAY00553,CUST1439,44637,upi,technical_error,18,8,22,1,11,1,1
PAY00554,CUST2758,33552,wallet,authentication_failed,14,1,48,1,14,0,1
PAY00555,CUST0687,42081,netbanking,bank_decline,20,6,9,0,5,1,1
PAY00556,CUST0935,20644,netbanking,authentication_failed,9,4,77,1,8,1,1
PAY00557,CUST1488,49114,wallet,bank_decline,5,2,2,0,23,0,1
PAY00558,CUST2712,16591,card,insufficient_balance,5,6,13,0,2,1,0
PAY00559,CUST2247,3627,card,bank_decline,16,1,13,1,19,0,0
PAY00560,CUST0346,43015,wallet,expired_card,7,3,36,1,20,0,0
PAY00561,CUST0538,34620,upi,network_timeout,1,5,41,1,14,1,0
PAY00562,CUST2247,29253,upi,authentication_failed,17,2,75,1,20,1,1
PAY00563,CUST2145,42029,netbanking,expired_card,15,8,29,0,14,1,0
PAY00564,CUST1499,27114,netbanking,insufficient_balance,9,0,0,0,11,1,1
PAY00565,CUST1922,35168,card,authentication_failed,29,7,61,1,0,1,1
PAY00566,CUST1200,39225,upi,network_timeout,17,5,24,1,17,1,1
PAY00567,CUST1617,16477,upi,authentication_failed,23,6,48,0,8,0,0
PAY00568,CUST1730,41081,upi,technical_error,24,4,36,1,13,0,1
PAY00569,CUST0281,12054,upi,expired_card,3,7,79,1,8,1,1
PAY00570,CUST0770,21113,card,insufficient_balance,1,8,2,0,3,1,0
PAY00571,CUST1103,8294,wallet,authentication_failed,0,3,11,0,0,1,0
PAY00572,CUST0890,22507,wallet,expired_card,25,7,47,1,22,0,1
PAY00573,CUST1353,5357,upi,network_timeout,8,6,9,1,5,0,1
PAY00574,CUST1025,25107,card,network_timeout,24,3,49,1,7,0,1
PAY00575,CUST0816,30301,card,technical_error,21,3,60,1,21,1,0
PAY00576,CUST1324,10494,card,authentication_failed,29,8,66,0,8,1,1
PAY00577,CUST2616,19683,upi,expired_card,28,0,85,0,3,0,1
PAY00578,CUST2593,28553,netbanking,network_timeout,5,4,74,0,12,0,0
PAY00579,CUST0037,2852,wallet,authentication_failed,19,2,47,0,7,0,1
PAY00580,CUST2048,6090,netbanking,authentication_failed,1,0,45,0,22,0,1
PAY00581,CUST0516,32071,upi,expired_card,17,5,56,0,0,1,1
PAY00582,CUST1468,47574,upi,expired_card,28,0,62,1,17,1,0
PAY00583,CUST2224,45781,wallet,insufficient_balance,18,2,69,1,10,1,1
PAY00584,CUST1128,39335,upi,network_timeout,16,2,57,1,8,1,1
PAY00585,CUST1860,147,wallet,authentication_failed,5,0,79,1,19,0,1
PAY00586,CUST1314,47351,card,authentication_failed,30,8,49,0,16,1,0
PAY00587,CUST2259,10201,netbanking,expired_card,13,5,14,0,16,0,1
PAY00588,CUST0180,8604,upi,network_timeout,6,1,62,0,3,0,1
PAY00589,CUST2339,42157,wallet,authentication_failed,15,8,79,1,1,1,1
PAY00590,CUST0905,39811,card,network_timeout,29,3,83,1,2,1,1
PAY00591,CUST2618,4078,netbanking,technical_error,23,6,47,0,19,1,1
PAY00592,CUST2167,2764,card,expired_card,2,3,66,0,3,0,1
PAY00593,CUST2178,25353,upi,insufficient_balance,16,3,72,0,17,1,1
PAY00594,CUST0433,41952,netbanking,authentication_failed,14,6,13,0,5,1,0
PAY00595,CUST2068,22219,upi,technical_error,19,7,45,1,17,1,0
PAY00596,CUST1523,27123,wallet,authentication_failed,10,3,72,0,12,1,1
PAY00597,CUST1475,29748,wallet,bank_decline,0,0,36,0,16,0,1
PAY00598,CUST1237,530,netbanking,insufficient_balance,6,5,2,1,17,0,1
PAY00599,CUST0387,2573,wallet,expired_card,4,2,33,1,18,0,1
PAY00600,CUST0955,16893,netbanking,network_timeout,18,6,72,0,23,0,1
PAY00601,CUST2964,21379,wallet,insufficient_balance,15,1,76,1,1,1,1
PAY00602,CUST0322,3764,netbanking,expired_card,28,6,53,0,7,0,0
PAY00603,CUST2597,41531,wallet,network_timeout,9,8,5,1,17,0,1
PAY00604,CUST1339,33025,upi,insufficient_balance,1,6,57,0,7,1,0
PAY00605,CUST1187,25942,upi,insufficient_balance,10,1,60,0,17,1,1
PAY00606,CUST1076,5675,wallet,technical_error,13,2,17,1,17,0,1
PAY00607,CUST1999,26007,upi,technical_error,19,8,31,0,2,1,1
PAY00608,CUST1762,21295,card,network_timeout,21,6,54,1,11,0,1
PAY00609,CUST1314,22678,card,expired_card,5,5,78,1,19,0,1
PAY00610,CUST1805,3041,upi,insufficient_balance,21,5,19,0,3,0,0
PAY00611,CUST0996,40798,upi,expired_card,0,5,88,0,9,1,0
PAY00612,CUST1930,1590,netbanking,insufficient_balance,23,8,27,0,17,1,0
PAY00613,CUST2248,31755,upi,authentication_failed,22,0,48,0,8,0,1
PAY00614,CUST0247,18713,upi,authentication_failed,19,4,6,1,20,0,1
PAY00615,CUST0273,25570,netbanking,authentication_failed,27,5,13,0,9,1,0
PAY00616,CUST0947,25049,card,expired_card,15,8,11,0,6,1,1
PAY00617,CUST2297,46792,card,network_timeout,7,8,39,1,15,1,1
PAY00618,CUST0644,1304,netbanking,authentication_failed,11,5,80,1,7,1,1
PAY00619,CUST0254,41111,netbanking,bank_decline,28,0,71,1,7,0,0
PAY00620,CUST1400,25845,upi,network_timeout,23,6,66,0,13,0,0
PAY00621,CUST2347,10110,wallet,expired_card,29,5,57,0,6,0,1
PAY00622,CUST2380,35578,upi,insufficient_balance,9,8,17,1,4,0,1
PAY00623,CUST1301,4544,card,insufficient_balance,10,2,3,1,13,1,1
PAY00624,CUST1243,29132,netbanking,insufficient_balance,24,3,13,0,5,0,1
PAY00625,CUST2507,40532,netbanking,technical_error,18,3,76,0,7,0,1
PAY00626,CUST1472,5308,wallet,insufficient_balance,16,7,83,1,5,1,1
PAY00627,CUST2013,31154,upi,insufficient_balance,6,3,4,1,0,1,1
PAY00628,CUST1692,14685,upi,insufficient_balance,2,2,56,1,22,1,1
PAY00629,CUST1875,16273,wallet,bank_decline,24,0,77,1,23,1,1
PAY00630,CUST1615,40175,card,technical_error,3,7,58,0,7,1,0
PAY00631,CUST0161,36649,wallet,technical_error,24,0,24,1,14,1,1
PAY00632,CUST1248,18837,wallet,insufficient_balance,13,4,78,0,22,0,0
PAY00633,CUST1899,42442,wallet,network_timeout,23,8,14,0,18,0,1
PAY00634,CUST1611,27203,netbanking,bank_decline,0,2,58,0,14,0,0
PAY00635,CUST1025,21338,upi,authentication_failed,23,1,11,0,22,1,1
PAY00636,CUST2598,23885,card,technical_error,22,6,65,0,12,1,1
PAY00637,CUST0180,11299,netbanking,technical_error,27,2,20,0,5,0,1
PAY00638,CUST1719,20289,netbanking,authentication_failed,24,7,36,0,3,0,0
PAY00639,CUST0831,331,netbanking,network_timeout,14,7,63,0,19,1,1
PAY00640,CUST0975,14313,wallet,bank_decline,13,7,10,0,7,1,0
PAY00641,CUST2539,41298,upi,network_timeout,5,2,7,1,1,0,1
PAY00642,CUST0133,43812,netbanking,expired_card,29,1,6,0,13,0,1
PAY00643,CUST0661,44146,netbanking,technical_error,21,8,22,1,23,1,1
PAY00644,CUST0147,6203,netbanking,expired_card,11,6,8,1,17,0,0
PAY00645,CUST1200,30955,upi,network_timeout,22,4,42,1,16,0,1
PAY00646,CUST2851,13800,card,network_timeout,18,8,11,1,23,1,0
PAY00647,CUST1750,40001,netbanking,expired_card,16,5,16,1,16,1,1
PAY00648,CUST2018,11890,upi,authentication_failed,9,3,0,0,0,1,0
PAY00649,CUST2562,7828,upi,technical_error,13,6,5,1,11,0,0
PAY00650,CUST0047,42083,upi,authentication_failed,9,4,8,1,9,1,1
PAY00651,CUST0026,7560,netbanking,expired_card,12,0,22,0,10,1,1
PAY00652,CUST2755,31498,wallet,network_timeout,20,2,61,0,20,1,1
PAY00653,CUST2200,22061,wallet,bank_decline,29,0,66,1,18,1,1
PAY00654,CUST2275,35219,card,insufficient_balance,18,5,45,0,4,1,0
PAY00655,CUST0128,22326,wallet,authentication_failed,17,2,73,1,5,0,1
PAY00656,CUST1263,46320,netbanking,authentication_failed,1,4,52,0,15,0,0
PAY00657,CUST1523,29716,netbanking,insufficient_balance,16,4,22,0,11,0,1
PAY00658,CUST0828,6168,wallet,technical_error,0,7,64,0,6,1,0
PAY00659,CUST1981,48101,netbanking,expired_card,4,1,66,0,6,0,0
PAY00660,CUST1882,25500,card,network_timeout,9,0,87,0,10,1,1
PAY00661,CUST0189,6856,netbanking,network_timeout,18,4,81,0,10,0,1
PAY00662,CUST0789,18880,netbanking,technical_error,10,7,85,0,8,0,0
PAY00663,CUST0646,18033,card,network_timeout,30,8,65,0,6,1,1
PAY00664,CUST2251,20972,netbanking,insufficient_balance,30,4,73,0,5,0,1
PAY00665,CUST1276,40290,netbanking,technical_error,14,0,16,0,15,0,1
PAY00666,CUST0434,25239,card,network_timeout,13,6,22,1,19,1,1
PAY00667,CUST1280,21879,upi,authentication_failed,24,8,10,1,18,0,1
PAY00668,CUST0381,45883,wallet,network_timeout,14,4,87,1,15,0,1
PAY00669,CUST0917,9518,netbanking,expired_card,12,2,89,1,10,1,1
PAY00670,CUST1997,2083,card,bank_decline,3,5,61,1,5,1,0
PAY00671,CUST1428,39712,upi,technical_error,3,6,13,1,17,0,1
PAY00672,CUST1238,35014,wallet,bank_decline,18,6,30,0,17,0,1
PAY00673,CUST1976,25253,card,expired_card,6,6,55,1,17,0,0
PAY00674,CUST0709,43524,card,authentication_failed,29,7,14,1,10,0,1
PAY00675,CUST1824,11645,netbanking,bank_decline,2,1,87,1,10,1,1
PAY00676,CUST2642,43364,card,network_timeout,6,2,74,0,4,0,0
PAY00677,CUST1856,34916,netbanking,bank_decline,19,7,25,0,21,1,0
PAY00678,CUST1228,37473,netbanking,bank_decline,22,5,11,0,19,1,0
PAY00679,CUST0523,19379,card,expired_card,28,8,6,0,22,1,1
PAY00680,CUST0450,18594,card,insufficient_balance,13,6,80,1,22,1,0
PAY00681,CUST1664,25106,wallet,technical_error,6,2,60,0,6,1,1
PAY00682,CUST1476,27443,upi,expired_card,27,2,17,0,2,0,1
PAY00683,CUST0590,47373,wallet,authentication_failed,13,2,10,0,20,1,1
PAY00684,CUST1868,45673,wallet,technical_error,5,7,65,1,17,1,0
PAY00685,CUST1576,23385,upi,insufficient_balance,13,0,73,1,23,0,1
PAY00686,CUST2917,32981,netbanking,bank_decline,29,8,73,1,1,0,0
PAY00687,CUST2328,31771,netbanking,network_timeout,18,7,88,0,4,1,1
PAY00688,CUST1905,33978,card,technical_error,28,1,31,1,20,0,1
PAY00689,CUST2802,41629,netbanking,technical_error,1,5,68,0,15,1,0
PAY00690,CUST2100,30851,netbanking,bank_decline,11,4,37,0,1,1,0
PAY00691,CUST2978,37043,netbanking,network_timeout,20,7,74,0,18,0,1
PAY00692,CUST2689,19220,card,expired_card,15,1,16,0,8,1,1
PAY00693,CUST0543,40456,netbanking,expired_card,27,4,1,0,19,0,1
PAY00694,CUST2424,48528,upi,authentication_failed,14,5,22,1,22,0,1
PAY00695,CUST1987,11949,card,expired_card,2,2,76,0,15,1,1
PAY00696,CUST1570,15694,wallet,authentication_failed,20,2,26,1,1,1,1
PAY00697,CUST0476,3542,upi,bank_decline,12,7,38,1,23,0,0
PAY00698,CUST1556,44894,wallet,bank_decline,8,2,67,1,0,1,1
PAY00699,CUST1839,25135,netbanking,technical_error,21,0,12,1,13,1,1
PAY00700,CUST1373,17816,netbanking,network_timeout,8,6,59,0,23,0,1
PAY00701,CUST2130,22212,upi,expired_card,17,0,86,0,2,0,1
PAY00702,CUST1685,6502,card,authentication_failed,14,5,28,1,8,0,1
PAY00703,CUST0140,1653,card,network_timeout,30,3,76,0,22,0,1
PAY00704,CUST0354,39728,upi,bank_decline,21,2,14,0,8,1,1
PAY00705,CUST1913,43385,card,authentication_failed,14,4,54,1,8,0,1
PAY00706,CUST0304,18272,card,bank_decline,12,5,7,1,8,0,0
PAY00707,CUST1805,4648,wallet,insufficient_balance,19,6,22,1,3,0,1
PAY00708,CUST2215,28362,upi,technical_error,20,1,56,1,3,0,1
PAY00709,CUST0299,4714,netbanking,bank_decline,0,7,19,0,1,1,0
PAY00710,CUST1092,10035,netbanking,bank_decline,18,0,65,1,15,1,1
PAY00711,CUST1655,47794,card,technical_error,7,0,49,1,3,1,1
PAY00712,CUST1366,44784,netbanking,bank_decline,1,1,46,1,2,1,0
PAY00713,CUST1188,42553,upi,insufficient_balance,17,0,49,0,9,1,1
PAY00714,CUST0438,41428,netbanking,bank_decline,2,7,24,0,1,0,0
PAY00715,CUST0104,47268,upi,bank_decline,12,1,69,1,15,1,1
PAY00716,CUST0068,2527,netbanking,network_timeout,10,0,51,0,6,1,1
PAY00717,CUST2778,35264,upi,authentication_failed,18,3,9,0,23,0,0
PAY00718,CUST2003,42949,card,bank_decline,29,0,31,0,0,0,0
PAY00719,CUST2592,3374,netbanking,network_timeout,14,2,75,0,3,0,1
PAY00720,CUST2037,39092,upi,network_timeout,25,3,54,1,23,1,1
PAY00721,CUST1329,8016,upi,expired_card,26,3,5,0,10,0,0
PAY00722,CUST0495,18049,upi,bank_decline,5,5,70,0,14,0,0
PAY00723,CUST2384,2767,upi,network_timeout,25,6,20,0,15,0,1
PAY00724,CUST0027,573,upi,network_timeout,22,4,53,1,22,0,1
PAY00725,CUST0845,9477,netbanking,technical_error,14,6,30,0,19,0,1
PAY00726,CUST2443,11896,wallet,technical_error,30,1,80,1,11,1,1
PAY00727,CUST0019,36650,upi,insufficient_balance,3,8,12,1,17,0,0
PAY00728,CUST1902,41155,upi,expired_card,1,3,14,0,21,1,1
PAY00729,CUST2038,11655,upi,authentication_failed,29,0,6,1,9,0,1
PAY00730,CUST1781,16574,netbanking,technical_error,25,7,5,0,23,0,1
PAY00731,CUST2202,11626,upi,network_timeout,15,8,14,0,7,1,1
PAY00732,CUST2428,38095,netbanking,bank_decline,6,5,29,0,10,0,1
PAY00733,CUST0402,15639,wallet,insufficient_balance,12,3,9,1,18,1,1
PAY00734,CUST0223,28664,upi,insufficient_balance,29,7,22,1,11,0,1
PAY00735,CUST1875,47274,upi,authentication_failed,11,4,25,1,4,0,1
PAY00736,CUST2836,37368,card,expired_card,4,1,59,1,13,0,0
PAY00737,CUST1408,14508,netbanking,technical_error,5,2,73,0,2,1,1
PAY00738,CUST2138,32161,upi,technical_error,15,7,35,0,23,1,0
PAY00739,CUST1011,16341,netbanking,bank_decline,18,3,75,0,18,0,0
PAY00740,CUST1712,2998,card,bank_decline,23,8,4,1,16,1,0
PAY00741,CUST1964,45755,card,bank_decline,15,3,10,0,22,1,0
PAY00742,CUST0893,8797,netbanking,expired_card,7,1,2,1,21,1,1
PAY00743,CUST0663,46191,wallet,technical_error,23,0,58,1,4,1,1
PAY00744,CUST0758,24375,wallet,authentication_failed,20,0,80,0,12,1,1
PAY00745,CUST2175,2243,netbanking,bank_decline,24,4,89,0,21,0,0
PAY00746,CUST2542,22100,card,technical_error,30,5,6,0,12,1,0
PAY00747,CUST1907,40675,card,expired_card,11,2,82,0,17,0,1
PAY00748,CUST0567,22049,upi,technical_error,3,7,74,0,23,0,0
PAY00749,CUST1313,23215,netbanking,technical_error,21,6,35,0,2,1,0
PAY00750,CUST1415,29749,wallet,technical_error,16,1,60,1,14,1,1
PAY00751,CUST2758,45531,card,insufficient_balance,28,7,11,0,12,0,1
PAY00752,CUST1182,5142,card,insufficient_balance,8,1,89,0,15,0,0
PAY00753,CUST0837,34223,card,expired_card,13,8,16,1,11,1,1
PAY00754,CUST1819,48446,card,expired_card,6,1,2,0,16,1,1
PAY00755,CUST1687,38025,netbanking,authentication_failed,20,5,62,1,14,1,1
PAY00756,CUST2324,8747,netbanking,insufficient_balance,25,4,29,1,11,1,0
PAY00757,CUST0194,9821,netbanking,expired_card,14,2,79,0,22,1,1
PAY00758,CUST0747,11592,upi,insufficient_balance,7,1,5,1,18,0,1
PAY00759,CUST1806,17166,netbanking,insufficient_balance,6,8,90,0,21,1,1
PAY00760,CUST1409,9795,netbanking,bank_decline,17,2,68,1,3,0,0
PAY00761,CUST1658,32829,upi,bank_decline,29,5,19,0,23,1,0
PAY00762,CUST2652,46332,netbanking,bank_decline,28,4,73,0,18,1,0
PAY00763,CUST1388,45263,card,authentication_failed,15,0,17,0,9,0,1
PAY00764,CUST1646,40569,upi,bank_decline,11,1,41,0,19,0,0
PAY00765,CUST2390,34600,upi,expired_card,6,0,10,1,21,0,1
PAY00766,CUST2097,25948,upi,bank_decline,10,8,7,1,12,0,0
PAY00767,CUST2933,28125,netbanking,bank_decline,11,0,36,1,11,1,0
PAY00768,CUST1826,36867,card,insufficient_balance,23,7,53,1,9,0,0
PAY00769,CUST2982,27876,wallet,insufficient_balance,26,1,18,0,9,1,1
PAY00770,CUST2152,22081,card,technical_error,24,6,11,0,13,1,0
PAY00771,CUST1698,11561,wallet,authentication_failed,18,2,25,0,12,1,1
PAY00772,CUST2269,32251,card,expired_card,26,4,63,1,7,0,0
PAY00773,CUST0011,10194,netbanking,expired_card,30,7,15,1,13,0,0
PAY00774,CUST2015,45178,upi,network_timeout,3,4,63,0,19,1,1
PAY00775,CUST2381,31589,wallet,expired_card,20,7,88,0,11,0,1
PAY00776,CUST1064,10772,card,insufficient_balance,10,7,88,0,11,0,1
PAY00777,CUST0217,17969,netbanking,bank_decline,20,5,6,1,9,0,1
PAY00778,CUST2105,12801,upi,network_timeout,19,2,69,1,10,1,1
PAY00779,CUST1112,45021,netbanking,network_timeout,17,5,18,0,4,1,1
PAY00780,CUST1528,31878,wallet,expired_card,29,2,13,0,4,0,1
PAY00781,CUST0772,36712,card,bank_decline,14,1,14,0,0,1,0
PAY00782,CUST1427,20519,netbanking,insufficient_balance,26,7,76,1,5,1,1
PAY00783,CUST0118,48888,card,insufficient_balance,4,2,88,0,9,0,1
PAY00784,CUST0860,8633,card,bank_decline,22,1,9,0,15,1,1
PAY00785,CUST0175,12968,card,network_timeout,25,8,75,0,15,0,1
PAY00786,CUST1037,2936,card,expired_card,21,0,12,0,19,0,0
PAY00787,CUST2407,13208,upi,authentication_failed,11,0,11,0,23,1,1
PAY00788,CUST2375,22895,netbanking,insufficient_balance,27,8,78,0,16,0,1
PAY00789,CUST0406,37988,card,technical_error,6,3,36,0,17,0,1
PAY00790,CUST2972,6567,upi,technical_error,27,7,46,0,14,0,0
PAY00791,CUST0741,23353,wallet,bank_decline,6,8,29,1,3,1,0
PAY00792,CUST0507,30633,card,technical_error,4,7,46,1,17,0,0
PAY00793,CUST0337,21603,wallet,network_timeout,12,4,58,1,21,1,1
PAY00794,CUST0926,36401,wallet,expired_card,27,6,24,0,15,1,0
PAY00795,CUST0735,937,wallet,authentication_failed,3,6,56,0,3,0,0
PAY00796,CUST1618,26355,card,authentication_failed,29,2,8,1,6,1,0
PAY00797,CUST0821,39091,wallet,network_timeout,7,6,63,1,22,1,0
PAY00798,CUST2638,26329,netbanking,bank_decline,21,6,62,1,4,1,0
PAY00799,CUST0443,8107,netbanking,bank_decline,15,3,80,0,0,0,1
PAY00800,CUST0217,4571,wallet,authentication_failed,0,2,48,1,4,1,0
PAY00801,CUST2548,40944,card,network_timeout,21,8,63,1,6,1,0
PAY00802,CUST2712,32730,wallet,technical_error,8,8,43,0,1,1,1
PAY00803,CUST0488,25241,wallet,expired_card,27,6,56,1,1,0,1
PAY00804,CUST0725,36581,netbanking,authentication_failed,5,7,55,0,9,1,0
PAY00805,CUST1997,7268,wallet,authentication_failed,17,8,73,1,15,0,1
PAY00806,CUST2076,3752,wallet,expired_card,15,6,78,1,9,1,1
PAY00807,CUST0252,1944,card,insufficient_balance,26,5,44,0,20,1,0
PAY00808,CUST1559,6479,wallet,expired_card,11,6,44,0,21,0,1
PAY00809,CUST1015,15476,netbanking,technical_error,2,1,39,0,10,0,1
PAY00810,CUST0081,35385,netbanking,network_timeout,14,6,72,1,8,0,1
PAY00811,CUST2851,30882,card,expired_card,12,6,41,0,15,0,1
PAY00812,CUST2830,44344,upi,expired_card,15,8,85,1,5,1,1
PAY00813,CUST1489,28673,upi,bank_decline,20,1,68,0,9,1,1
PAY00814,CUST0195,19585,wallet,insufficient_balance,19,1,74,0,18,1,0
PAY00815,CUST1120,4508,wallet,bank_decline,6,5,9,1,16,1,1
PAY00816,CUST1774,43580,netbanking,insufficient_balance,13,6,32,1,21,0,1
PAY00817,CUST0077,41246,upi,technical_error,15,3,84,1,8,1,1
PAY00818,CUST2319,47719,card,technical_error,6,5,59,0,7,0,1
PAY00819,CUST2808,19778,wallet,bank_decline,10,1,81,0,13,1,1
PAY00820,CUST1176,42439,upi,expired_card,21,3,51,0,3,0,1
PAY00821,CUST0787,1915,upi,expired_card,14,7,71,1,13,0,1
PAY00822,CUST0828,10543,netbanking,insufficient_balance,0,4,35,0,20,0,1
PAY00823,CUST2960,31940,card,network_timeout,27,1,40,1,2,1,1
PAY00824,CUST1489,44118,card,bank_decline,30,2,30,0,18,0,1
PAY00825,CUST2138,43630,netbanking,bank_decline,28,1,30,0,10,1,1
PAY00826,CUST2394,48415,wallet,authentication_failed,23,3,54,0,4,0,0
PAY00827,CUST0718,14131,netbanking,bank_decline,13,4,75,0,15,1,0
PAY00828,CUST2866,7503,netbanking,technical_error,13,7,87,0,8,0,1
PAY00829,CUST1487,31244,netbanking,expired_card,0,0,84,0,22,0,0
PAY00830,CUST1037,36323,wallet,expired_card,20,5,87,0,17,0,1
PAY00831,CUST1813,25558,card,bank_decline,29,4,38,0,7,1,0
PAY00832,CUST0862,10600,wallet,authentication_failed,10,6,4,1,2,1,1
PAY00833,CUST1930,48396,wallet,expired_card,22,6,12,0,22,1,0
PAY00834,CUST2074,4449,netbanking,bank_decline,19,8,41,1,22,0,0
PAY00835,CUST0214,42133,upi,authentication_failed,14,2,0,1,6,1,1
PAY00836,CUST1286,37836,card,network_timeout,5,3,66,0,19,1,1
PAY00837,CUST1309,29688,wallet,authentication_failed,4,4,22,1,9,0,0
PAY00838,CUST0346,27264,netbanking,insufficient_balance,12,6,73,0,0,0,1
PAY00839,CUST2288,42508,upi,network_timeout,14,3,33,0,1,1,1
PAY00840,CUST2532,28208,netbanking,insufficient_balance,2,5,21,0,0,1,0
PAY00841,CUST1859,44245,wallet,network_timeout,7,3,24,1,9,1,1
PAY00842,CUST1565,8632,wallet,insufficient_balance,19,3,36,0,13,0,1
PAY00843,CUST1674,9664,card,expired_card,8,3,79,1,7,1,1
PAY00844,CUST2388,44944,wallet,network_timeout,0,7,17,1,22,1,0
PAY00845,CUST2814,14007,wallet,authentication_failed,13,4,9,0,17,0,1
PAY00846,CUST0214,21914,upi,bank_decline,29,5,77,0,0,1,0
PAY00847,CUST2067,40709,wallet,expired_card,12,5,16,0,18,0,1
PAY00848,CUST1067,11232,wallet,expired_card,28,7,16,0,10,1,1
PAY00849,CUST0581,17165,card,expired_card,1,2,63,1,23,1,1
PAY00850,CUST1762,18641,netbanking,technical_error,26,4,66,1,13,0,1
PAY00851,CUST1293,48391,wallet,insufficient_balance,17,7,6,0,4,0,1
PAY00852,CUST0942,12102,card,bank_decline,8,2,90,1,13,0,0
PAY00853,CUST2028,2773,wallet,expired_card,22,8,62,1,15,0,0
PAY00854,CUST2949,9802,card,expired_card,2,3,36,0,5,1,1
PAY00855,CUST2308,43559,upi,technical_error,0,8,73,0,13,0,0
PAY00856,CUST1009,32744,card,expired_card,0,4,87,0,12,1,0
PAY00857,CUST2419,7051,netbanking,insufficient_balance,0,1,58,1,14,1,1
PAY00858,CUST2434,43223,card,expired_card,1,7,41,0,6,0,0
PAY00859,CUST2637,18643,netbanking,network_timeout,23,1,70,1,2,1,1
PAY00860,CUST1046,11766,upi,bank_decline,2,0,26,0,12,1,0
PAY00861,CUST1168,42512,upi,network_timeout,9,7,55,1,21,0,0
PAY00862,CUST1471,43715,card,expired_card,16,3,62,1,12,1,1
PAY00863,CUST1100,37000,wallet,network_timeout,24,6,47,0,13,1,1
PAY00864,CUST0381,2750,netbanking,bank_decline,21,3,82,0,15,0,0
PAY00865,CUST1191,30785,wallet,network_timeout,29,7,38,0,4,1,1
PAY00866,CUST1019,34381,wallet,expired_card,18,0,70,0,1,0,1
PAY00867,CUST2092,27947,wallet,network_timeout,14,4,45,1,18,0,1
PAY00868,CUST2063,1166,card,authentication_failed,21,7,22,0,12,0,0
PAY00869,CUST0342,27379,netbanking,expired_card,18,7,85,1,19,1,1
PAY00870,CUST1399,12367,upi,insufficient_balance,2,4,86,0,13,0,0
PAY00871,CUST0024,25982,card,network_timeout,5,7,58,1,21,1,1
PAY00872,CUST1241,40633,netbanking,authentication_failed,21,6,38,0,4,0,0
PAY00873,CUST0057,12604,card,network_timeout,22,3,3,0,15,0,1
PAY00874,CUST2662,15945,wallet,authentication_failed,27,8,24,0,9,1,0
PAY00875,CUST0607,31163,wallet,network_timeout,3,2,19,1,15,1,1
PAY00876,CUST0081,29559,upi,insufficient_balance,9,6,6,1,0,0,1
PAY00877,CUST2583,46833,wallet,bank_decline,27,7,74,1,1,1,1
PAY00878,CUST1638,31957,wallet,insufficient_balance,22,0,67,0,13,1,1
PAY00879,CUST2267,4262,netbanking,authentication_failed,13,7,14,1,19,1,1
PAY00880,CUST1837,45812,wallet,network_timeout,5,4,24,1,11,1,1
PAY00881,CUST0951,33368,upi,technical_error,29,5,77,1,4,1,1
PAY00882,CUST2962,46721,wallet,bank_decline,26,5,60,0,19,0,1
PAY00883,CUST1157,45365,card,authentication_failed,15,2,22,0,5,1,1
PAY00884,CUST0414,27361,wallet,expired_card,7,3,71,0,0,1,0
PAY00885,CUST1069,23499,upi,insufficient_balance,26,8,4,0,10,1,0
PAY00886,CUST0467,40572,upi,network_timeout,17,3,62,1,10,1,1
PAY00887,CUST0192,36605,netbanking,insufficient_balance,27,8,77,0,22,0,0
PAY00888,CUST1794,30058,card,network_timeout,25,1,71,0,16,0,1
PAY00889,CUST0685,41382,card,insufficient_balance,29,5,20,1,22,1,1
PAY00890,CUST2073,32762,card,insufficient_balance,20,5,42,0,3,0,1
PAY00891,CUST1799,27346,card,insufficient_balance,26,7,43,1,16,0,0
PAY00892,CUST0350,17533,netbanking,authentication_failed,24,6,46,0,4,1,1
PAY00893,CUST0935,9143,wallet,bank_decline,29,6,58,1,0,1,1
PAY00894,CUST0597,751,card,network_timeout,10,5,51,0,13,0,1
PAY00895,CUST1611,49854,card,authentication_failed,29,2,73,0,20,1,1
PAY00896,CUST1718,26445,netbanking,authentication_failed,23,5,44,0,8,0,1
PAY00897,CUST2869,26572,wallet,authentication_failed,6,8,79,1,22,1,0
PAY00898,CUST2658,26609,upi,expired_card,2,0,68,1,12,0,0
PAY00899,CUST2132,35541,netbanking,insufficient_balance,2,8,70,1,16,1,0
PAY00900,CUST2604,10587,card,network_timeout,28,8,75,1,7,1,1
PAY00901,CUST2976,27805,card,authentication_failed,1,5,33,1,3,0,1
PAY00902,CUST2667,8275,wallet,expired_card,18,0,58,1,7,0,1
PAY00903,CUST1435,19708,netbanking,authentication_failed,25,2,48,0,3,1,1
PAY00904,CUST2116,38266,upi,expired_card,14,1,18,1,13,0,1
PAY00905,CUST0378,4175,wallet,insufficient_balance,15,3,57,0,11,1,1
PAY00906,CUST2410,36732,wallet,expired_card,18,7,81,1,14,1,1
PAY00907,CUST2998,27423,upi,insufficient_balance,16,2,62,1,4,0,1
PAY00908,CUST2845,14035,wallet,bank_decline,1,2,71,1,3,1,1
PAY00909,CUST0452,8021,netbanking,technical_error,9,0,66,0,3,1,1
PAY00910,CUST1249,24640,netbanking,expired_card,15,0,18,0,18,1,1
PAY00911,CUST0200,20099,netbanking,insufficient_balance,5,7,0,0,17,1,1
PAY00912,CUST0277,3028,wallet,bank_decline,18,4,72,1,10,1,1
PAY00913,CUST1947,47288,upi,insufficient_balance,16,7,57,1,4,1,0
PAY00914,CUST0366,41044,wallet,bank_decline,7,6,43,0,21,1,0
PAY00915,CUST1137,42430,card,insufficient_balance,22,0,73,1,17,0,1
PAY00916,CUST2638,36757,card,insufficient_balance,30,8,73,0,18,0,1
PAY00917,CUST1950,33040,card,network_timeout,21,8,23,0,8,0,1
PAY00918,CUST1005,46343,wallet,network_timeout,25,8,77,1,12,0,0
PAY00919,CUST2014,1624,netbanking,bank_decline,5,6,3,1,12,1,1
PAY00920,CUST0373,7613,card,technical_error,5,4,18,0,8,0,1
PAY00921,CUST0632,20206,wallet,authentication_failed,5,0,78,1,5,0,0
PAY00922,CUST2922,3933,netbanking,bank_decline,3,5,18,1,10,1,0
PAY00923,CUST1539,8027,card,insufficient_balance,7,3,63,1,3,1,0
PAY00924,CUST0249,20962,wallet,technical_error,13,1,61,0,13,0,1
PAY00925,CUST0077,17739,card,insufficient_balance,24,8,83,0,9,1,1
PAY00926,CUST1827,5599,upi,insufficient_balance,11,8,21,0,17,1,1
PAY00927,CUST2274,29705,card,network_timeout,26,7,79,1,20,0,1
PAY00928,CUST0003,4043,wallet,expired_card,19,4,87,1,11,0,1
PAY00929,CUST2397,33544,netbanking,network_timeout,5,8,72,0,9,0,0
PAY00930,CUST1620,45872,card,insufficient_balance,23,8,35,1,6,1,1
PAY00931,CUST2794,22554,netbanking,authentication_failed,14,4,31,1,10,0,1
PAY00932,CUST1884,39389,netbanking,network_timeout,29,2,82,0,19,1,1
PAY00933,CUST0018,727,upi,bank_decline,17,7,50,0,20,0,1
PAY00934,CUST2207,2128,wallet,authentication_failed,3,5,48,1,12,0,1
PAY00935,CUST2856,652,card,bank_decline,11,3,56,0,7,0,0
PAY00936,CUST1152,44700,netbanking,insufficient_balance,2,4,28,0,15,1,1
PAY00937,CUST0151,18499,wallet,authentication_failed,22,3,0,0,20,1,1
PAY00938,CUST0455,18276,wallet,insufficient_balance,17,3,84,0,2,0,0
PAY00939,CUST0267,8451,netbanking,technical_error,27,3,66,1,6,0,1
PAY00940,CUST2839,44516,netbanking,authentication_failed,17,7,0,1,20,0,0
PAY00941,CUST1324,28447,wallet,expired_card,3,8,59,1,11,0,0
PAY00942,CUST2955,14815,card,expired_card,29,6,68,1,10,0,1
PAY00943,CUST1606,12853,netbanking,network_timeout,28,0,28,1,2,0,1
PAY00944,CUST0807,10879,netbanking,expired_card,2,1,3,1,13,0,0
PAY00945,CUST2428,41145,netbanking,expired_card,7,1,60,0,10,0,1
PAY00946,CUST1367,34157,upi,network_timeout,24,7,12,1,18,0,1
PAY00947,CUST0351,4077,card,bank_decline,10,1,16,0,14,0,1
PAY00948,CUST1235,40125,wallet,network_timeout,3,0,71,0,9,1,0
PAY00949,CUST1646,6380,wallet,insufficient_balance,27,0,58,1,14,1,1
PAY00950,CUST2541,40681,card,expired_card,20,0,58,1,18,0,1
PAY00951,CUST0443,6829,card,technical_error,22,1,75,0,18,0,1
PAY00952,CUST2611,33451,netbanking,expired_card,13,7,79,1,5,0,1
PAY00953,CUST0564,2988,card,insufficient_balance,9,6,65,1,9,0,1
PAY00954,CUST0604,30870,netbanking,technical_error,10,4,47,0,16,0,0
PAY00955,CUST0235,15657,card,bank_decline,11,3,25,0,2,1,0
PAY00956,CUST0776,43868,wallet,authentication_failed,22,7,76,1,18,1,1
PAY00957,CUST2524,19736,wallet,expired_card,5,1,58,0,15,0,1
PAY00958,CUST0016,41962,upi,authentication_failed,7,7,79,0,7,1,0
PAY00959,CUST1358,48601,wallet,insufficient_balance,12,2,0,1,0,0,1
PAY00960,CUST1466,2067,card,insufficient_balance,9,7,24,1,1,0,0
PAY00961,CUST0816,13064,netbanking,insufficient_balance,7,4,22,1,17,0,1
PAY00962,CUST0732,12944,card,insufficient_balance,26,4,12,0,21,0,1
PAY00963,CUST1553,43017,card,expired_card,29,3,39,1,7,1,1
PAY00964,CUST1526,43413,upi,technical_error,25,6,8,0,4,0,1
PAY00965,CUST0777,12662,wallet,authentication_failed,11,5,76,1,20,0,1
PAY00966,CUST0190,40472,upi,technical_error,9,2,41,0,1,1,1
PAY00967,CUST0518,33409,wallet,insufficient_balance,23,1,60,0,5,1,1
PAY00968,CUST2643,49326,netbanking,bank_decline,16,7,22,1,22,1,0
PAY00969,CUST2153,45615,wallet,authentication_failed,30,7,60,1,18,1,0
PAY00970,CUST2614,38371,card,insufficient_balance,7,3,57,0,12,0,1
PAY00971,CUST1254,27954,wallet,technical_error,5,5,32,0,4,0,1
PAY00972,CUST1209,29231,netbanking,insufficient_balance,18,0,59,1,13,1,0
PAY00973,CUST1916,28444,wallet,expired_card,25,7,40,1,12,0,1
PAY00974,CUST0736,29046,upi,expired_card,20,1,45,0,9,0,1
PAY00975,CUST1133,15025,card,network_timeout,2,5,4,0,10,0,1
PAY00976,CUST2766,21677,netbanking,expired_card,23,4,24,0,22,1,1
PAY00977,CUST0035,19726,netbanking,expired_card,25,6,51,0,15,0,0
PAY00978,CUST1629,15014,upi,authentication_failed,23,3,60,0,16,1,1
PAY00979,CUST2960,30338,netbanking,network_timeout,10,3,54,1,6,1,1
PAY00980,CUST1844,36698,card,expired_card,4,2,39,0,15,1,0
PAY00981,CUST1392,14877,wallet,bank_decline,21,6,88,1,10,0,0
PAY00982,CUST2325,2210,upi,insufficient_balance,30,5,72,1,12,0,0
PAY00983,CUST1601,4275,wallet,insufficient_balance,15,1,42,1,20,1,1
PAY00984,CUST0382,11334,card,authentication_failed,17,2,4,1,0,0,1
PAY00985,CUST0816,4654,wallet,expired_card,6,3,37,0,14,0,1
PAY00986,CUST1510,34082,card,insufficient_balance,10,6,50,0,3,0,1
PAY00987,CUST2198,27521,wallet,authentication_failed,2,6,26,0,6,1,0
PAY00988,CUST1771,46609,wallet,insufficient_balance,19,4,75,0,16,1,1
PAY00989,CUST1129,13318,card,insufficient_balance,14,1,51,0,16,1,1
PAY00990,CUST2332,32275,wallet,bank_decline,18,0,11,1,20,1,0
PAY00991,CUST1421,45995,netbanking,bank_decline,19,2,53,0,5,1,0
PAY00992,CUST1876,25309,upi,authentication_failed,18,1,50,0,7,0,1
PAY00993,CUST1122,41262,netbanking,authentication_failed,29,1,89,0,15,1,1
PAY00994,CUST2265,8044,netbanking,network_timeout,24,1,64,1,13,1,1
PAY00995,CUST0676,16665,upi,technical_error,1,7,3,0,20,1,0
PAY00996,CUST1562,22621,wallet,insufficient_balance,12,0,1,1,3,0,1
PAY00997,CUST1340,44028,wallet,bank_decline,14,1,10,0,22,1,0
PAY00998,CUST0575,30953,netbanking,insufficient_balance,5,0,77,0,5,1,1
PAY00999,CUST0509,35139,wallet,insufficient_balance,2,0,86,1,4,1,0
PAY01000,CUST1467,11761,upi,authentication_failed,1,8,27,1,22,0,0
PAY01001,CUST2601,34367,card,bank_decline,22,4,56,0,19,0,0
PAY01002,CUST0200,24832,upi,insufficient_balance,11,3,25,0,0,1,1
PAY01003,CUST0115,1054,netbanking,insufficient_balance,21,1,28,0,21,0,0
PAY01004,CUST2966,11047,card,bank_decline,16,1,41,1,17,0,0
PAY01005,CUST2559,13673,wallet,bank_decline,3,3,27,0,11,1,1
PAY01006,CUST0712,1082,wallet,authentication_failed,10,0,49,0,14,0,1
PAY01007,CUST0271,43220,netbanking,authentication_failed,19,5,5,0,6,1,0
PAY01008,CUST1236,39347,wallet,network_timeout,22,8,72,0,8,0,0
PAY01009,CUST2458,21356,wallet,authentication_failed,29,2,42,0,20,1,1
PAY01010,CUST2730,31696,card,expired_card,0,7,48,0,16,0,0
PAY01011,CUST0953,1490,card,expired_card,7,6,31,0,1,0,0
PAY01012,CUST1535,32784,netbanking,insufficient_balance,4,6,26,0,7,1,1
PAY01013,CUST1347,8899,netbanking,expired_card,20,0,66,1,20,1,0
PAY01014,CUST0098,15108,netbanking,expired_card,7,3,69,0,21,0,0
PAY01015,CUST2816,45731,upi,technical_error,27,6,66,1,5,1,0
PAY01016,CUST2580,496,card,bank_decline,2,3,6,0,6,0,1
PAY01017,CUST0376,11482,upi,insufficient_balance,16,1,54,1,9,0,1
PAY01018,CUST2956,13045,upi,bank_decline,5,3,38,1,18,1,1
PAY01019,CUST2604,13299,netbanking,bank_decline,2,5,50,1,5,1,1
PAY01020,CUST1808,27801,wallet,insufficient_balance,26,7,2,1,13,0,1
PAY01021,CUST1230,39105,upi,technical_error,23,2,32,1,14,1,1
PAY01022,CUST1858,18661,wallet,technical_error,19,7,9,1,4,1,1
PAY01023,CUST0802,10240,upi,network_timeout,0,8,47,1,12,1,0
PAY01024,CUST1617,48740,netbanking,bank_decline,15,4,82,0,13,0,1
PAY01025,CUST0510,25319,upi,insufficient_balance,24,6,32,1,16,1,0
PAY01026,CUST2601,45220,netbanking,authentication_failed,1,6,54,0,7,1,0
PAY01027,CUST0142,23785,card,authentication_failed,21,2,33,1,21,0,0
PAY01028,CUST1042,16314,upi,network_timeout,3,1,82,1,12,0,1
PAY01029,CUST2124,12474,wallet,insufficient_balance,26,6,32,1,16,1,1
PAY01030,CUST2401,20283,wallet,authentication_failed,27,1,13,1,4,1,1
PAY01031,CUST0859,49139,wallet,authentication_failed,9,0,21,1,0,0,1
PAY01032,CUST0287,45733,wallet,technical_error,13,4,55,0,5,1,1
PAY01033,CUST0764,46240,upi,insufficient_balance,15,2,64,0,14,0,1
PAY01034,CUST0761,13268,card,authentication_failed,5,3,33,1,14,0,1
PAY01035,CUST2607,10987,card,expired_card,2,6,15,1,2,1,0
PAY01036,CUST0122,38480,upi,bank_decline,15,1,1,0,8,0,0
PAY01037,CUST2726,38271,card,network_timeout,6,8,0,1,19,1,1
PAY01038,CUST1991,31113,netbanking,technical_error,13,5,47,1,10,0,1
PAY01039,CUST1480,43686,wallet,bank_decline,19,0,45,1,3,0,1
PAY01040,CUST1872,45864,wallet,authentication_failed,26,2,3,0,16,1,1
PAY01041,CUST2865,49346,upi,expired_card,14,7,65,1,21,0,0
PAY01042,CUST0013,41916,netbanking,network_timeout,20,5,5,1,21,1,1
PAY01043,CUST0957,39864,wallet,bank_decline,23,1,44,1,15,0,1
PAY01044,CUST1577,19358,upi,authentication_failed,4,8,73,0,4,1,0
PAY01045,CUST0357,19849,wallet,insufficient_balance,28,7,14,1,21,0,0
PAY01046,CUST0997,13970,upi,authentication_failed,22,1,13,1,22,0,1
PAY01047,CUST0657,21497,wallet,expired_card,7,4,85,1,21,0,1
PAY01048,CUST2726,8996,wallet,network_timeout,25,5,28,0,20,1,1
PAY01049,CUST1545,47118,wallet,authentication_failed,20,8,55,0,7,1,1
PAY01050,CUST0474,19169,card,network_timeout,2,5,75,0,23,0,1
PAY01051,CUST2347,24200,upi,expired_card,30,6,73,0,9,0,1
PAY01052,CUST2417,35201,upi,bank_decline,13,5,46,0,16,0,0
PAY01053,CUST0437,26007,card,technical_error,27,7,40,0,9,0,0
PAY01054,CUST2048,44663,wallet,insufficient_balance,19,4,18,0,19,1,0
PAY01055,CUST1266,33023,card,expired_card,27,7,80,0,15,1,1
PAY01056,CUST2885,24787,card,expired_card,4,3,28,0,5,1,0
PAY01057,CUST2980,25777,netbanking,authentication_failed,29,2,2,1,10,1,1
PAY01058,CUST2777,31126,netbanking,bank_decline,12,1,67,1,9,0,1
PAY01059,CUST2872,36014,wallet,network_timeout,4,5,74,0,22,1,1
PAY01060,CUST1875,43002,upi,technical_error,4,7,89,1,9,0,0
PAY01061,CUST0860,14395,upi,authentication_failed,20,0,46,0,21,0,0
PAY01062,CUST1543,28091,upi,network_timeout,3,5,60,0,1,0,0
PAY01063,CUST2112,42704,netbanking,technical_error,13,2,80,1,7,0,1
PAY01064,CUST0487,15884,wallet,bank_decline,9,2,83,1,22,0,1
PAY01065,CUST1900,42718,wallet,expired_card,20,7,47,0,3,0,0
PAY01066,CUST0339,8098,wallet,authentication_failed,21,8,28,0,18,1,1
PAY01067,CUST1122,45564,card,technical_error,5,6,61,1,9,0,1
PAY01068,CUST0408,21414,card,authentication_failed,29,8,23,1,22,0,1
PAY01069,CUST1613,36541,wallet,network_timeout,16,8,83,0,6,0,1
PAY01070,CUST0741,39362,upi,network_timeout,17,7,40,0,1,0,1
PAY01071,CUST2356,13615,upi,network_timeout,17,4,4,0,3,1,1
PAY01072,CUST1490,35779,upi,bank_decline,30,0,31,1,1,1,1
PAY01073,CUST2700,35102,wallet,insufficient_balance,18,7,88,1,16,1,1
PAY01074,CUST2483,35372,upi,authentication_failed,3,0,30,0,6,0,1
PAY01075,CUST1228,14204,upi,technical_error,17,3,75,1,8,0,0
PAY01076,CUST2987,40883,wallet,network_timeout,17,4,33,1,20,0,1
PAY01077,CUST1639,29988,card,expired_card,21,6,88,0,17,0,0
PAY01078,CUST0290,41359,netbanking,authentication_failed,22,3,47,0,13,0,0
PAY01079,CUST1296,28518,wallet,network_timeout,30,3,9,1,3,0,1
PAY01080,CUST2802,36037,wallet,network_timeout,10,1,46,1,8,0,1
PAY01081,CUST0925,18033,card,network_timeout,12,3,48,0,3,0,0
PAY01082,CUST2157,47831,netbanking,technical_error,26,7,12,1,22,1,1
PAY01083,CUST2260,17863,card,network_timeout,5,5,49,0,11,1,1
PAY01084,CUST1954,38917,upi,expired_card,0,8,19,0,4,1,1
PAY01085,CUST2325,48296,netbanking,network_timeout,29,5,90,0,21,1,0
PAY01086,CUST2895,30101,upi,bank_decline,11,7,64,1,8,1,0
PAY01087,CUST2133,47185,upi,expired_card,20,1,39,1,10,0,1
PAY01088,CUST2600,5308,card,authentication_failed,7,1,21,0,2,1,1
PAY01089,CUST2270,32399,card,bank_decline,21,8,17,1,15,0,1
PAY01090,CUST1661,1010,upi,authentication_failed,0,6,89,1,7,0,0
PAY01091,CUST2488,29502,upi,authentication_failed,29,8,28,0,2,1,1
PAY01092,CUST0547,33764,netbanking,network_timeout,13,7,48,0,11,0,0
PAY01093,CUST1385,44603,upi,technical_error,27,1,37,1,15,1,1
PAY01094,CUST1085,14063,card,authentication_failed,20,6,27,1,20,0,1
PAY01095,CUST1897,40584,wallet,network_timeout,11,0,78,1,10,1,1
PAY01096,CUST1450,7123,card,expired_card,28,2,51,1,0,0,1
PAY01097,CUST1765,32346,upi,network_timeout,16,8,19,1,3,1,1
PAY01098,CUST0029,10299,netbanking,insufficient_balance,15,6,47,1,11,1,1
PAY01099,CUST0747,35255,netbanking,network_timeout,14,7,20,0,11,1,0
PAY01100,CUST0024,23642,upi,network_timeout,6,4,5,0,12,1,1
PAY01101,CUST1357,2171,upi,authentication_failed,6,7,85,1,3,1,0
PAY01102,CUST2004,36152,wallet,authentication_failed,22,2,41,1,16,1,0
PAY01103,CUST0539,7291,card,network_timeout,4,2,44,0,21,0,0
PAY01104,CUST0214,44553,netbanking,bank_decline,19,0,55,1,9,1,0
PAY01105,CUST1991,5514,wallet,insufficient_balance,19,2,65,0,7,1,0
PAY01106,CUST0472,17370,upi,authentication_failed,26,6,25,1,22,0,1
PAY01107,CUST2872,47971,upi,insufficient_balance,27,2,29,0,4,1,1
PAY01108,CUST0158,18047,upi,insufficient_balance,13,0,78,0,2,0,1
PAY01109,CUST1558,26792,netbanking,authentication_failed,20,3,28,1,13,1,0
PAY01110,CUST0252,33514,wallet,authentication_failed,1,4,14,1,11,1,1
PAY01111,CUST1438,46734,wallet,insufficient_balance,10,0,23,0,0,0,1
PAY01112,CUST2706,48908,netbanking,insufficient_balance,9,7,35,0,13,0,0
PAY01113,CUST1034,32296,netbanking,expired_card,9,1,12,0,21,0,1
PAY01114,CUST1357,23730,netbanking,authentication_failed,24,8,77,1,7,1,0
PAY01115,CUST0861,38394,wallet,network_timeout,28,1,16,0,1,0,1
PAY01116,CUST0791,46280,wallet,network_timeout,2,8,79,1,9,1,0
PAY01117,CUST0828,35067,upi,network_timeout,4,3,53,1,17,1,1
PAY01118,CUST1500,29491,card,bank_decline,2,7,53,0,5,1,1
PAY01119,CUST2854,8549,netbanking,network_timeout,30,0,88,0,23,1,1
PAY01120,CUST2028,44972,card,insufficient_balance,14,8,49,1,12,1,1
PAY01121,CUST0848,12162,card,insufficient_balance,18,3,75,0,16,1,0
PAY01122,CUST2064,46483,netbanking,expired_card,27,3,37,1,17,0,0
PAY01123,CUST0701,14775,card,technical_error,7,4,5,0,8,0,0
PAY01124,CUST1108,3476,upi,insufficient_balance,17,1,0,1,20,1,1
PAY01125,CUST1330,5555,netbanking,authentication_failed,4,6,78,1,10,0,1
PAY01126,CUST2564,782,netbanking,insufficient_balance,23,4,22,1,0,0,1
PAY01127,CUST2960,48974,wallet,authentication_failed,8,8,26,1,7,1,0
PAY01128,CUST1101,13464,wallet,insufficient_balance,14,3,55,1,4,1,1
PAY01129,CUST0384,32603,upi,bank_decline,5,2,24,1,23,0,1
PAY01130,CUST2653,18584,card,expired_card,5,2,50,0,2,0,1
PAY01131,CUST0296,28044,upi,bank_decline,29,6,12,0,23,0,1
PAY01132,CUST2472,6635,wallet,bank_decline,0,1,1,0,4,0,0
PAY01133,CUST0343,17641,upi,authentication_failed,19,0,1,0,17,1,1
PAY01134,CUST2898,5668,upi,insufficient_balance,15,7,20,1,10,1,1
PAY01135,CUST0633,16078,card,technical_error,22,4,80,0,0,0,1
PAY01136,CUST0422,35793,netbanking,network_timeout,16,6,18,0,7,0,1
PAY01137,CUST0929,28092,wallet,insufficient_balance,11,4,28,1,21,0,0
PAY01138,CUST2015,11212,card,insufficient_balance,3,4,45,0,19,1,1
PAY01139,CUST0485,23725,card,network_timeout,19,2,22,1,16,1,1
PAY01140,CUST2457,11985,wallet,insufficient_balance,28,4,79,1,11,0,1
PAY01141,CUST1111,32818,netbanking,expired_card,25,1,0,0,20,0,0
PAY01142,CUST1312,9784,wallet,bank_decline,23,7,8,0,18,1,0
PAY01143,CUST2977,18350,upi,network_timeout,10,2,23,1,11,1,1
PAY01144,CUST2025,27876,wallet,authentication_failed,13,5,17,0,12,1,1
PAY01145,CUST2251,32678,wallet,technical_error,17,3,49,0,18,1,1
PAY01146,CUST2159,37971,upi,authentication_failed,2,3,46,0,6,0,1
PAY01147,CUST1485,36693,wallet,insufficient_balance,29,1,7,1,11,0,1
PAY01148,CUST1208,30272,upi,technical_error,29,6,31,0,7,0,0
PAY01149,CUST0565,7783,upi,bank_decline,23,0,89,1,11,0,0
PAY01150,CUST2873,7047,card,bank_decline,26,2,3,0,11,0,0
PAY01151,CUST0324,16159,card,network_timeout,18,6,19,0,15,0,0
PAY01152,CUST2161,45881,netbanking,bank_decline,13,5,56,0,9,0,1
PAY01153,CUST0639,4032,card,technical_error,24,2,64,0,0,1,1
PAY01154,CUST1736,44658,wallet,technical_error,22,4,73,1,22,0,1
PAY01155,CUST1736,10376,netbanking,network_timeout,16,6,16,0,12,0,0
PAY01156,CUST0897,25809,upi,authentication_failed,17,1,88,1,15,1,1
PAY01157,CUST2674,42166,wallet,bank_decline,5,0,47,1,6,1,1
PAY01158,CUST0445,6941,card,expired_card,19,5,3,0,9,0,0
PAY01159,CUST2219,7077,card,insufficient_balance,19,0,39,0,17,0,0
PAY01160,CUST2615,2221,upi,expired_card,2,0,72,1,1,0,1
PAY01161,CUST1289,6208,netbanking,network_timeout,11,4,50,0,10,1,0
PAY01162,CUST2973,23420,upi,authentication_failed,21,1,42,1,23,0,1
PAY01163,CUST2057,9942,card,technical_error,25,6,61,0,9,0,1
PAY01164,CUST0621,44820,wallet,network_timeout,28,1,29,0,21,0,1
PAY01165,CUST2944,10654,netbanking,bank_decline,25,2,43,1,11,1,1
PAY01166,CUST0164,46811,wallet,insufficient_balance,6,1,19,1,3,0,1
PAY01167,CUST0585,20386,card,bank_decline,3,7,40,0,9,0,0
PAY01168,CUST0280,18457,netbanking,expired_card,2,1,22,1,8,1,1
PAY01169,CUST1049,29069,upi,network_timeout,18,7,5,1,9,1,1
PAY01170,CUST1676,40711,upi,bank_decline,11,8,79,1,11,0,0
PAY01171,CUST2795,27179,wallet,expired_card,28,0,79,0,23,0,1
PAY01172,CUST2867,36852,card,insufficient_balance,27,1,37,1,5,1,0
PAY01173,CUST0299,14717,wallet,bank_decline,21,1,44,1,14,1,1
PAY01174,CUST0447,5724,upi,authentication_failed,3,6,55,0,12,1,0
PAY01175,CUST0265,20893,netbanking,technical_error,15,3,89,1,3,1,1
PAY01176,CUST1862,2608,upi,bank_decline,4,3,40,0,19,1,0
PAY01177,CUST0256,23790,wallet,bank_decline,6,0,27,0,21,1,0
PAY01178,CUST1106,16619,upi,network_timeout,4,1,35,1,2,1,1
PAY01179,CUST2918,29684,wallet,technical_error,6,4,23,0,2,1,0
PAY01180,CUST1401,49460,netbanking,insufficient_balance,6,5,53,1,15,0,1
PAY01181,CUST2854,28725,netbanking,authentication_failed,18,6,1,0,2,0,1
PAY01182,CUST1327,43620,netbanking,network_timeout,4,7,18,1,10,0,1
PAY01183,CUST2761,26732,netbanking,technical_error,23,0,57,0,20,1,1
PAY01184,CUST2618,38004,card,network_timeout,6,3,53,0,19,1,0
PAY01185,CUST0886,22912,upi,insufficient_balance,21,0,47,1,0,1,1
PAY01186,CUST1258,33004,card,authentication_failed,15,7,52,1,11,1,0
PAY01187,CUST2222,28008,netbanking,network_timeout,29,2,58,1,11,0,1
PAY01188,CUST2265,39086,upi,technical_error,13,6,36,1,20,1,1
PAY01189,CUST2876,40756,card,network_timeout,25,1,11,0,19,1,1
PAY01190,CUST0425,32632,card,authentication_failed,14,8,74,0,21,1,1
PAY01191,CUST1723,13985,upi,bank_decline,17,6,14,0,15,0,0
PAY01192,CUST1437,30505,wallet,authentication_failed,22,6,0,1,7,1,0
PAY01193,CUST1097,43267,netbanking,expired_card,26,6,86,0,0,1,0
PAY01194,CUST0134,1117,card,insufficient_balance,25,5,66,1,10,0,1
PAY01195,CUST2344,28281,upi,technical_error,12,3,78,1,1,1,1
PAY01196,CUST0528,41798,wallet,authentication_failed,5,6,40,0,13,0,1
PAY01197,CUST0408,46632,upi,technical_error,3,6,80,1,17,0,0
PAY01198,CUST1321,13453,card,network_timeout,0,6,1,0,0,0,1
PAY01199,CUST2343,25161,card,authentication_failed,23,2,58,1,5,0,1
PAY01200,CUST2673,14632,netbanking,insufficient_balance,17,3,48,1,21,0,1
PAY01201,CUST1127,5537,upi,authentication_failed,0,1,14,1,19,0,0
PAY01202,CUST0439,9395,netbanking,expired_card,28,2,11,0,15,1,1
PAY01203,CUST0852,25711,card,bank_decline,25,0,52,0,15,0,1
PAY01204,CUST0862,45145,wallet,bank_decline,28,5,81,1,5,0,1
PAY01205,CUST1224,764,upi,authentication_failed,18,0,15,1,11,1,1
PAY01206,CUST2515,39421,card,insufficient_balance,16,4,15,0,19,0,0
PAY01207,CUST2196,1609,upi,insufficient_balance,27,5,14,0,0,1,1
PAY01208,CUST0568,14502,card,authentication_failed,22,2,34,1,15,0,1
PAY01209,CUST0377,22942,netbanking,bank_decline,23,7,55,1,6,1,0
PAY01210,CUST0709,13068,netbanking,bank_decline,3,4,21,0,23,1,1
PAY01211,CUST1776,29339,wallet,technical_error,23,4,40,0,19,1,1
PAY01212,CUST1759,13188,netbanking,expired_card,28,1,57,0,1,1,1
PAY01213,CUST2404,26957,netbanking,technical_error,26,8,45,1,0,0,1
PAY01214,CUST0737,21247,wallet,insufficient_balance,11,3,9,0,21,1,0
PAY01215,CUST1524,9605,netbanking,network_timeout,0,5,88,0,22,1,0
PAY01216,CUST0876,30598,netbanking,insufficient_balance,17,1,49,1,19,0,1
PAY01217,CUST2160,14351,card,technical_error,8,1,73,1,21,1,1
PAY01218,CUST1302,21079,upi,insufficient_balance,1,7,63,0,8,1,1
PAY01219,CUST0489,8232,wallet,insufficient_balance,19,5,75,1,7,0,1
PAY01220,CUST1168,1268,card,bank_decline,9,2,51,0,17,0,1
PAY01221,CUST1382,42356,card,network_timeout,15,1,53,1,8,1,0
PAY01222,CUST1417,26336,card,technical_error,24,5,63,0,12,1,1
PAY01223,CUST2853,29891,wallet,authentication_failed,30,1,47,0,0,0,1
PAY01224,CUST0196,781,upi,network_timeout,10,6,28,0,2,0,0
PAY01225,CUST2966,24274,card,authentication_failed,27,0,33,0,3,0,1
PAY01226,CUST1247,5017,netbanking,expired_card,22,6,34,0,4,1,1
PAY01227,CUST0492,8376,netbanking,insufficient_balance,24,6,81,1,21,0,1
PAY01228,CUST2138,34676,upi,technical_error,15,7,35,1,23,1,1
PAY01229,CUST0926,6116,netbanking,expired_card,22,1,45,0,21,0,0
PAY01230,CUST2847,5212,card,bank_decline,1,3,1,0,14,1,0
PAY01231,CUST0770,32058,card,expired_card,6,8,65,1,9,1,1
PAY01232,CUST2685,10192,card,insufficient_balance,7,5,49,1,19,0,1
PAY01233,CUST1640,12417,card,expired_card,13,2,87,1,18,0,1
PAY01234,CUST0604,30309,card,authentication_failed,3,3,2,1,5,1,1
PAY01235,CUST0118,31310,wallet,expired_card,8,1,70,0,11,1,0
PAY01236,CUST0869,9971,wallet,technical_error,13,8,42,0,14,1,1
PAY01237,CUST1515,6510,card,authentication_failed,12,6,24,1,6,1,0
PAY01238,CUST0724,39031,netbanking,technical_error,19,7,66,1,3,0,1
PAY01239,CUST2648,16414,card,insufficient_balance,3,0,4,1,7,0,0
PAY01240,CUST2180,6721,netbanking,insufficient_balance,28,6,50,1,3,0,1
PAY01241,CUST2834,17681,wallet,insufficient_balance,5,3,44,1,22,1,0
PAY01242,CUST0013,6276,upi,technical_error,29,7,39,0,5,1,0
PAY01243,CUST2792,4651,upi,insufficient_balance,10,7,18,0,21,1,0
PAY01244,CUST1753,21992,card,insufficient_balance,8,1,21,0,19,1,0
PAY01245,CUST1941,38317,card,bank_decline,27,3,60,0,1,0,1
PAY01246,CUST2324,44667,netbanking,insufficient_balance,16,8,21,0,3,0,0
PAY01247,CUST1248,48346,netbanking,bank_decline,15,5,69,1,21,1,1
PAY01248,CUST1039,23974,wallet,network_timeout,26,5,38,1,16,1,1
PAY01249,CUST0462,17790,card,insufficient_balance,13,3,84,0,11,1,0
PAY01250,CUST0127,16114,wallet,expired_card,6,1,24,1,20,0,1
PAY01251,CUST1122,41183,wallet,technical_error,5,4,86,1,10,1,0
PAY01252,CUST2414,27447,netbanking,expired_card,6,0,74,1,19,0,1
PAY01253,CUST1776,29920,netbanking,expired_card,3,0,63,0,14,0,1
PAY01254,CUST2143,19091,upi,expired_card,15,4,8,1,0,1,1
PAY01255,CUST0168,14342,netbanking,technical_error,3,0,62,1,0,1,1
PAY01256,CUST1443,43370,card,network_timeout,8,2,44,1,16,0,1
PAY01257,CUST0353,46840,netbanking,insufficient_balance,23,3,55,0,9,0,1
PAY01258,CUST0132,31110,netbanking,insufficient_balance,25,6,54,1,3,1,1
PAY01259,CUST1238,39227,netbanking,insufficient_balance,18,6,86,1,18,0,1
PAY01260,CUST2799,13174,netbanking,insufficient_balance,13,8,25,1,9,0,1
PAY01261,CUST1218,37236,wallet,technical_error,5,6,55,0,4,1,1
PAY01262,CUST2844,20629,netbanking,bank_decline,11,6,59,1,13,1,1
PAY01263,CUST0114,36728,card,bank_decline,2,2,78,1,7,1,1
PAY01264,CUST0522,40790,netbanking,network_timeout,24,6,16,1,21,0,1
PAY01265,CUST1896,34048,wallet,network_timeout,2,0,34,0,10,0,1
PAY01266,CUST1191,37156,wallet,authentication_failed,10,0,15,0,22,0,1
PAY01267,CUST2115,9547,wallet,insufficient_balance,7,2,38,1,23,0,1
PAY01268,CUST1987,40972,upi,network_timeout,2,0,19,0,16,0,1
PAY01269,CUST1013,13488,card,bank_decline,0,8,56,1,1,0,0
PAY01270,CUST1229,26613,wallet,insufficient_balance,26,3,69,1,19,1,1
PAY01271,CUST2696,40546,card,bank_decline,4,0,23,0,23,0,1
PAY01272,CUST0700,33622,upi,bank_decline,15,4,37,0,18,1,1
PAY01273,CUST1505,43858,netbanking,bank_decline,12,1,59,1,13,0,0
PAY01274,CUST0115,18674,wallet,network_timeout,18,6,1,1,1,1,1
PAY01275,CUST0175,23347,upi,bank_decline,28,7,35,0,5,1,0
PAY01276,CUST2051,33078,upi,expired_card,28,8,49,0,5,0,0
PAY01277,CUST1442,43087,netbanking,bank_decline,22,2,35,1,12,0,1
PAY01278,CUST2643,31802,wallet,bank_decline,19,2,73,1,4,1,0
PAY01279,CUST2412,38158,netbanking,technical_error,19,6,8,0,0,0,1
PAY01280,CUST0950,6426,card,bank_decline,29,7,41,0,23,0,0
PAY01281,CUST0432,11503,wallet,bank_decline,29,1,7,1,3,0,1
PAY01282,CUST0299,29036,netbanking,technical_error,20,0,22,1,3,1,1
PAY01283,CUST1547,8830,upi,insufficient_balance,8,7,56,1,7,0,0
PAY01284,CUST0664,28546,upi,network_timeout,18,0,80,0,6,0,1
PAY01285,CUST0576,443,netbanking,bank_decline,18,8,9,1,5,1,0
PAY01286,CUST0779,13697,wallet,technical_error,11,5,79,0,2,1,1
PAY01287,CUST1752,41090,wallet,network_timeout,18,1,16,1,3,0,1
PAY01288,CUST2043,15210,card,technical_error,17,5,2,0,9,1,1
PAY01289,CUST1600,46189,netbanking,network_timeout,27,2,36,0,17,0,1
PAY01290,CUST2121,40158,netbanking,bank_decline,19,0,69,0,18,1,1
PAY01291,CUST1078,42910,card,network_timeout,10,6,33,0,10,0,1
PAY01292,CUST0571,13484,netbanking,authentication_failed,29,0,30,1,2,0,1
PAY01293,CUST1417,4737,wallet,technical_error,23,1,70,1,4,1,1
PAY01294,CUST2963,2835,card,network_timeout,15,8,28,1,13,1,1
PAY01295,CUST1243,15026,card,network_timeout,0,3,68,1,21,0,0
PAY01296,CUST2264,31699,card,bank_decline,24,6,89,0,13,1,0
PAY01297,CUST2251,9128,card,bank_decline,3,5,45,0,10,1,0
PAY01298,CUST0238,15708,upi,network_timeout,18,0,29,1,23,0,1
PAY01299,CUST0062,47274,upi,network_timeout,2,0,16,1,5,1,1
PAY01300,CUST0180,20686,netbanking,technical_error,20,3,37,0,19,1,1
PAY01301,CUST1961,43195,card,authentication_failed,2,1,32,0,15,1,1
PAY01302,CUST0903,29167,netbanking,expired_card,24,8,37,0,16,1,1
PAY01303,CUST1307,45829,card,network_timeout,11,6,90,1,8,0,1
PAY01304,CUST0834,9087,upi,expired_card,23,8,26,0,11,0,0
PAY01305,CUST0147,15507,wallet,authentication_failed,24,7,14,0,15,0,1
PAY01306,CUST1108,18316,wallet,expired_card,26,1,7,1,19,1,0
PAY01307,CUST2029,1335,wallet,bank_decline,14,0,28,0,12,0,0
PAY01308,CUST2704,28351,card,authentication_failed,9,0,69,1,0,1,0
PAY01309,CUST1076,49469,upi,network_timeout,10,6,54,0,3,1,1
PAY01310,CUST2955,44531,netbanking,technical_error,14,6,73,1,5,1,0
PAY01311,CUST1915,48965,upi,insufficient_balance,29,0,35,1,2,0,1
PAY01312,CUST2224,19487,netbanking,technical_error,12,0,78,1,11,1,1
PAY01313,CUST2701,16517,card,network_timeout,9,5,33,0,14,1,1
PAY01314,CUST0071,28929,card,bank_decline,1,5,61,0,13,0,1
PAY01315,CUST2374,5313,netbanking,technical_error,17,5,8,1,5,1,1
PAY01316,CUST1132,17109,wallet,insufficient_balance,7,2,18,0,7,0,1
PAY01317,CUST2682,2623,upi,authentication_failed,16,7,74,1,1,0,1
PAY01318,CUST0250,46928,netbanking,expired_card,0,5,69,0,19,0,1
PAY01319,CUST1433,7254,card,technical_error,14,1,65,0,7,0,1
PAY01320,CUST1335,37479,netbanking,authentication_failed,13,1,82,1,9,0,1
PAY01321,CUST0102,21500,netbanking,expired_card,13,5,60,1,19,0,1
PAY01322,CUST0657,24237,card,expired_card,29,2,75,0,3,0,1
PAY01323,CUST1283,33575,netbanking,insufficient_balance,12,0,84,0,12,0,0
PAY01324,CUST0317,14818,wallet,technical_error,23,1,67,0,19,1,1
PAY01325,CUST2701,34470,wallet,expired_card,8,3,73,1,7,1,0
PAY01326,CUST0996,23821,upi,bank_decline,10,1,88,0,14,1,1
PAY01327,CUST1483,5322,netbanking,technical_error,16,1,46,1,19,0,1
PAY01328,CUST1839,27549,upi,technical_error,26,2,68,0,13,0,1
PAY01329,CUST2481,17157,netbanking,expired_card,10,1,10,1,13,0,1
PAY01330,CUST2360,32487,upi,insufficient_balance,28,7,1,0,3,1,1
PAY01331,CUST1079,36444,wallet,authentication_failed,3,2,4,1,0,0,1
PAY01332,CUST0300,8775,wallet,bank_decline,11,2,51,0,22,1,0
PAY01333,CUST0488,22173,netbanking,technical_error,19,1,5,0,23,1,1
PAY01334,CUST1839,26896,wallet,authentication_failed,26,6,37,1,22,0,0
PAY01335,CUST0752,47528,card,insufficient_balance,28,0,75,1,21,1,0
PAY01336,CUST1554,21100,wallet,insufficient_balance,16,4,12,0,9,1,1
PAY01337,CUST1398,3264,wallet,expired_card,10,6,40,0,4,0,0
PAY01338,CUST2995,13907,wallet,technical_error,8,5,12,1,9,0,1
PAY01339,CUST0486,18964,netbanking,bank_decline,14,3,21,1,8,0,1
PAY01340,CUST0949,43775,netbanking,insufficient_balance,3,3,70,0,0,0,1
PAY01341,CUST2212,35352,upi,network_timeout,15,0,47,0,9,1,1
PAY01342,CUST2999,29252,upi,bank_decline,9,1,90,0,14,1,1
PAY01343,CUST2021,17339,card,insufficient_balance,8,1,45,0,23,0,0
PAY01344,CUST2980,4972,netbanking,insufficient_balance,16,5,35,1,20,0,1
PAY01345,CUST2896,45184,netbanking,network_timeout,13,1,90,1,6,0,1
PAY01346,CUST2599,41209,card,insufficient_balance,4,6,28,0,8,1,0
PAY01347,CUST0621,31852,upi,authentication_failed,15,4,16,0,20,0,1
PAY01348,CUST2115,47501,upi,network_timeout,13,1,62,0,22,0,1
PAY01349,CUST0159,27504,netbanking,technical_error,12,3,81,1,15,0,0
PAY01350,CUST1230,15297,netbanking,authentication_failed,15,7,80,1,19,1,1
PAY01351,CUST2226,31620,netbanking,network_timeout,7,1,36,1,14,1,1
PAY01352,CUST1014,43512,wallet,network_timeout,5,7,40,0,11,1,0
PAY01353,CUST2887,8492,wallet,bank_decline,19,6,87,0,0,1,0
PAY01354,CUST1098,33358,upi,bank_decline,1,8,41,1,21,1,0
PAY01355,CUST1685,25749,wallet,bank_decline,12,4,6,1,15,0,1
PAY01356,CUST1392,41798,card,expired_card,14,6,28,0,17,0,1
PAY01357,CUST2562,7329,netbanking,insufficient_balance,19,8,2,0,12,0,0
PAY01358,CUST2887,21942,netbanking,technical_error,2,0,66,0,11,0,1
PAY01359,CUST0644,35207,wallet,authentication_failed,7,4,20,1,10,1,1
PAY01360,CUST0884,36338,upi,network_timeout,1,0,67,0,16,1,1
PAY01361,CUST1987,2871,upi,expired_card,9,0,29,0,1,1,0
PAY01362,CUST0507,24863,wallet,insufficient_balance,26,4,10,0,2,1,1
PAY01363,CUST0083,1066,upi,network_timeout,23,6,24,1,10,1,1
PAY01364,CUST2099,48824,card,expired_card,8,7,25,0,8,1,0
PAY01365,CUST1543,19186,wallet,network_timeout,7,6,71,1,15,1,0
PAY01366,CUST2879,35044,upi,bank_decline,0,7,50,1,17,0,0
PAY01367,CUST1853,14784,card,bank_decline,24,3,57,1,15,0,0
PAY01368,CUST2633,20456,netbanking,insufficient_balance,25,1,12,0,6,1,0
PAY01369,CUST2431,16481,card,insufficient_balance,12,7,66,0,1,1,1
PAY01370,CUST1033,27091,netbanking,authentication_failed,10,2,4,1,22,1,1
PAY01371,CUST0023,17673,upi,technical_error,25,7,69,1,10,0,0
PAY01372,CUST1319,30336,wallet,technical_error,17,1,13,1,22,0,1
PAY01373,CUST1539,8441,card,insufficient_balance,16,1,21,0,14,0,0
PAY01374,CUST0160,27899,wallet,insufficient_balance,20,8,62,0,23,1,1
PAY01375,CUST1636,706,netbanking,network_timeout,13,4,86,1,16,1,1
PAY01376,CUST2520,24455,upi,insufficient_balance,9,8,87,0,19,1,1
PAY01377,CUST2128,39717,netbanking,bank_decline,14,3,42,0,5,1,0
PAY01378,CUST0041,20920,wallet,insufficient_balance,4,7,8,0,9,0,0
PAY01379,CUST0817,45584,card,technical_error,14,5,12,0,19,1,1
PAY01380,CUST2435,10353,card,expired_card,20,8,28,1,20,0,1
PAY01381,CUST0790,18094,netbanking,bank_decline,18,4,47,1,8,0,1
PAY01382,CUST0318,38939,upi,network_timeout,23,3,35,0,8,0,1
PAY01383,CUST0519,34330,wallet,expired_card,18,4,78,1,6,0,0
PAY01384,CUST0011,15293,upi,network_timeout,29,2,18,0,15,0,1
PAY01385,CUST1325,5197,card,insufficient_balance,16,7,54,1,10,1,0
PAY01386,CUST2050,49907,card,insufficient_balance,17,6,48,1,22,1,1
PAY01387,CUST1455,20531,netbanking,technical_error,2,3,21,1,22,0,0
PAY01388,CUST1791,36832,wallet,bank_decline,22,4,87,0,17,1,0
PAY01389,CUST2671,22918,upi,network_timeout,27,5,59,1,23,1,0
PAY01390,CUST0876,40534,upi,bank_decline,11,2,1,0,14,1,1
PAY01391,CUST2155,12872,card,technical_error,9,5,12,1,8,0,1
PAY01392,CUST2486,17993,card,authentication_failed,8,7,50,0,22,1,0
PAY01393,CUST1124,41077,card,technical_error,26,0,60,1,15,0,1
PAY01394,CUST1940,49247,card,network_timeout,11,0,78,0,22,0,1
PAY01395,CUST0540,5527,wallet,network_timeout,1,7,81,0,10,0,0
PAY01396,CUST2229,18284,upi,authentication_failed,19,0,42,1,22,0,1
PAY01397,CUST2404,47425,netbanking,technical_error,0,6,53,0,2,0,0
PAY01398,CUST2055,9767,netbanking,network_timeout,5,7,5,1,19,0,1
PAY01399,CUST2821,33226,wallet,insufficient_balance,20,0,39,1,17,1,1
PAY01400,CUST0483,22477,wallet,technical_error,26,1,72,1,2,0,1
PAY01401,CUST0371,12060,card,insufficient_balance,10,0,21,0,6,1,1
PAY01402,CUST1886,5426,upi,expired_card,26,3,16,1,1,1,1
PAY01403,CUST2892,18913,upi,expired_card,4,5,52,0,6,1,0
PAY01404,CUST0817,11707,netbanking,expired_card,22,7,33,0,15,1,1
PAY01405,CUST2371,23929,netbanking,authentication_failed,16,7,80,0,1,1,1
PAY01406,CUST0638,35355,upi,authentication_failed,13,5,82,1,6,1,1
PAY01407,CUST2866,33114,netbanking,network_timeout,16,3,33,0,14,1,0
PAY01408,CUST0129,7656,upi,bank_decline,4,7,75,1,11,1,1
PAY01409,CUST2697,38660,card,expired_card,22,1,80,1,0,0,1
PAY01410,CUST1727,31262,netbanking,expired_card,20,1,23,1,9,0,0
PAY01411,CUST1913,35933,upi,network_timeout,14,7,75,1,23,1,1
PAY01412,CUST1940,16063,netbanking,authentication_failed,11,5,61,1,9,0,1
PAY01413,CUST0960,33324,card,bank_decline,13,4,73,1,18,0,1
PAY01414,CUST0672,33667,upi,expired_card,28,8,25,0,4,1,0
PAY01415,CUST0221,6024,netbanking,insufficient_balance,25,5,58,1,5,1,1
PAY01416,CUST0004,43262,upi,insufficient_balance,28,2,38,1,2,0,0
PAY01417,CUST0968,13424,wallet,network_timeout,23,3,19,1,0,1,1
PAY01418,CUST0653,22691,card,bank_decline,17,6,89,0,15,1,0
PAY01419,CUST1899,46383,upi,network_timeout,12,2,40,0,12,1,1
PAY01420,CUST1160,44320,wallet,technical_error,12,8,9,1,15,0,0
PAY01421,CUST0909,39980,upi,insufficient_balance,11,5,43,0,19,1,1
PAY01422,CUST0317,42408,upi,insufficient_balance,15,3,5,0,9,1,1
PAY01423,CUST0381,22355,wallet,authentication_failed,5,6,19,1,9,1,0
PAY01424,CUST2766,31600,card,expired_card,30,6,22,0,12,0,0
PAY01425,CUST1905,5515,netbanking,authentication_failed,23,1,83,1,0,0,0
PAY01426,CUST1307,8537,wallet,authentication_failed,14,0,62,1,13,0,0
PAY01427,CUST1241,27951,netbanking,authentication_failed,20,1,77,1,16,1,1
PAY01428,CUST1940,46763,netbanking,technical_error,11,1,22,1,17,1,0
PAY01429,CUST2764,5343,upi,network_timeout,10,4,25,1,13,0,1
PAY01430,CUST1904,18562,card,network_timeout,27,7,58,1,1,1,0
PAY01431,CUST1034,27998,netbanking,authentication_failed,9,0,69,1,5,1,1
PAY01432,CUST1462,27432,card,bank_decline,10,4,81,0,19,0,0
PAY01433,CUST1464,48066,card,technical_error,23,6,31,0,2,0,1
PAY01434,CUST0517,47730,upi,authentication_failed,15,6,35,1,14,0,0
PAY01435,CUST2145,37394,wallet,network_timeout,2,5,47,0,4,0,1
PAY01436,CUST1565,33695,card,expired_card,29,4,54,1,0,0,1
PAY01437,CUST1053,47390,card,bank_decline,30,1,24,1,9,0,1
PAY01438,CUST2844,3300,netbanking,technical_error,15,3,55,1,23,0,1
PAY01439,CUST1134,32970,card,technical_error,12,2,86,1,8,0,1
PAY01440,CUST1668,13674,card,bank_decline,21,2,35,1,14,1,1
PAY01441,CUST0398,14604,upi,network_timeout,22,5,28,0,19,1,0
PAY01442,CUST2983,46763,wallet,technical_error,13,5,69,1,15,0,1
PAY01443,CUST1405,22421,netbanking,expired_card,26,7,19,1,23,1,1
PAY01444,CUST0863,34980,upi,authentication_failed,12,4,51,0,21,0,1
PAY01445,CUST2587,31985,netbanking,network_timeout,6,8,47,1,9,1,0
PAY01446,CUST1850,44304,wallet,network_timeout,4,2,79,1,18,1,1
PAY01447,CUST1702,1634,netbanking,technical_error,23,7,30,1,17,0,0
PAY01448,CUST1551,39888,card,network_timeout,12,3,27,0,18,1,0
PAY01449,CUST0732,10527,wallet,technical_error,13,5,27,1,19,1,0
PAY01450,CUST1309,23901,card,authentication_failed,28,5,64,1,7,1,1
PAY01451,CUST2027,49699,wallet,expired_card,26,7,20,0,12,1,0
PAY01452,CUST0014,35008,netbanking,bank_decline,20,2,87,0,12,1,0
PAY01453,CUST1714,26989,upi,authentication_failed,0,3,17,0,19,1,1
PAY01454,CUST0094,21400,upi,insufficient_balance,18,7,87,0,11,0,0
PAY01455,CUST2464,42968,wallet,technical_error,16,3,20,1,11,0,1
PAY01456,CUST0718,31044,upi,expired_card,4,4,8,0,6,1,1
PAY01457,CUST1881,16159,wallet,insufficient_balance,25,2,59,0,19,1,1
PAY01458,CUST0653,16147,wallet,authentication_failed,30,1,0,0,21,1,1
PAY01459,CUST2129,30915,wallet,network_timeout,25,6,33,0,22,0,1
PAY01460,CUST1797,31610,card,expired_card,25,6,5,1,12,1,1
PAY01461,CUST1756,8230,card,insufficient_balance,27,4,74,0,23,0,1
PAY01462,CUST1502,27159,netbanking,insufficient_balance,29,3,61,0,8,0,1
PAY01463,CUST1352,42176,card,bank_decline,28,7,31,1,10,1,0
PAY01464,CUST2823,29242,netbanking,bank_decline,22,4,72,1,19,0,0
PAY01465,CUST0574,9800,netbanking,network_timeout,7,5,72,1,22,1,0
PAY01466,CUST1257,47013,upi,technical_error,20,4,60,1,21,1,1
PAY01467,CUST0633,48841,upi,insufficient_balance,19,4,49,1,20,0,0
PAY01468,CUST0115,13971,netbanking,insufficient_balance,18,0,33,1,23,1,1
PAY01469,CUST1954,40631,upi,expired_card,20,2,75,1,16,1,0
PAY01470,CUST1549,31901,upi,technical_error,15,2,61,1,0,0,1
PAY01471,CUST1403,14834,netbanking,insufficient_balance,7,2,35,0,20,0,1
PAY01472,CUST1461,32788,wallet,technical_error,29,0,67,0,23,0,1
PAY01473,CUST1490,43631,card,bank_decline,20,1,42,0,8,0,0
PAY01474,CUST0230,29370,upi,insufficient_balance,8,2,88,0,7,1,1
PAY01475,CUST0727,2736,netbanking,technical_error,8,1,24,0,4,1,1
PAY01476,CUST0250,13713,upi,insufficient_balance,18,7,59,0,17,0,0
PAY01477,CUST1307,41643,card,insufficient_balance,15,1,56,0,15,0,1
PAY01478,CUST0410,35644,upi,technical_error,15,4,72,0,18,1,1
PAY01479,CUST0457,47284,wallet,authentication_failed,6,7,0,1,13,1,1
PAY01480,CUST2018,41461,upi,expired_card,16,7,65,1,20,1,0
PAY01481,CUST1083,34977,upi,expired_card,8,8,64,1,20,1,1
PAY01482,CUST0457,49685,upi,bank_decline,0,5,65,1,15,0,0
PAY01483,CUST0733,4396,wallet,authentication_failed,9,1,56,1,20,0,1
PAY01484,CUST0793,7224,upi,insufficient_balance,9,8,39,1,16,1,1
PAY01485,CUST0422,44975,netbanking,technical_error,6,2,41,0,6,1,1
PAY01486,CUST0704,10450,upi,expired_card,30,8,60,1,23,1,0
PAY01487,CUST0937,17326,wallet,expired_card,11,2,39,1,23,1,1
PAY01488,CUST1292,29572,netbanking,bank_decline,18,6,53,0,12,0,0
PAY01489,CUST1675,23274,upi,bank_decline,24,4,2,0,6,1,0
PAY01490,CUST1208,24576,card,expired_card,13,6,41,0,6,1,0
PAY01491,CUST1123,7101,card,insufficient_balance,5,5,61,1,1,1,1
PAY01492,CUST2818,46400,wallet,insufficient_balance,8,6,7,0,1,1,0
PAY01493,CUST1131,35351,netbanking,bank_decline,29,4,14,1,4,0,1
PAY01494,CUST1330,48101,wallet,insufficient_balance,27,2,75,1,18,0,1
PAY01495,CUST2302,5867,wallet,insufficient_balance,10,8,84,1,17,1,1
PAY01496,CUST2825,1532,upi,network_timeout,27,5,46,1,23,0,1
PAY01497,CUST0755,21154,wallet,insufficient_balance,14,5,42,0,21,1,1
PAY01498,CUST1046,39658,card,insufficient_balance,3,6,54,1,15,0,0
PAY01499,CUST2165,4050,netbanking,network_timeout,18,6,4,1,17,1,1
PAY01500,CUST1158,37771,netbanking,authentication_failed,2,1,72,0,17,0,0
PAY01501,CUST2179,10469,card,technical_error,29,7,78,0,2,1,1
PAY01502,CUST1135,30621,wallet,authentication_failed,4,5,9,0,20,1,0
PAY01503,CUST1860,34684,wallet,network_timeout,12,4,0,1,0,0,1
PAY01504,CUST0923,21227,wallet,insufficient_balance,8,3,74,1,17,1,1
PAY01505,CUST2678,43707,upi,technical_error,29,5,73,0,6,0,1
PAY01506,CUST0845,20316,upi,network_timeout,0,8,77,0,4,1,0
PAY01507,CUST0284,21560,netbanking,insufficient_balance,21,3,25,1,5,1,1
PAY01508,CUST1111,15368,upi,expired_card,0,2,56,0,12,0,0
PAY01509,CUST1819,48855,upi,bank_decline,1,7,56,1,6,0,0
PAY01510,CUST1559,38780,card,network_timeout,5,8,74,0,5,0,0
PAY01511,CUST0493,32154,netbanking,authentication_failed,10,6,24,0,2,1,1
PAY01512,CUST1958,16830,card,bank_decline,0,0,48,1,12,0,0
PAY01513,CUST1453,23718,netbanking,network_timeout,13,4,29,0,20,1,0
PAY01514,CUST1931,1138,netbanking,authentication_failed,20,5,5,0,7,0,1
PAY01515,CUST2313,707,upi,technical_error,4,2,88,1,1,0,1
PAY01516,CUST2443,13851,netbanking,expired_card,19,6,20,1,5,0,0
PAY01517,CUST2125,10020,upi,expired_card,28,1,20,0,15,0,1
PAY01518,CUST1254,26553,netbanking,expired_card,19,5,3,0,10,0,0
PAY01519,CUST1928,2342,upi,bank_decline,1,8,48,0,5,0,0
PAY01520,CUST0062,22950,upi,network_timeout,13,1,14,1,14,1,1
PAY01521,CUST2199,28963,upi,technical_error,25,0,39,1,15,1,1
PAY01522,CUST0526,21260,netbanking,technical_error,21,1,61,1,23,0,1
PAY01523,CUST0516,14472,upi,insufficient_balance,7,1,12,1,9,0,1
PAY01524,CUST1024,14925,netbanking,insufficient_balance,23,4,42,1,21,1,1
PAY01525,CUST0540,21592,wallet,expired_card,21,2,74,0,23,1,1
PAY01526,CUST2589,3246,upi,insufficient_balance,0,2,81,0,7,0,1
PAY01527,CUST1626,21237,card,technical_error,15,7,44,0,20,1,1
PAY01528,CUST1852,14179,wallet,technical_error,8,8,56,0,23,1,1
PAY01529,CUST2685,33817,netbanking,expired_card,28,2,32,1,15,1,0
PAY01530,CUST2717,6424,netbanking,technical_error,8,1,46,1,20,0,1
PAY01531,CUST2226,8372,card,insufficient_balance,14,1,15,1,4,1,1
PAY01532,CUST1258,29759,wallet,technical_error,30,1,64,0,12,0,1
PAY01533,CUST0581,44702,upi,network_timeout,6,5,67,0,18,0,0
PAY01534,CUST2184,23867,upi,authentication_failed,30,8,21,1,5,0,1
PAY01535,CUST2787,10955,upi,authentication_failed,4,8,78,1,6,1,0
PAY01536,CUST0201,26371,netbanking,bank_decline,28,8,53,1,14,1,0
PAY01537,CUST0558,47387,netbanking,network_timeout,2,4,90,1,6,0,1
PAY01538,CUST0243,49590,wallet,insufficient_balance,4,7,20,0,12,0,1
PAY01539,CUST2647,27560,wallet,technical_error,6,3,44,0,7,1,1
PAY01540,CUST0576,26408,card,authentication_failed,23,2,26,1,4,1,1
PAY01541,CUST1342,805,card,technical_error,9,8,13,1,7,1,0
PAY01542,CUST1224,8283,wallet,insufficient_balance,2,5,34,0,12,1,1
PAY01543,CUST0463,41184,wallet,bank_decline,18,2,90,1,9,0,1
PAY01544,CUST2142,6853,card,authentication_failed,19,5,30,1,22,1,1
PAY01545,CUST1728,3812,card,expired_card,26,4,32,1,13,1,0
PAY01546,CUST1461,5545,card,network_timeout,22,7,31,1,7,1,1
PAY01547,CUST2727,17516,card,authentication_failed,15,8,77,1,19,1,0
PAY01548,CUST0173,39530,card,technical_error,26,1,73,0,3,0,1
PAY01549,CUST1478,38118,wallet,bank_decline,22,0,44,1,14,0,1
PAY01550,CUST1634,41264,wallet,authentication_failed,29,0,27,0,0,1,1
PAY01551,CUST0405,19254,wallet,network_timeout,23,7,32,1,21,1,0
PAY01552,CUST1444,16398,netbanking,bank_decline,25,0,41,1,22,1,1
PAY01553,CUST0658,13821,netbanking,authentication_failed,12,5,22,1,2,1,0
PAY01554,CUST1441,40496,upi,expired_card,26,4,12,0,20,1,0
PAY01555,CUST1282,40850,wallet,authentication_failed,5,6,25,1,22,1,0
PAY01556,CUST1437,22185,wallet,expired_card,24,2,21,1,0,0,1
PAY01557,CUST0778,38231,netbanking,technical_error,22,8,37,0,12,0,0
PAY01558,CUST0814,6218,card,authentication_failed,19,6,33,0,22,1,0
PAY01559,CUST2183,23286,wallet,insufficient_balance,29,6,13,1,19,0,0
PAY01560,CUST1327,14834,wallet,network_timeout,7,8,19,1,0,1,0
PAY01561,CUST0920,45652,upi,insufficient_balance,28,3,56,0,4,0,1
PAY01562,CUST1216,16069,card,technical_error,15,7,53,0,13,0,1
PAY01563,CUST2125,38169,wallet,authentication_failed,18,6,33,1,8,1,0
PAY01564,CUST1517,23988,upi,expired_card,17,5,9,0,10,0,1
PAY01565,CUST2205,38042,upi,network_timeout,29,8,90,1,17,1,0
PAY01566,CUST0430,39689,upi,authentication_failed,11,8,28,1,8,0,1
PAY01567,CUST1886,40654,wallet,bank_decline,18,6,8,0,0,1,0
PAY01568,CUST2290,42716,card,expired_card,15,2,8,1,2,1,1
PAY01569,CUST2334,16615,card,authentication_failed,19,7,55,0,12,0,1
PAY01570,CUST2711,29729,netbanking,technical_error,22,4,42,0,18,1,1
PAY01571,CUST0591,35464,netbanking,network_timeout,19,0,45,0,2,0,1
PAY01572,CUST2170,27212,upi,authentication_failed,6,3,76,0,5,0,1
PAY01573,CUST2660,32538,card,expired_card,2,1,51,1,13,1,0
PAY01574,CUST2853,31190,upi,expired_card,5,1,39,1,5,1,0
PAY01575,CUST1033,32847,card,insufficient_balance,8,6,25,0,11,0,0
PAY01576,CUST1392,29704,card,technical_error,8,0,77,0,17,0,1
PAY01577,CUST2797,24554,card,insufficient_balance,0,8,1,0,10,1,0
PAY01578,CUST1255,1912,netbanking,network_timeout,30,2,24,1,5,0,1
PAY01579,CUST1415,6454,upi,technical_error,11,2,56,0,16,0,1
PAY01580,CUST1824,2088,card,technical_error,28,1,39,1,3,1,1
PAY01581,CUST2798,11923,upi,network_timeout,15,3,77,0,19,1,1
PAY01582,CUST1863,43254,wallet,bank_decline,30,1,85,0,10,0,1
PAY01583,CUST1498,9365,upi,bank_decline,6,6,5,1,1,1,0
PAY01584,CUST2702,46475,card,technical_error,2,5,67,1,17,0,1
PAY01585,CUST1158,21092,upi,bank_decline,24,3,37,1,12,1,0
PAY01586,CUST1545,5499,wallet,network_timeout,15,1,41,1,19,1,1
PAY01587,CUST1253,32711,netbanking,authentication_failed,22,0,67,0,6,0,1
PAY01588,CUST1258,38600,upi,authentication_failed,10,0,68,0,1,1,1
PAY01589,CUST1577,12436,netbanking,technical_error,1,6,65,0,16,1,0
PAY01590,CUST2790,45921,card,insufficient_balance,3,7,23,0,22,1,1
PAY01591,CUST0299,46894,upi,bank_decline,6,0,5,1,6,0,0
PAY01592,CUST1190,410,upi,authentication_failed,26,5,22,1,7,1,0
PAY01593,CUST1647,3033,upi,insufficient_balance,19,3,79,1,13,1,1
PAY01594,CUST0840,42917,netbanking,bank_decline,22,0,53,1,12,1,1
PAY01595,CUST0777,32095,netbanking,technical_error,0,6,5,1,4,0,0
PAY01596,CUST0289,41885,card,network_timeout,5,7,8,0,17,1,0
PAY01597,CUST0686,48602,netbanking,authentication_failed,22,6,36,1,9,1,1
PAY01598,CUST0445,49972,card,bank_decline,26,3,11,1,6,0,1
PAY01599,CUST2123,2439,wallet,bank_decline,3,1,29,0,12,0,0
PAY01600,CUST0343,45556,card,insufficient_balance,13,5,56,0,14,0,0
PAY01601,CUST2716,33105,upi,insufficient_balance,23,5,5,0,4,1,1
PAY01602,CUST1028,11603,netbanking,bank_decline,6,0,50,1,4,1,1
PAY01603,CUST2071,4271,upi,insufficient_balance,20,3,42,1,0,1,1
PAY01604,CUST0285,16207,netbanking,technical_error,5,2,70,1,1,0,1
PAY01605,CUST2805,4368,wallet,technical_error,17,0,79,0,23,1,1
PAY01606,CUST1518,2618,upi,network_timeout,21,3,0,1,0,0,1
PAY01607,CUST1588,37255,card,insufficient_balance,24,0,72,0,0,1,1
PAY01608,CUST2341,42356,wallet,expired_card,21,6,57,0,21,1,1
PAY01609,CUST2510,16486,netbanking,authentication_failed,14,7,19,1,17,1,1
PAY01610,CUST0917,9563,netbanking,authentication_failed,23,2,49,1,5,1,1
PAY01611,CUST0086,28394,netbanking,insufficient_balance,1,7,52,0,12,0,1
PAY01612,CUST2567,23230,upi,bank_decline,13,6,58,1,14,1,1
PAY01613,CUST1899,23926,netbanking,expired_card,21,6,17,0,7,0,0
PAY01614,CUST2919,12615,upi,authentication_failed,21,5,59,1,11,1,1
PAY01615,CUST0875,25844,upi,bank_decline,3,8,83,1,9,1,0
PAY01616,CUST0209,13168,upi,expired_card,17,2,84,1,16,1,1
PAY01617,CUST0739,29131,card,authentication_failed,6,6,72,0,8,0,1
PAY01618,CUST2627,26437,upi,insufficient_balance,13,5,59,0,23,0,1
PAY01619,CUST1994,20823,card,authentication_failed,3,1,10,0,0,0,1
PAY01620,CUST1358,5994,netbanking,expired_card,6,2,27,1,2,1,0
PAY01621,CUST2553,20776,wallet,bank_decline,10,2,37,1,3,0,1
PAY01622,CUST0623,10799,wallet,network_timeout,17,6,20,1,22,1,1
PAY01623,CUST2827,16444,card,authentication_failed,30,2,56,0,1,0,1
PAY01624,CUST1561,31086,wallet,bank_decline,5,0,75,1,14,0,0
PAY01625,CUST1833,1401,wallet,authentication_failed,18,5,43,0,11,0,1
PAY01626,CUST0726,8943,netbanking,authentication_failed,12,2,14,0,20,1,1
PAY01627,CUST1198,46722,card,expired_card,19,7,2,1,5,1,0
PAY01628,CUST1036,12684,netbanking,technical_error,28,0,62,1,5,0,1
PAY01629,CUST2660,15750,netbanking,expired_card,14,6,43,0,8,1,0
PAY01630,CUST2701,5358,netbanking,technical_error,1,2,79,0,23,0,1
PAY01631,CUST1240,25047,upi,bank_decline,12,6,4,1,22,1,1
PAY01632,CUST1375,24138,wallet,bank_decline,22,5,16,1,23,1,1
PAY01633,CUST2263,12742,wallet,expired_card,8,1,57,0,21,1,0
PAY01634,CUST2085,7539,card,insufficient_balance,25,1,31,0,5,1,1
PAY01635,CUST0267,10192,upi,network_timeout,27,1,1,0,23,1,1
PAY01636,CUST2530,4712,upi,technical_error,20,7,80,1,21,0,1
PAY01637,CUST2510,8093,card,authentication_failed,4,3,10,0,2,0,0
PAY01638,CUST0016,28475,upi,insufficient_balance,1,1,49,1,20,0,1
PAY01639,CUST1950,13030,wallet,technical_error,22,2,60,1,23,0,0
PAY01640,CUST1813,12219,card,network_timeout,5,3,33,0,17,0,0
PAY01641,CUST2868,8227,card,insufficient_balance,5,5,29,0,12,1,1
PAY01642,CUST2464,27119,netbanking,insufficient_balance,13,4,44,0,16,0,0
PAY01643,CUST2683,44895,netbanking,expired_card,24,2,8,0,2,1,1
PAY01644,CUST1410,48132,card,technical_error,24,6,10,1,0,0,1
PAY01645,CUST1305,38644,netbanking,authentication_failed,21,1,72,1,23,1,1
PAY01646,CUST1847,23569,wallet,expired_card,15,4,62,1,17,0,0
PAY01647,CUST0935,38584,upi,network_timeout,22,5,52,1,14,1,1
PAY01648,CUST1652,30484,wallet,bank_decline,4,2,49,1,0,0,0
PAY01649,CUST1298,25099,upi,bank_decline,11,0,55,0,4,0,0
PAY01650,CUST0889,6315,card,bank_decline,15,2,34,1,6,0,0
PAY01651,CUST2038,25805,upi,expired_card,26,8,35,0,6,1,0
PAY01652,CUST2486,47530,wallet,bank_decline,13,2,62,0,11,0,1
PAY01653,CUST0275,21286,wallet,technical_error,9,2,30,1,6,1,1
PAY01654,CUST2010,949,netbanking,authentication_failed,5,5,80,1,21,1,1
PAY01655,CUST2506,8085,upi,technical_error,9,5,47,0,11,1,1
PAY01656,CUST0259,1260,wallet,expired_card,13,3,26,1,22,0,0
PAY01657,CUST1281,41641,wallet,expired_card,17,5,73,1,22,0,1
PAY01658,CUST0521,21191,upi,authentication_failed,18,3,31,1,18,1,1
PAY01659,CUST0080,20642,card,bank_decline,24,2,79,1,2,1,1
PAY01660,CUST1896,39591,netbanking,network_timeout,14,6,24,1,22,0,1
PAY01661,CUST1491,3968,wallet,insufficient_balance,7,0,41,1,19,1,1
PAY01662,CUST2302,9676,netbanking,expired_card,15,5,77,0,20,0,1
PAY01663,CUST2448,39754,card,expired_card,23,0,24,1,7,1,0
PAY01664,CUST1733,46017,card,expired_card,8,3,18,1,0,0,1
PAY01665,CUST2670,42304,wallet,network_timeout,11,7,18,1,20,1,0
PAY01666,CUST2275,10387,wallet,expired_card,3,4,58,1,6,1,1
PAY01667,CUST1167,10775,upi,expired_card,30,0,15,0,10,1,1
PAY01668,CUST1511,9389,netbanking,authentication_failed,12,8,3,1,20,1,0
PAY01669,CUST1621,11765,netbanking,technical_error,26,0,82,1,10,0,1
PAY01670,CUST2096,3760,upi,bank_decline,2,1,17,0,3,0,1
PAY01671,CUST2924,15501,card,expired_card,11,5,10,1,10,0,1
PAY01672,CUST2018,26351,card,technical_error,13,6,88,0,17,0,0
PAY01673,CUST0849,29492,upi,network_timeout,24,4,29,0,1,0,0
PAY01674,CUST0215,42233,upi,bank_decline,1,0,28,0,4,0,1
PAY01675,CUST2051,21036,netbanking,bank_decline,24,6,2,1,15,0,1
PAY01676,CUST2743,46941,wallet,technical_error,2,0,25,0,6,0,1
PAY01677,CUST2387,32308,card,expired_card,22,1,74,1,16,0,1
PAY01678,CUST1627,14044,upi,technical_error,0,4,34,1,16,1,1
PAY01679,CUST0655,13311,netbanking,expired_card,6,5,33,1,3,1,1
PAY01680,CUST1850,1988,wallet,technical_error,30,8,51,0,5,0,0
PAY01681,CUST0171,25492,card,authentication_failed,29,3,25,1,22,0,1
PAY01682,CUST2430,19981,netbanking,bank_decline,1,3,72,1,6,0,1
PAY01683,CUST1270,910,upi,insufficient_balance,27,5,26,1,23,1,1
PAY01684,CUST2949,21553,wallet,bank_decline,19,2,62,1,17,1,0
PAY01685,CUST2733,16386,card,technical_error,3,0,3,0,0,1,1
PAY01686,CUST0001,19986,wallet,bank_decline,23,2,12,0,11,0,0
PAY01687,CUST2646,12603,wallet,authentication_failed,28,5,9,1,13,0,0
PAY01688,CUST1219,2393,card,expired_card,4,4,58,0,3,0,0
PAY01689,CUST1952,11541,card,network_timeout,2,3,58,1,8,0,1
PAY01690,CUST2879,37011,wallet,network_timeout,23,2,27,0,12,1,1
PAY01691,CUST0123,2535,wallet,bank_decline,26,7,52,0,0,0,0
PAY01692,CUST2690,4229,netbanking,authentication_failed,9,7,25,1,0,1,0
PAY01693,CUST0771,15489,wallet,network_timeout,20,0,72,1,17,1,1
PAY01694,CUST0949,46995,card,expired_card,11,1,76,1,14,1,1
PAY01695,CUST2231,10841,netbanking,authentication_failed,28,5,70,0,10,1,1
PAY01696,CUST1668,11500,wallet,expired_card,14,5,37,0,21,1,1
PAY01697,CUST2768,35638,wallet,expired_card,30,6,11,1,4,1,0
PAY01698,CUST1470,42401,wallet,bank_decline,24,8,87,0,1,1,0
PAY01699,CUST2075,41064,upi,technical_error,10,8,80,0,18,0,0
PAY01700,CUST0844,45530,wallet,network_timeout,26,6,14,0,16,0,1
PAY01701,CUST2358,364,netbanking,technical_error,21,2,29,1,15,0,0
PAY01702,CUST1334,48062,netbanking,technical_error,29,6,66,1,7,1,1
PAY01703,CUST1672,45175,card,insufficient_balance,20,7,19,0,22,0,1
PAY01704,CUST2067,7164,wallet,insufficient_balance,29,1,88,1,7,1,1
PAY01705,CUST1241,13813,card,insufficient_balance,0,0,3,1,3,0,1
PAY01706,CUST0761,44696,card,network_timeout,8,7,15,1,11,1,1
PAY01707,CUST0044,45832,netbanking,expired_card,12,5,26,1,13,1,0
PAY01708,CUST2602,40391,card,authentication_failed,15,0,63,1,11,0,1
PAY01709,CUST1048,46016,wallet,bank_decline,24,8,12,1,22,1,0
PAY01710,CUST2806,32232,card,bank_decline,1,7,11,1,8,0,0
PAY01711,CUST0340,16181,card,bank_decline,12,5,30,1,1,1,1
PAY01712,CUST1269,36316,wallet,insufficient_balance,19,6,12,0,21,0,1
PAY01713,CUST2431,44352,card,technical_error,14,1,64,0,14,1,1
PAY01714,CUST2856,37131,wallet,technical_error,20,0,32,0,22,1,1
PAY01715,CUST0713,29704,netbanking,insufficient_balance,1,4,76,1,13,0,1
PAY01716,CUST2814,10244,card,insufficient_balance,15,7,31,0,12,0,0
PAY01717,CUST1544,2975,netbanking,insufficient_balance,7,5,87,1,7,1,1
PAY01718,CUST2871,7708,card,insufficient_balance,4,2,77,0,14,1,0
PAY01719,CUST1502,45904,wallet,network_timeout,22,8,88,1,20,0,0
PAY01720,CUST1715,31141,card,expired_card,13,8,89,1,2,0,0
PAY01721,CUST0358,17321,netbanking,bank_decline,12,8,31,0,3,0,0
PAY01722,CUST0664,5760,upi,authentication_failed,6,7,84,1,17,1,0
PAY01723,CUST1958,4479,upi,technical_error,13,1,71,0,7,0,1
PAY01724,CUST0604,19783,upi,authentication_failed,22,6,1,1,1,0,1
PAY01725,CUST0462,34477,netbanking,technical_error,16,0,38,0,10,0,1
PAY01726,CUST1968,14095,upi,authentication_failed,15,7,61,0,3,0,0
PAY01727,CUST1589,36343,card,insufficient_balance,21,2,65,0,2,1,1
PAY01728,CUST2103,4857,upi,insufficient_balance,20,6,80,1,7,1,0
PAY01729,CUST1665,4010,wallet,network_timeout,27,5,50,0,6,1,0
PAY01730,CUST1601,29579,upi,authentication_failed,29,2,61,1,20,0,1
PAY01731,CUST0989,39354,netbanking,bank_decline,24,1,55,0,13,0,1
PAY01732,CUST2301,5660,upi,authentication_failed,1,5,35,1,8,1,0
PAY01733,CUST2664,22479,netbanking,technical_error,19,5,39,1,16,1,1
PAY01734,CUST1582,49738,upi,bank_decline,10,1,88,1,10,0,1
PAY01735,CUST1031,41330,netbanking,expired_card,27,4,76,0,10,1,1
PAY01736,CUST0981,37194,upi,expired_card,9,3,42,1,8,1,0
PAY01737,CUST2449,27877,upi,technical_error,28,2,88,1,6,1,1
PAY01738,CUST2919,35671,netbanking,insufficient_balance,25,7,74,0,3,1,1
PAY01739,CUST2616,16289,upi,technical_error,25,5,23,1,11,0,1
PAY01740,CUST1605,31841,netbanking,technical_error,14,8,43,0,8,0,1
PAY01741,CUST1035,8254,wallet,technical_error,12,0,8,0,8,1,1
PAY01742,CUST1863,36187,netbanking,technical_error,18,6,25,1,1,1,0
PAY01743,CUST2573,32183,card,bank_decline,13,6,40,0,4,0,1
PAY01744,CUST0504,23780,card,network_timeout,27,1,35,0,17,1,1
PAY01745,CUST0522,6384,wallet,insufficient_balance,1,0,1,0,10,1,1
PAY01746,CUST1165,28267,upi,insufficient_balance,7,4,70,1,7,0,1
PAY01747,CUST0095,36387,netbanking,insufficient_balance,5,6,26,0,5,0,0
PAY01748,CUST2340,48626,netbanking,bank_decline,3,1,31,1,7,0,1
PAY01749,CUST1883,40051,upi,insufficient_balance,29,3,35,0,0,0,0
PAY01750,CUST2750,20317,wallet,technical_error,27,6,57,0,7,0,1
PAY01751,CUST0336,26873,wallet,bank_decline,4,6,78,1,0,1,0
PAY01752,CUST0841,44226,wallet,bank_decline,25,8,43,1,0,1,0
PAY01753,CUST2079,40446,wallet,bank_decline,19,3,47,0,22,0,0
PAY01754,CUST2462,45905,wallet,insufficient_balance,25,6,26,0,10,1,1
PAY01755,CUST1660,18066,upi,authentication_failed,9,3,48,1,0,0,0
PAY01756,CUST2644,45816,card,bank_decline,22,0,49,1,11,1,0
PAY01757,CUST0084,32275,wallet,authentication_failed,14,6,11,1,8,1,0
PAY01758,CUST0937,17737,netbanking,expired_card,15,2,21,0,18,0,1
PAY01759,CUST0149,25098,netbanking,network_timeout,24,3,11,0,2,0,1
PAY01760,CUST1026,5294,netbanking,bank_decline,4,4,18,1,8,0,0
PAY01761,CUST0939,26934,netbanking,insufficient_balance,16,1,29,0,19,0,1
PAY01762,CUST2346,43001,upi,expired_card,17,7,54,0,7,0,1
PAY01763,CUST0801,39594,card,network_timeout,24,1,34,0,17,0,1
PAY01764,CUST1895,36370,netbanking,authentication_failed,5,2,68,0,7,0,1
PAY01765,CUST1334,11358,netbanking,technical_error,26,0,64,0,12,0,1
PAY01766,CUST0685,3268,wallet,insufficient_balance,27,2,30,1,18,1,1
PAY01767,CUST1895,16208,wallet,insufficient_balance,22,1,31,0,20,0,1
PAY01768,CUST0275,24834,upi,network_timeout,9,7,67,1,21,1,1
PAY01769,CUST2255,35585,wallet,technical_error,14,8,45,1,8,1,1
PAY01770,CUST0684,33074,wallet,insufficient_balance,25,0,26,0,19,1,1
PAY01771,CUST1223,7671,wallet,bank_decline,12,4,47,0,10,1,0
PAY01772,CUST0814,49272,card,insufficient_balance,13,2,57,0,20,1,1
PAY01773,CUST1624,16123,upi,network_timeout,28,3,56,1,15,1,0
PAY01774,CUST1911,46819,wallet,expired_card,28,3,59,0,13,0,0
PAY01775,CUST1006,9637,card,expired_card,11,0,44,1,12,1,0
PAY01776,CUST0320,39306,netbanking,expired_card,26,8,70,1,1,1,0
PAY01777,CUST0278,23200,netbanking,insufficient_balance,9,8,21,0,3,0,1
PAY01778,CUST2913,36904,netbanking,network_timeout,0,8,27,1,0,1,1
PAY01779,CUST1653,21991,wallet,expired_card,19,5,36,1,1,0,1
PAY01780,CUST1796,49808,wallet,bank_decline,24,8,4,0,4,1,1
PAY01781,CUST1353,43394,wallet,authentication_failed,23,4,18,0,6,0,1
PAY01782,CUST2527,25258,netbanking,bank_decline,7,0,5,1,0,0,0
PAY01783,CUST0797,27518,upi,bank_decline,25,2,54,1,6,0,1
PAY01784,CUST0272,10808,card,expired_card,23,7,8,0,14,0,1
PAY01785,CUST2756,32440,card,network_timeout,21,7,43,1,15,1,1
PAY01786,CUST2364,36706,netbanking,authentication_failed,21,5,67,0,21,1,0
PAY01787,CUST2433,16175,upi,network_timeout,13,7,34,1,16,1,1
PAY01788,CUST2044,47566,wallet,network_timeout,30,4,32,0,4,0,1
PAY01789,CUST0897,16401,wallet,insufficient_balance,29,1,89,1,13,1,1
PAY01790,CUST1718,37230,netbanking,expired_card,2,3,20,1,21,0,0
PAY01791,CUST1286,3829,wallet,bank_decline,26,6,19,1,15,0,0
PAY01792,CUST1368,24373,card,expired_card,7,7,62,1,18,0,1
PAY01793,CUST1661,28287,upi,expired_card,7,2,43,0,19,1,1
PAY01794,CUST2431,24797,card,network_timeout,2,1,1,0,17,1,1
PAY01795,CUST2018,6149,upi,network_timeout,0,7,22,0,4,1,0
PAY01796,CUST1503,44581,netbanking,authentication_failed,18,1,5,0,9,1,1
PAY01797,CUST0410,2652,card,network_timeout,19,0,24,0,12,1,1
PAY01798,CUST0441,17619,netbanking,technical_error,26,8,9,1,4,0,1
PAY01799,CUST1894,39825,netbanking,insufficient_balance,20,8,12,1,19,0,1
PAY01800,CUST2823,18692,card,bank_decline,27,5,85,0,22,1,0
PAY01801,CUST1854,23611,netbanking,expired_card,20,6,53,0,9,1,1
PAY01802,CUST0863,15873,wallet,insufficient_balance,22,2,4,0,1,0,1
PAY01803,CUST0605,7156,wallet,insufficient_balance,4,1,36,1,22,1,1
PAY01804,CUST2373,15779,wallet,bank_decline,13,1,82,1,22,0,1
PAY01805,CUST1939,43103,card,expired_card,5,6,24,1,2,0,0
PAY01806,CUST0129,16626,wallet,insufficient_balance,26,7,59,1,22,1,0
PAY01807,CUST1842,8809,netbanking,authentication_failed,30,6,84,1,18,0,0
PAY01808,CUST0031,10859,netbanking,bank_decline,2,7,42,0,1,0,0
PAY01809,CUST0984,33705,wallet,expired_card,29,3,23,1,1,0,1
PAY01810,CUST2587,23740,netbanking,technical_error,11,5,0,0,15,0,1
PAY01811,CUST0865,9786,netbanking,authentication_failed,21,8,35,1,16,0,0
PAY01812,CUST1782,48024,card,bank_decline,30,8,37,1,1,1,1
PAY01813,CUST1363,1274,wallet,technical_error,20,1,60,1,14,0,1
PAY01814,CUST1291,38824,upi,bank_decline,8,4,83,0,7,1,0
PAY01815,CUST1618,17491,card,technical_error,7,0,28,1,7,1,1
PAY01816,CUST0010,28281,card,network_timeout,25,4,68,1,0,1,0
PAY01817,CUST2459,43570,card,bank_decline,18,3,68,1,3,0,1
PAY01818,CUST1594,36849,netbanking,insufficient_balance,17,3,1,1,2,1,1
PAY01819,CUST2650,16195,wallet,network_timeout,3,2,33,0,21,1,1
PAY01820,CUST2752,16948,wallet,insufficient_balance,28,6,26,0,11,0,1
PAY01821,CUST1183,20382,card,network_timeout,4,1,0,0,2,1,1
PAY01822,CUST0734,7529,wallet,expired_card,3,8,68,1,16,0,0
PAY01823,CUST1972,43877,netbanking,network_timeout,11,1,45,0,12,0,1
PAY01824,CUST2234,16502,card,technical_error,25,1,8,0,4,1,1
PAY01825,CUST0657,34315,upi,bank_decline,29,5,3,1,12,1,0
PAY01826,CUST0425,33681,wallet,insufficient_balance,5,3,79,1,18,0,1
PAY01827,CUST0929,43158,wallet,technical_error,24,7,49,1,20,1,1
PAY01828,CUST0816,2850,card,bank_decline,6,0,73,1,0,1,0
PAY01829,CUST2658,22298,wallet,authentication_failed,26,0,40,1,2,0,1
PAY01830,CUST0394,39070,card,technical_error,4,7,63,1,3,0,1
PAY01831,CUST2614,20879,upi,expired_card,17,6,37,0,3,0,1
PAY01832,CUST1230,43669,upi,authentication_failed,8,6,19,1,10,1,1
PAY01833,CUST0305,34897,netbanking,network_timeout,15,4,38,1,0,0,1
PAY01834,CUST1168,21579,upi,authentication_failed,2,2,67,0,11,0,0
PAY01835,CUST0390,17414,netbanking,expired_card,28,1,23,0,18,0,0
PAY01836,CUST0949,3316,netbanking,expired_card,26,8,69,0,22,1,1
PAY01837,CUST2263,43216,netbanking,network_timeout,28,6,5,1,13,0,1
PAY01838,CUST2695,21940,netbanking,authentication_failed,1,2,8,0,18,0,1
PAY01839,CUST0438,31359,card,bank_decline,25,5,51,0,8,0,1
PAY01840,CUST2421,36878,upi,network_timeout,10,2,23,0,20,0,1
PAY01841,CUST1927,14414,upi,insufficient_balance,23,8,30,1,0,1,1
PAY01842,CUST2363,47931,upi,bank_decline,17,3,7,1,6,1,1
PAY01843,CUST0789,34688,netbanking,expired_card,4,6,75,1,18,1,0
PAY01844,CUST1104,16420,card,authentication_failed,13,4,82,1,0,0,1
PAY01845,CUST1662,38814,upi,authentication_failed,8,2,73,0,20,0,0
PAY01846,CUST2749,16404,upi,authentication_failed,1,3,31,0,23,0,0
PAY01847,CUST2802,25968,upi,insufficient_balance,8,1,73,0,20,0,1
PAY01848,CUST2938,7359,card,bank_decline,3,5,26,1,4,0,0
PAY01849,CUST2967,42564,card,expired_card,10,6,48,1,14,0,1
PAY01850,CUST2602,9662,upi,bank_decline,11,3,85,0,15,1,1
PAY01851,CUST1122,28768,card,expired_card,0,6,59,0,1,0,0
PAY01852,CUST1880,34459,netbanking,insufficient_balance,13,1,36,0,9,1,1
PAY01853,CUST0726,28028,card,bank_decline,25,8,8,1,11,1,1
PAY01854,CUST2639,14800,wallet,insufficient_balance,22,4,61,1,8,0,0
PAY01855,CUST1968,14554,wallet,insufficient_balance,0,3,82,1,12,0,0
PAY01856,CUST2260,33503,upi,network_timeout,8,5,66,1,22,0,1
PAY01857,CUST1114,43241,netbanking,authentication_failed,12,0,8,0,7,1,1
PAY01858,CUST1033,16110,upi,authentication_failed,15,8,0,0,0,1,0
PAY01859,CUST2825,36398,wallet,technical_error,10,0,61,0,5,0,1
PAY01860,CUST1255,47343,wallet,expired_card,22,4,75,0,20,1,0
PAY01861,CUST2744,39524,netbanking,network_timeout,12,7,79,0,7,1,0
PAY01862,CUST0188,22129,netbanking,bank_decline,24,3,68,1,15,0,0
PAY01863,CUST1765,36959,card,authentication_failed,2,1,72,0,7,1,1
PAY01864,CUST0180,13532,wallet,bank_decline,17,1,13,1,22,0,1
PAY01865,CUST0905,48467,upi,insufficient_balance,11,1,4,1,0,1,0
PAY01866,CUST0493,18477,wallet,insufficient_balance,2,5,30,0,2,1,0
PAY01867,CUST2451,35285,upi,network_timeout,15,4,69,0,21,0,1
PAY01868,CUST2006,14279,wallet,expired_card,3,1,64,0,18,1,1
PAY01869,CUST0001,28090,netbanking,expired_card,24,7,71,0,0,0,0
PAY01870,CUST2570,37567,card,authentication_failed,8,3,22,0,7,0,0
PAY01871,CUST0735,12935,upi,insufficient_balance,4,4,58,0,21,1,0
PAY01872,CUST0925,40643,upi,network_timeout,3,3,46,1,21,1,1
PAY01873,CUST0631,45183,card,insufficient_balance,15,6,0,0,11,0,1
PAY01874,CUST2184,11575,wallet,network_timeout,2,2,27,0,4,1,0
PAY01875,CUST0445,28583,upi,authentication_failed,26,2,34,1,14,0,1
PAY01876,CUST2435,35020,upi,bank_decline,13,2,78,1,8,1,1
PAY01877,CUST1066,39833,upi,authentication_failed,25,0,25,1,9,1,1
PAY01878,CUST2194,30565,card,technical_error,3,2,6,0,23,0,1
PAY01879,CUST2295,31512,wallet,authentication_failed,18,2,6,0,17,0,1
PAY01880,CUST0518,15860,card,technical_error,27,8,9,0,17,0,1
PAY01881,CUST1390,34511,card,expired_card,8,5,70,0,5,0,1
PAY01882,CUST1752,32245,upi,insufficient_balance,25,3,89,0,16,0,0
PAY01883,CUST2560,29089,card,bank_decline,23,8,10,1,14,0,1
PAY01884,CUST2791,18208,netbanking,network_timeout,1,0,3,0,23,0,1
PAY01885,CUST0343,21235,upi,authentication_failed,25,1,10,0,15,0,1
PAY01886,CUST1799,35425,netbanking,network_timeout,25,0,19,1,10,1,1
PAY01887,CUST2754,7646,netbanking,expired_card,8,2,10,0,19,1,1
PAY01888,CUST1177,32287,card,insufficient_balance,5,4,64,0,10,1,1
PAY01889,CUST1921,2746,wallet,bank_decline,0,0,76,0,0,1,1
PAY01890,CUST1007,24865,netbanking,authentication_failed,10,1,46,1,16,0,0
PAY01891,CUST1660,24854,card,insufficient_balance,13,2,34,0,10,1,1
PAY01892,CUST2709,3311,netbanking,expired_card,26,2,73,1,23,0,1
PAY01893,CUST2264,46911,card,authentication_failed,15,0,52,0,7,1,0
PAY01894,CUST2467,40352,wallet,technical_error,11,0,79,0,4,0,1
PAY01895,CUST0249,17651,card,network_timeout,27,6,32,0,17,0,1
PAY01896,CUST1072,41097,netbanking,authentication_failed,5,8,60,1,7,0,1
PAY01897,CUST1549,47166,upi,technical_error,20,1,51,1,7,0,1
PAY01898,CUST2757,4394,upi,authentication_failed,12,4,21,1,13,1,1
PAY01899,CUST0650,1457,upi,bank_decline,24,2,47,1,6,0,1
PAY01900,CUST1269,16605,card,bank_decline,27,0,49,1,20,1,0
PAY01901,CUST0642,23344,netbanking,expired_card,27,0,23,1,7,1,1
PAY01902,CUST1393,35716,upi,expired_card,6,0,85,0,15,1,1
PAY01903,CUST1261,27047,netbanking,expired_card,16,8,64,0,7,0,1
PAY01904,CUST1509,15923,upi,expired_card,10,2,59,0,21,1,1
PAY01905,CUST0154,19085,card,expired_card,7,3,27,0,11,0,1
PAY01906,CUST2156,16989,netbanking,authentication_failed,3,6,28,0,3,0,0
PAY01907,CUST0388,46716,wallet,technical_error,14,1,69,0,19,0,0
PAY01908,CUST0988,38983,card,authentication_failed,21,3,63,0,4,1,1
PAY01909,CUST2638,21269,upi,network_timeout,28,6,4,0,2,1,1
PAY01910,CUST1342,25615,card,bank_decline,30,8,52,0,0,0,0
PAY01911,CUST0855,1841,card,technical_error,3,5,53,0,17,0,1
PAY01912,CUST2447,34432,card,insufficient_balance,22,6,42,1,20,1,0
PAY01913,CUST1081,47892,netbanking,technical_error,3,6,0,0,12,1,1
PAY01914,CUST2498,22761,upi,network_timeout,2,4,77,0,3,1,1
PAY01915,CUST0446,35438,netbanking,insufficient_balance,7,6,67,1,10,0,1
PAY01916,CUST2403,9228,wallet,insufficient_balance,5,2,27,0,2,0,1
PAY01917,CUST1849,18123,netbanking,expired_card,13,1,11,1,1,1,0
PAY01918,CUST0533,34157,wallet,authentication_failed,1,5,80,0,10,0,1
PAY01919,CUST2017,26019,wallet,bank_decline,30,0,66,0,3,0,1
PAY01920,CUST1748,1277,card,insufficient_balance,27,0,66,0,11,1,1
PAY01921,CUST1630,39908,card,network_timeout,12,2,87,1,2,1,1
PAY01922,CUST0872,6650,upi,insufficient_balance,8,5,45,0,13,0,1
PAY01923,CUST1787,37589,card,bank_decline,20,7,54,0,19,0,0
PAY01924,CUST2149,17387,netbanking,authentication_failed,30,0,14,0,9,0,1
PAY01925,CUST2162,29422,upi,expired_card,9,3,61,0,13,0,1
PAY01926,CUST0869,15418,netbanking,technical_error,23,1,6,0,21,1,1
PAY01927,CUST1850,45392,card,technical_error,26,0,64,1,18,0,1
PAY01928,CUST1186,18827,upi,network_timeout,22,7,32,0,12,1,1
PAY01929,CUST2558,37633,wallet,authentication_failed,9,8,82,1,2,1,1
PAY01930,CUST0595,35179,netbanking,technical_error,12,3,18,1,18,0,1
PAY01931,CUST1206,1494,netbanking,technical_error,19,3,22,0,3,0,1
PAY01932,CUST0914,19395,upi,bank_decline,12,8,7,1,19,0,0
PAY01933,CUST2286,31097,upi,bank_decline,20,1,58,1,0,1,1
PAY01934,CUST0713,49204,upi,expired_card,17,3,66,0,10,1,0
PAY01935,CUST2664,16088,upi,authentication_failed,28,8,2,1,0,1,0
PAY01936,CUST1670,43588,card,insufficient_balance,28,6,43,0,17,0,0
PAY01937,CUST1664,38799,netbanking,technical_error,21,2,55,1,2,1,1
PAY01938,CUST2347,24892,netbanking,bank_decline,20,1,27,0,17,1,0
PAY01939,CUST1745,6539,upi,insufficient_balance,25,8,40,1,3,1,1
PAY01940,CUST0787,17601,wallet,technical_error,4,3,75,1,16,1,1
PAY01941,CUST2565,2758,card,insufficient_balance,15,3,0,0,21,1,1
PAY01942,CUST2460,25703,wallet,network_timeout,1,1,49,0,2,0,1
PAY01943,CUST2738,12770,netbanking,network_timeout,1,1,48,0,19,1,0
PAY01944,CUST0329,19304,card,authentication_failed,10,0,58,1,5,0,1
PAY01945,CUST2386,29153,wallet,authentication_failed,4,0,47,0,20,1,0
PAY01946,CUST1107,1202,wallet,bank_decline,14,4,50,0,1,1,0
PAY01947,CUST0573,47680,wallet,bank_decline,21,2,76,0,11,0,1
PAY01948,CUST2276,6133,wallet,authentication_failed,20,7,49,0,5,0,0
PAY01949,CUST1080,1589,wallet,technical_error,21,8,33,0,6,0,1
PAY01950,CUST0831,29844,upi,network_timeout,29,2,40,1,22,0,1
PAY01951,CUST0830,22692,wallet,network_timeout,14,8,10,1,0,0,1
PAY01952,CUST0673,44535,card,network_timeout,19,2,0,1,3,0,1
PAY01953,CUST1729,15695,netbanking,insufficient_balance,14,7,69,1,12,0,1
PAY01954,CUST0780,14403,wallet,network_timeout,28,8,37,1,8,0,0
PAY01955,CUST2974,11155,netbanking,network_timeout,4,6,37,0,3,1,1
PAY01956,CUST1129,18762,card,insufficient_balance,14,3,87,1,3,1,0
PAY01957,CUST1927,35108,card,insufficient_balance,28,7,63,0,5,0,0
PAY01958,CUST0058,10682,card,bank_decline,28,8,23,0,20,0,0
PAY01959,CUST1070,34141,wallet,insufficient_balance,18,8,43,1,23,1,0
PAY01960,CUST0958,49768,wallet,insufficient_balance,27,8,31,0,16,0,0
PAY01961,CUST2227,44764,netbanking,bank_decline,0,5,29,1,23,0,0
PAY01962,CUST2019,46159,wallet,bank_decline,21,1,58,1,22,0,1
PAY01963,CUST1650,32636,upi,bank_decline,16,2,1,1,0,1,0
PAY01964,CUST2215,9512,card,authentication_failed,26,2,23,0,20,1,1
PAY01965,CUST1344,44263,upi,network_timeout,12,5,1,1,17,1,1
PAY01966,CUST0430,45106,netbanking,bank_decline,18,2,9,0,2,0,1
PAY01967,CUST1341,37315,wallet,bank_decline,24,0,71,1,7,1,1
PAY01968,CUST2554,40008,netbanking,technical_error,27,0,20,0,1,1,1
PAY01969,CUST0139,39760,upi,authentication_failed,26,8,55,1,16,1,1
PAY01970,CUST2656,8618,netbanking,technical_error,10,8,70,0,20,0,1
PAY01971,CUST1162,22826,wallet,authentication_failed,17,8,58,0,22,1,0
PAY01972,CUST0376,23492,upi,insufficient_balance,28,8,51,1,12,1,0
PAY01973,CUST0803,35441,upi,network_timeout,29,7,35,1,2,0,1
PAY01974,CUST2947,41244,wallet,bank_decline,19,8,63,1,17,0,0
PAY01975,CUST2555,37756,wallet,technical_error,15,2,16,1,16,0,1
PAY01976,CUST2024,49236,card,authentication_failed,17,5,87,0,12,0,0
PAY01977,CUST2795,41073,upi,expired_card,1,4,3,1,12,1,0
PAY01978,CUST2981,40702,netbanking,authentication_failed,14,0,3,0,5,1,1
PAY01979,CUST2220,11628,netbanking,expired_card,8,4,23,1,14,1,0
PAY01980,CUST0804,9298,netbanking,technical_error,9,2,81,0,20,0,1
PAY01981,CUST2800,35011,netbanking,bank_decline,26,3,24,0,10,1,0
PAY01982,CUST0674,17187,card,authentication_failed,21,5,23,1,23,1,0
PAY01983,CUST0729,22601,wallet,insufficient_balance,30,2,51,0,22,0,1
PAY01984,CUST1407,34817,netbanking,network_timeout,7,8,13,1,11,1,1
PAY01985,CUST0106,42424,wallet,technical_error,8,6,71,1,0,1,1
PAY01986,CUST1998,44671,netbanking,expired_card,7,0,24,1,20,0,1
PAY01987,CUST2767,33674,card,network_timeout,29,7,76,1,5,0,0
PAY01988,CUST0816,34279,netbanking,technical_error,7,4,4,0,11,0,1
PAY01989,CUST1616,20257,card,expired_card,9,7,13,1,10,0,0
PAY01990,CUST0440,14294,upi,expired_card,19,3,53,1,23,0,0
PAY01991,CUST0976,28034,wallet,expired_card,1,0,79,1,4,0,0
PAY01992,CUST1162,5810,card,expired_card,5,7,49,0,22,1,0
PAY01993,CUST2300,4041,upi,bank_decline,0,4,46,0,7,1,0
PAY01994,CUST1648,10768,upi,expired_card,17,6,53,0,10,1,0
PAY01995,CUST1843,35418,wallet,expired_card,9,2,17,1,22,1,0
PAY01996,CUST2090,22204,netbanking,technical_error,20,5,75,1,11,1,1
PAY01997,CUST2920,40316,netbanking,insufficient_balance,16,2,38,0,2,1,0
PAY01998,CUST1362,1764,upi,network_timeout,28,0,5,0,9,1,1
PAY01999,CUST2619,15145,upi,network_timeout,30,3,16,0,10,1,1
PAY02000,CUST0284,13754,card,expired_card,10,7,4,0,20,1,0
PAY02001,CUST2276,48475,upi,authentication_failed,3,4,38,1,16,1,1
PAY02002,CUST1581,38532,wallet,insufficient_balance,15,3,54,1,20,1,1
PAY02003,CUST2947,19280,wallet,insufficient_balance,23,0,16,1,16,0,1
PAY02004,CUST1511,18968,upi,network_timeout,16,3,22,0,23,0,1
PAY02005,CUST0780,4223,upi,insufficient_balance,19,2,82,0,20,1,1
PAY02006,CUST2557,6168,card,bank_decline,23,0,11,0,13,1,0
PAY02007,CUST2006,10595,upi,authentication_failed,17,7,44,0,17,0,0
PAY02008,CUST1932,26578,card,authentication_failed,14,2,23,1,15,1,1
PAY02009,CUST1315,17161,netbanking,technical_error,20,4,61,0,12,0,1
PAY02010,CUST2340,2242,netbanking,insufficient_balance,19,1,65,1,12,0,1
PAY02011,CUST2989,6801,wallet,network_timeout,17,2,56,0,20,1,1
PAY02012,CUST0720,4249,wallet,authentication_failed,6,3,56,0,18,0,1
PAY02013,CUST0120,21453,upi,insufficient_balance,4,3,52,0,3,1,0
PAY02014,CUST1340,43173,card,authentication_failed,9,3,70,0,7,0,1
PAY02015,CUST1332,42915,netbanking,authentication_failed,30,3,73,0,10,1,1
PAY02016,CUST1093,27485,card,bank_decline,23,7,63,0,5,1,0
PAY02017,CUST1188,16296,card,technical_error,10,4,32,1,19,0,1
PAY02018,CUST0740,29383,wallet,network_timeout,5,2,56,0,5,0,0
PAY02019,CUST1357,16253,wallet,technical_error,29,7,14,0,15,1,1
PAY02020,CUST0567,38083,upi,insufficient_balance,4,0,86,0,4,1,1
PAY02021,CUST1627,47889,card,technical_error,6,2,4,0,8,1,0
PAY02022,CUST2485,45058,wallet,technical_error,16,8,72,1,11,0,1
PAY02023,CUST2840,48595,netbanking,authentication_failed,16,5,23,0,20,1,0
PAY02024,CUST0250,49291,card,insufficient_balance,0,4,38,0,12,0,1
PAY02025,CUST2346,37707,netbanking,network_timeout,14,1,44,0,6,0,1
PAY02026,CUST0094,9878,upi,authentication_failed,30,5,84,0,2,1,1
PAY02027,CUST0815,31424,netbanking,authentication_failed,27,8,24,0,19,0,1
PAY02028,CUST0021,37884,wallet,bank_decline,2,3,87,1,2,0,1
PAY02029,CUST0595,26171,card,authentication_failed,4,2,14,0,5,0,1
PAY02030,CUST2814,46001,wallet,bank_decline,14,2,6,0,19,0,0
PAY02031,CUST0475,7486,wallet,bank_decline,3,2,23,0,3,0,0
PAY02032,CUST1829,9012,netbanking,authentication_failed,23,8,56,0,6,0,1
PAY02033,CUST0152,19342,upi,bank_decline,12,5,26,0,21,0,0
PAY02034,CUST1866,42739,netbanking,technical_error,3,2,36,0,3,0,0
PAY02035,CUST1166,1588,wallet,authentication_failed,16,2,43,0,18,1,1
PAY02036,CUST0552,9938,netbanking,bank_decline,4,0,75,0,22,1,0
PAY02037,CUST1434,47389,wallet,network_timeout,25,0,27,1,4,1,1
PAY02038,CUST0070,6468,upi,bank_decline,3,2,35,0,13,1,0
PAY02039,CUST2252,21506,netbanking,bank_decline,9,2,27,0,8,0,1
PAY02040,CUST0640,1780,upi,bank_decline,29,0,54,0,11,0,1
PAY02041,CUST1964,15226,wallet,expired_card,1,2,76,0,14,0,0
PAY02042,CUST1767,28031,card,bank_decline,7,2,16,1,16,0,1
PAY02043,CUST1403,21034,netbanking,insufficient_balance,26,0,28,1,1,0,1
PAY02044,CUST0241,8271,card,technical_error,11,6,63,1,11,1,1
PAY02045,CUST1263,40922,card,expired_card,14,5,47,1,13,0,0
PAY02046,CUST1009,16567,wallet,network_timeout,4,4,59,1,0,0,0
PAY02047,CUST0181,36468,card,network_timeout,25,8,15,0,6,0,1
PAY02048,CUST1690,36396,upi,network_timeout,14,6,35,0,15,0,0
PAY02049,CUST1736,33934,card,technical_error,0,8,12,1,14,0,0
PAY02050,CUST0607,38946,card,authentication_failed,3,5,90,0,14,0,0
PAY02051,CUST0801,33416,card,bank_decline,14,1,31,0,14,0,1
PAY02052,CUST1361,5323,card,expired_card,11,8,35,1,9,0,0
PAY02053,CUST1641,11567,card,authentication_failed,6,0,2,1,5,1,1
PAY02054,CUST2178,34711,netbanking,bank_decline,13,6,76,1,15,0,1
PAY02055,CUST0838,7996,card,expired_card,6,3,77,1,5,1,0
PAY02056,CUST1042,28770,wallet,bank_decline,26,2,10,1,18,0,1
PAY02057,CUST2149,15864,upi,authentication_failed,27,7,2,0,1,1,0
PAY02058,CUST1651,27284,wallet,network_timeout,9,5,80,0,2,0,1
PAY02059,CUST0208,29390,wallet,authentication_failed,14,1,32,0,0,1,1
PAY02060,CUST2399,15563,card,authentication_failed,18,4,73,0,10,0,1
PAY02061,CUST2735,46481,card,expired_card,25,2,5,1,19,0,1
PAY02062,CUST2416,19605,wallet,bank_decline,25,8,63,0,20,0,0
PAY02063,CUST0814,30459,wallet,authentication_failed,3,6,48,1,3,1,1
PAY02064,CUST1565,6625,upi,insufficient_balance,15,4,6,1,15,1,1
PAY02065,CUST1017,15389,upi,expired_card,13,2,26,1,18,0,1
PAY02066,CUST2501,29333,card,network_timeout,22,4,21,1,21,0,1
PAY02067,CUST0108,14147,wallet,network_timeout,16,7,69,0,3,0,1
PAY02068,CUST1683,3699,upi,authentication_failed,21,0,80,1,3,0,1
PAY02069,CUST0964,24307,wallet,insufficient_balance,28,1,10,1,0,1,1
PAY02070,CUST2710,33406,card,network_timeout,17,6,33,1,17,0,1
PAY02071,CUST0659,49765,card,bank_decline,30,5,66,0,18,1,1
PAY02072,CUST2077,24597,wallet,network_timeout,17,2,7,0,8,0,1
PAY02073,CUST1716,31184,netbanking,bank_decline,21,1,23,0,12,0,1
PAY02074,CUST1227,39138,wallet,network_timeout,24,1,20,1,21,1,1
PAY02075,CUST0678,39415,wallet,technical_error,28,8,19,1,23,1,0
PAY02076,CUST2370,44027,wallet,authentication_failed,20,0,34,0,18,1,0
PAY02077,CUST0940,46852,card,expired_card,28,1,74,1,3,1,1
PAY02078,CUST1750,2984,wallet,technical_error,20,3,22,1,9,0,1
PAY02079,CUST1366,47473,wallet,expired_card,3,7,74,1,5,1,1
PAY02080,CUST2622,3060,wallet,authentication_failed,20,4,78,1,12,0,0
PAY02081,CUST2951,17455,wallet,network_timeout,8,7,65,1,4,0,1
PAY02082,CUST1819,861,upi,technical_error,10,1,49,0,5,1,1
PAY02083,CUST2376,49910,upi,authentication_failed,13,4,69,0,0,0,1
PAY02084,CUST1090,35136,wallet,technical_error,22,8,29,0,13,0,0
PAY02085,CUST1059,25999,wallet,insufficient_balance,24,8,56,0,13,0,0
PAY02086,CUST2553,4255,card,expired_card,2,3,14,0,11,0,0
PAY02087,CUST0838,46940,wallet,network_timeout,7,3,60,1,0,1,1
PAY02088,CUST0765,16393,card,expired_card,10,8,65,0,12,1,1
PAY02089,CUST2869,1537,upi,expired_card,29,4,38,1,4,1,0
PAY02090,CUST0511,40488,card,bank_decline,10,0,24,1,8,0,1
PAY02091,CUST2324,27388,wallet,network_timeout,15,7,8,0,22,1,0
PAY02092,CUST2436,35374,card,technical_error,17,0,51,1,17,0,0
PAY02093,CUST0397,17892,card,bank_decline,8,6,66,0,7,1,0
PAY02094,CUST2550,12205,wallet,authentication_failed,12,4,69,1,19,0,1
PAY02095,CUST2863,38226,wallet,authentication_failed,19,8,56,1,16,1,1
PAY02096,CUST2324,20570,card,expired_card,10,4,40,0,3,0,0
PAY02097,CUST2514,8932,upi,network_timeout,27,7,46,0,22,1,1
PAY02098,CUST2846,3015,netbanking,network_timeout,2,7,10,1,21,0,0
PAY02099,CUST0931,39159,wallet,insufficient_balance,13,5,31,1,22,0,0
PAY02100,CUST0410,33829,netbanking,expired_card,11,0,48,1,0,0,1
PAY02101,CUST0102,39036,netbanking,insufficient_balance,9,8,74,1,5,0,0
PAY02102,CUST1202,24763,wallet,authentication_failed,27,4,71,1,13,1,1
PAY02103,CUST1682,3376,netbanking,bank_decline,8,2,1,1,10,1,1
PAY02104,CUST1492,32214,wallet,expired_card,17,0,73,1,9,1,1
PAY02105,CUST0905,12701,card,bank_decline,4,3,47,1,12,1,1
PAY02106,CUST0536,41619,upi,bank_decline,10,4,6,0,12,1,0
PAY02107,CUST2473,39961,netbanking,insufficient_balance,29,0,1,1,5,0,1
PAY02108,CUST0486,11562,upi,expired_card,5,7,54,1,22,1,1
PAY02109,CUST1273,26395,upi,expired_card,19,1,49,0,3,0,1
PAY02110,CUST0725,18511,card,network_timeout,11,8,32,1,1,0,0
PAY02111,CUST2199,1083,card,bank_decline,18,8,50,1,22,1,0
PAY02112,CUST2289,8478,upi,network_timeout,5,5,56,0,8,1,1
PAY02113,CUST0553,47173,wallet,expired_card,27,2,81,1,2,0,1
PAY02114,CUST2992,7368,upi,network_timeout,6,8,32,0,23,1,0
PAY02115,CUST1402,15040,wallet,expired_card,22,6,68,0,14,1,1
PAY02116,CUST2604,11162,netbanking,expired_card,30,8,22,1,4,0,0
PAY02117,CUST2752,36635,upi,technical_error,10,4,46,1,1,0,1
PAY02118,CUST2769,28230,netbanking,expired_card,20,5,36,1,10,0,0
PAY02119,CUST0807,5126,card,insufficient_balance,30,3,19,1,9,1,1
PAY02120,CUST2795,40784,card,bank_decline,14,6,26,0,21,1,1
PAY02121,CUST2643,42142,upi,bank_decline,5,0,24,1,21,0,0
PAY02122,CUST0299,31212,netbanking,authentication_failed,0,8,7,0,19,1,0
PAY02123,CUST1012,2833,netbanking,expired_card,22,3,4,1,19,0,0
PAY02124,CUST1332,47232,upi,expired_card,19,3,42,0,9,0,1
PAY02125,CUST0147,45975,card,technical_error,2,6,56,1,16,1,0
PAY02126,CUST2107,4488,wallet,expired_card,5,4,32,1,21,1,0
PAY02127,CUST1072,17263,wallet,network_timeout,26,8,26,1,22,0,1
PAY02128,CUST1947,39602,upi,bank_decline,22,8,13,0,20,1,0
PAY02129,CUST0987,42282,card,insufficient_balance,17,7,64,1,17,1,0
PAY02130,CUST2549,37317,wallet,technical_error,16,8,19,0,9,1,1
PAY02131,CUST1972,38030,upi,bank_decline,3,4,57,0,8,1,0
PAY02132,CUST0953,2487,card,authentication_failed,19,8,48,1,5,1,1
PAY02133,CUST0542,13451,upi,technical_error,14,2,66,0,7,0,1
PAY02134,CUST0619,7487,wallet,network_timeout,12,2,72,0,5,0,1
PAY02135,CUST2916,37984,upi,insufficient_balance,4,1,5,0,0,0,0
PAY02136,CUST0943,11616,card,network_timeout,2,8,49,1,13,1,0
PAY02137,CUST0470,3069,card,technical_error,26,8,86,1,22,1,1
PAY02138,CUST0499,834,card,expired_card,6,5,49,0,9,0,1
PAY02139,CUST2968,15516,netbanking,expired_card,20,3,82,0,18,0,1
PAY02140,CUST1977,18211,wallet,technical_error,20,2,24,1,9,1,1
PAY02141,CUST2412,20835,card,network_timeout,0,3,2,1,12,0,0
PAY02142,CUST0015,24352,netbanking,expired_card,30,6,56,0,10,0,0
PAY02143,CUST2823,3119,wallet,bank_decline,28,6,54,1,2,0,1
PAY02144,CUST0054,42521,wallet,expired_card,9,1,90,0,22,0,1
PAY02145,CUST1156,203,wallet,technical_error,10,1,51,1,19,1,1
PAY02146,CUST0172,34361,card,expired_card,24,8,24,1,13,0,1
PAY02147,CUST1206,36404,upi,bank_decline,17,6,20,1,19,1,0
PAY02148,CUST0064,34700,upi,technical_error,13,8,71,0,15,1,1
PAY02149,CUST2517,4861,netbanking,network_timeout,11,6,23,1,14,0,1
PAY02150,CUST2333,29884,wallet,network_timeout,22,3,16,0,2,0,0
PAY02151,CUST1768,46076,netbanking,bank_decline,27,8,73,0,12,0,0
PAY02152,CUST1240,5255,card,technical_error,11,2,9,1,11,1,1
PAY02153,CUST2091,20701,card,bank_decline,15,7,37,0,21,0,1
PAY02154,CUST2000,19550,wallet,technical_error,5,1,12,0,8,0,1
PAY02155,CUST2493,46812,wallet,insufficient_balance,13,4,22,0,4,1,1
PAY02156,CUST1370,33669,card,bank_decline,1,4,46,1,4,0,0
PAY02157,CUST2268,22815,netbanking,expired_card,15,0,40,1,16,0,1
PAY02158,CUST0012,37978,upi,insufficient_balance,27,5,63,0,22,0,1
PAY02159,CUST0204,4252,wallet,insufficient_balance,29,5,52,1,1,1,1
PAY02160,CUST0704,13945,upi,expired_card,27,7,22,0,17,1,1
PAY02161,CUST2954,18449,card,network_timeout,2,7,66,0,5,1,1
PAY02162,CUST2938,29763,upi,network_timeout,4,6,9,1,17,1,0
PAY02163,CUST0026,31653,card,network_timeout,25,5,71,0,2,0,1
PAY02164,CUST2353,24466,card,technical_error,5,7,13,0,10,0,0
PAY02165,CUST1751,5399,card,authentication_failed,11,3,56,0,18,0,1
PAY02166,CUST0818,2973,card,bank_decline,2,6,75,1,21,0,1
PAY02167,CUST0019,31810,netbanking,authentication_failed,26,1,64,1,17,1,1
PAY02168,CUST2864,19304,upi,authentication_failed,4,8,59,1,18,0,0
PAY02169,CUST1689,22684,upi,technical_error,8,4,60,0,13,0,1
PAY02170,CUST2558,47348,upi,bank_decline,6,4,68,0,6,0,0
PAY02171,CUST0146,16996,netbanking,network_timeout,4,5,71,1,7,0,1
PAY02172,CUST0282,30788,netbanking,insufficient_balance,28,5,56,1,16,0,1
PAY02173,CUST1382,10021,wallet,technical_error,1,6,34,1,1,1,1
PAY02174,CUST1835,12798,upi,authentication_failed,8,4,69,0,17,1,0
PAY02175,CUST0725,20935,upi,bank_decline,29,4,51,0,17,0,0
PAY02176,CUST1356,21988,card,bank_decline,26,7,35,0,12,1,1
PAY02177,CUST1840,40724,netbanking,expired_card,2,5,50,0,6,0,0
PAY02178,CUST2987,737,card,technical_error,29,5,41,0,1,1,1
PAY02179,CUST2577,45964,netbanking,authentication_failed,0,1,29,0,2,0,0
PAY02180,CUST1896,33360,wallet,network_timeout,19,0,18,1,9,1,1
PAY02181,CUST2794,25597,card,authentication_failed,22,2,21,0,12,1,1
PAY02182,CUST0958,20752,netbanking,authentication_failed,30,1,87,0,0,0,1
PAY02183,CUST2732,8962,upi,bank_decline,28,5,72,1,1,0,1
PAY02184,CUST0647,27473,card,network_timeout,10,1,43,0,23,0,1
PAY02185,CUST1422,43004,netbanking,bank_decline,20,5,4,1,9,0,0
PAY02186,CUST2017,6646,wallet,authentication_failed,6,2,59,0,11,1,0
PAY02187,CUST2638,1938,upi,authentication_failed,24,1,6,0,12,1,0
PAY02188,CUST2776,40866,upi,expired_card,24,0,26,0,0,1,0
PAY02189,CUST1427,8361,card,insufficient_balance,13,0,64,1,2,0,1
PAY02190,CUST2224,19753,card,insufficient_balance,20,5,78,0,17,1,1
PAY02191,CUST1418,49905,upi,expired_card,21,5,18,0,11,1,1
PAY02192,CUST0290,2279,card,bank_decline,30,7,72,0,20,0,1
PAY02193,CUST1630,37533,wallet,technical_error,1,1,69,1,22,1,1
PAY02194,CUST1956,17320,card,authentication_failed,28,3,61,1,22,0,1
PAY02195,CUST2936,14374,upi,technical_error,27,4,39,1,7,0,1
PAY02196,CUST0012,25831,wallet,bank_decline,12,2,42,1,0,0,1
PAY02197,CUST0659,41576,netbanking,network_timeout,2,7,27,1,10,1,1
PAY02198,CUST0533,25735,upi,expired_card,3,7,68,1,5,0,1
PAY02199,CUST2572,12340,upi,insufficient_balance,25,3,39,1,3,0,1
PAY02200,CUST0063,48415,card,technical_error,1,6,86,0,11,0,0
PAY02201,CUST0024,41859,wallet,technical_error,8,3,1,0,3,0,0
PAY02202,CUST1573,25828,wallet,insufficient_balance,25,2,78,0,9,1,1
PAY02203,CUST1870,21994,wallet,expired_card,27,2,11,0,18,1,1
PAY02204,CUST1277,11076,wallet,network_timeout,7,3,53,0,0,0,1
PAY02205,CUST1875,24351,netbanking,technical_error,5,1,32,1,14,0,1
PAY02206,CUST2847,39148,upi,network_timeout,29,7,14,0,11,0,0
PAY02207,CUST0925,46872,card,insufficient_balance,6,6,89,0,3,0,0
PAY02208,CUST0277,23206,card,technical_error,18,7,0,1,18,0,0
PAY02209,CUST1777,7074,card,technical_error,13,3,68,1,10,0,1
PAY02210,CUST2992,38670,netbanking,technical_error,23,7,88,1,5,0,0
PAY02211,CUST1564,36538,card,authentication_failed,1,5,30,1,17,0,0
PAY02212,CUST0276,35980,wallet,technical_error,30,2,65,1,5,1,1
PAY02213,CUST1359,20481,card,authentication_failed,3,8,17,0,23,1,0
PAY02214,CUST0666,179,card,insufficient_balance,17,3,78,1,17,0,0
PAY02215,CUST2562,15084,upi,authentication_failed,30,2,7,1,2,1,1
PAY02216,CUST1142,32034,netbanking,authentication_failed,6,2,67,0,2,1,1
PAY02217,CUST1475,37932,upi,authentication_failed,0,2,80,0,4,0,0
PAY02218,CUST2598,13722,card,expired_card,29,2,28,0,4,1,1
PAY02219,CUST2040,23638,upi,authentication_failed,28,1,31,1,22,0,0
PAY02220,CUST0170,49861,upi,technical_error,2,6,42,0,13,1,0
PAY02221,CUST1622,13013,card,authentication_failed,26,0,44,0,14,1,1
PAY02222,CUST1883,23421,wallet,technical_error,3,8,28,0,2,0,0
PAY02223,CUST2670,10710,card,bank_decline,21,1,60,1,12,0,1
PAY02224,CUST0652,38244,upi,network_timeout,30,0,33,0,23,1,1
PAY02225,CUST0274,40738,wallet,bank_decline,5,2,72,0,6,0,1
PAY02226,CUST1720,32006,card,technical_error,1,5,51,1,13,1,1
PAY02227,CUST1887,49457,card,bank_decline,7,6,19,0,18,1,0
PAY02228,CUST1483,23802,card,expired_card,18,4,32,1,20,0,1
PAY02229,CUST1807,28377,wallet,insufficient_balance,21,4,77,0,22,0,1
PAY02230,CUST2325,27417,netbanking,network_timeout,9,6,21,1,6,0,1
PAY02231,CUST0692,25353,upi,bank_decline,28,1,11,1,4,1,0
PAY02232,CUST0887,27031,upi,authentication_failed,10,8,89,1,8,0,1
PAY02233,CUST0416,44610,card,technical_error,23,7,76,0,23,1,0
PAY02234,CUST0605,42008,upi,authentication_failed,9,1,84,1,8,0,0
PAY02235,CUST0824,36780,netbanking,insufficient_balance,28,2,36,1,5,1,1
PAY02236,CUST2731,3875,netbanking,technical_error,7,3,31,1,6,0,1
PAY02237,CUST2825,15886,card,network_timeout,22,5,85,1,12,0,0
PAY02238,CUST1532,47205,netbanking,expired_card,27,7,49,1,15,1,0
PAY02239,CUST1858,26404,netbanking,authentication_failed,24,5,25,1,7,1,1
PAY02240,CUST1519,37083,wallet,expired_card,12,6,76,1,2,1,0
PAY02241,CUST0855,18473,upi,network_timeout,5,5,36,1,0,0,0
PAY02242,CUST2346,21860,netbanking,technical_error,2,5,23,1,19,0,1
PAY02243,CUST1324,24427,wallet,bank_decline,9,7,23,0,7,0,0
PAY02244,CUST1857,18199,upi,insufficient_balance,11,1,34,0,12,0,0
PAY02245,CUST1172,3549,netbanking,authentication_failed,17,3,31,0,13,0,0
PAY02246,CUST1233,20857,netbanking,insufficient_balance,22,0,57,1,7,1,1
PAY02247,CUST0926,6932,card,network_timeout,17,1,63,1,5,0,1
PAY02248,CUST0493,5303,netbanking,authentication_failed,17,7,11,1,10,0,0
PAY02249,CUST0857,23873,netbanking,authentication_failed,28,2,55,1,8,1,1
PAY02250,CUST2787,42730,wallet,network_timeout,3,7,24,0,20,0,0
PAY02251,CUST2833,34770,wallet,expired_card,28,2,28,1,14,1,1
PAY02252,CUST0541,37934,wallet,bank_decline,21,5,52,0,6,1,1
PAY02253,CUST0014,7405,netbanking,network_timeout,20,0,80,1,4,1,1
PAY02254,CUST2200,4221,card,expired_card,10,8,84,0,1,0,1
PAY02255,CUST0623,31809,upi,authentication_failed,4,1,39,0,10,1,0
PAY02256,CUST2714,12870,card,bank_decline,0,4,29,0,6,1,0
PAY02257,CUST2168,41226,card,bank_decline,5,0,25,0,6,1,1
PAY02258,CUST2550,22766,netbanking,authentication_failed,4,8,50,0,23,0,0
PAY02259,CUST2462,42362,upi,technical_error,23,7,31,1,4,1,1
PAY02260,CUST2521,23184,upi,insufficient_balance,4,2,19,1,7,0,1
PAY02261,CUST2139,39643,upi,network_timeout,9,5,60,0,11,0,0
PAY02262,CUST0530,14952,wallet,bank_decline,2,8,44,0,15,1,0
PAY02263,CUST0376,3308,wallet,network_timeout,16,2,49,1,3,0,1
PAY02264,CUST0819,25077,card,network_timeout,0,7,15,0,12,0,0
PAY02265,CUST1451,42358,upi,technical_error,21,8,80,0,22,0,1
PAY02266,CUST2020,43761,wallet,authentication_failed,24,4,68,1,12,1,1
PAY02267,CUST0821,21354,wallet,expired_card,4,2,26,0,22,0,0
PAY02268,CUST0581,10676,card,authentication_failed,3,4,32,0,11,0,1
PAY02269,CUST2939,43681,upi,insufficient_balance,23,5,51,0,12,0,1
PAY02270,CUST2532,22220,upi,expired_card,20,0,49,0,20,1,1
PAY02271,CUST1003,4469,card,technical_error,1,4,50,1,8,0,1
PAY02272,CUST0968,513,wallet,authentication_failed,10,3,71,1,3,1,1
PAY02273,CUST0609,988,card,insufficient_balance,24,6,22,1,21,0,1
PAY02274,CUST2084,18897,wallet,insufficient_balance,18,7,84,1,12,0,0
PAY02275,CUST1286,47973,netbanking,bank_decline,1,5,40,1,18,0,1
PAY02276,CUST0714,41139,card,expired_card,2,6,34,0,2,1,0
PAY02277,CUST1352,28166,netbanking,network_timeout,18,1,73,1,18,0,1
PAY02278,CUST2421,21139,wallet,technical_error,15,5,23,0,15,0,1
PAY02279,CUST0562,1290,netbanking,insufficient_balance,13,2,85,0,2,1,1
PAY02280,CUST0394,9009,card,insufficient_balance,9,1,25,0,22,1,1
PAY02281,CUST2541,26545,wallet,technical_error,18,7,51,0,18,1,1
PAY02282,CUST0884,4962,upi,bank_decline,15,7,29,0,19,0,0
PAY02283,CUST0541,28794,wallet,authentication_failed,24,0,58,1,22,1,1
PAY02284,CUST2658,35797,wallet,expired_card,7,3,80,1,6,0,1
PAY02285,CUST2469,6109,wallet,expired_card,9,3,3,1,5,0,1
PAY02286,CUST0511,9585,card,insufficient_balance,3,1,45,0,11,1,1
PAY02287,CUST1549,17944,netbanking,technical_error,20,7,36,1,0,0,0
PAY02288,CUST0005,9293,wallet,technical_error,14,6,39,1,17,1,1
PAY02289,CUST2034,26374,netbanking,technical_error,14,7,39,0,13,0,1
PAY02290,CUST1580,22877,wallet,authentication_failed,1,4,42,0,0,1,0
PAY02291,CUST1001,23234,netbanking,authentication_failed,7,7,25,0,18,1,0
PAY02292,CUST1116,37130,wallet,technical_error,5,7,56,0,3,1,1
PAY02293,CUST0563,37410,wallet,insufficient_balance,10,3,6,1,18,1,1
PAY02294,CUST2946,621,upi,expired_card,11,1,20,0,14,1,1
PAY02295,CUST2763,13624,wallet,expired_card,7,1,40,1,16,1,1
PAY02296,CUST2506,25886,netbanking,expired_card,13,6,31,1,10,1,0
PAY02297,CUST1197,48945,upi,expired_card,22,4,9,1,19,0,1
PAY02298,CUST1621,37415,upi,technical_error,7,4,35,1,9,0,1
PAY02299,CUST2355,17771,wallet,expired_card,0,8,86,0,4,0,0
PAY02300,CUST0196,38983,netbanking,technical_error,13,2,77,1,23,0,1
PAY02301,CUST2358,43944,netbanking,network_timeout,7,2,13,0,18,1,1
PAY02302,CUST0529,4111,upi,network_timeout,27,7,5,1,10,1,1
PAY02303,CUST2125,22889,upi,expired_card,20,6,47,1,15,0,0
PAY02304,CUST0515,2543,upi,network_timeout,1,4,35,1,9,1,1
PAY02305,CUST0263,9824,upi,technical_error,1,0,18,1,3,0,0
PAY02306,CUST0471,13471,wallet,expired_card,27,6,45,1,6,1,0
PAY02307,CUST2386,22210,wallet,network_timeout,17,6,10,0,2,1,1
PAY02308,CUST2892,23725,netbanking,insufficient_balance,8,5,50,1,7,0,1
PAY02309,CUST0297,14702,netbanking,network_timeout,28,3,37,0,6,1,1
PAY02310,CUST0646,44058,upi,network_timeout,27,3,24,1,14,1,1
PAY02311,CUST0751,17475,wallet,insufficient_balance,20,1,2,1,7,1,1
PAY02312,CUST2926,38074,wallet,technical_error,23,6,69,0,1,1,0
PAY02313,CUST2912,46489,upi,technical_error,27,4,48,0,4,0,1
PAY02314,CUST2649,43528,wallet,bank_decline,28,4,8,1,8,0,0
PAY02315,CUST0154,19898,upi,expired_card,1,2,29,1,1,0,0
PAY02316,CUST0664,36740,netbanking,bank_decline,12,5,23,1,10,0,1
PAY02317,CUST0815,13275,upi,technical_error,4,3,1,0,0,0,1
PAY02318,CUST1353,26397,card,insufficient_balance,6,0,29,0,7,0,1
PAY02319,CUST1039,26857,wallet,bank_decline,2,1,85,1,14,1,1
PAY02320,CUST0044,28774,wallet,insufficient_balance,24,7,78,1,10,0,1
PAY02321,CUST0233,11474,netbanking,authentication_failed,11,3,7,0,5,0,0
PAY02322,CUST2383,36546,netbanking,bank_decline,5,3,3,0,8,0,1
PAY02323,CUST0192,8426,netbanking,bank_decline,2,0,11,1,22,0,0
PAY02324,CUST0670,43479,upi,expired_card,1,5,7,1,23,1,0
PAY02325,CUST1061,43390,wallet,authentication_failed,24,1,60,1,10,1,1
PAY02326,CUST1696,7038,upi,expired_card,1,6,46,0,17,1,1
PAY02327,CUST0632,44509,wallet,authentication_failed,4,5,64,0,5,0,1
PAY02328,CUST1298,39342,card,technical_error,25,5,49,1,17,1,1
PAY02329,CUST2919,16793,upi,insufficient_balance,15,3,80,0,14,0,1
PAY02330,CUST0764,6635,upi,network_timeout,2,0,15,1,16,0,1
PAY02331,CUST0966,45771,netbanking,authentication_failed,17,6,78,0,21,0,0
PAY02332,CUST1862,3342,wallet,expired_card,22,0,80,0,19,0,1
PAY02333,CUST1444,6887,netbanking,authentication_failed,11,2,76,1,23,0,1
PAY02334,CUST2024,6786,upi,insufficient_balance,4,7,49,1,7,0,1
PAY02335,CUST2284,29879,upi,insufficient_balance,0,5,37,0,4,0,1
PAY02336,CUST1539,11644,wallet,authentication_failed,10,4,75,1,6,0,1
PAY02337,CUST0007,45474,upi,insufficient_balance,9,4,38,1,0,1,1
PAY02338,CUST2058,34084,wallet,technical_error,19,5,1,1,14,0,1
PAY02339,CUST0681,776,netbanking,technical_error,21,6,64,1,2,1,1
PAY02340,CUST0777,44787,wallet,bank_decline,8,2,50,1,20,0,1
PAY02341,CUST0656,39273,netbanking,bank_decline,7,4,23,1,15,1,1
PAY02342,CUST1307,11273,upi,expired_card,18,2,2,1,2,1,1
PAY02343,CUST1431,35668,card,insufficient_balance,25,2,3,1,18,0,1
PAY02344,CUST0619,38931,netbanking,network_timeout,2,5,52,0,1,0,1
PAY02345,CUST2423,20923,netbanking,authentication_failed,22,6,29,1,7,1,0
PAY02346,CUST2738,47299,upi,authentication_failed,13,2,79,1,21,0,1
PAY02347,CUST0176,28376,wallet,network_timeout,10,4,79,0,20,1,1
PAY02348,CUST0398,12848,upi,authentication_failed,3,3,83,0,1,1,0
PAY02349,CUST2351,35124,upi,authentication_failed,27,2,8,0,5,0,1
PAY02350,CUST0387,11430,card,expired_card,23,4,65,0,22,1,1
PAY02351,CUST2205,10169,wallet,technical_error,13,8,63,1,9,0,1
PAY02352,CUST0426,38297,card,technical_error,10,4,71,0,12,1,0
PAY02353,CUST1252,49257,upi,authentication_failed,0,0,49,0,18,1,0
PAY02354,CUST1812,41930,wallet,insufficient_balance,26,5,66,1,23,1,0
PAY02355,CUST2613,26427,netbanking,bank_decline,23,4,15,1,23,0,0
PAY02356,CUST0892,19511,upi,network_timeout,19,2,55,0,5,0,1
PAY02357,CUST0792,12094,card,expired_card,22,1,5,1,5,1,0
PAY02358,CUST2179,14318,card,expired_card,23,7,65,0,2,1,0
PAY02359,CUST2520,29362,upi,bank_decline,18,4,73,0,20,0,0
PAY02360,CUST2105,45864,upi,network_timeout,23,8,2,0,7,1,1
PAY02361,CUST1730,26958,card,authentication_failed,22,2,90,0,1,0,1
PAY02362,CUST1425,12991,upi,technical_error,10,3,69,1,6,0,1
PAY02363,CUST0016,21187,card,expired_card,25,2,34,0,16,0,1
PAY02364,CUST2253,46616,card,expired_card,17,2,53,0,21,0,1
PAY02365,CUST0245,29663,wallet,technical_error,22,6,20,1,13,0,1
PAY02366,CUST0931,11720,upi,technical_error,19,6,86,0,6,1,1
PAY02367,CUST1670,49054,card,technical_error,10,1,80,1,5,1,1
PAY02368,CUST1864,6965,upi,bank_decline,17,4,13,0,2,0,1
PAY02369,CUST0636,43604,upi,insufficient_balance,28,3,77,0,3,0,1
PAY02370,CUST1431,12344,wallet,authentication_failed,19,1,67,1,10,0,1
PAY02371,CUST1664,31706,wallet,bank_decline,3,0,54,1,18,0,0
PAY02372,CUST0026,41702,card,authentication_failed,26,4,31,0,19,0,0
PAY02373,CUST1914,39860,wallet,bank_decline,3,7,64,0,11,1,0
PAY02374,CUST2374,35046,upi,technical_error,22,4,44,1,5,0,1
PAY02375,CUST2934,48064,upi,authentication_failed,12,6,47,1,17,1,0
PAY02376,CUST0700,40184,netbanking,technical_error,26,1,17,1,14,0,1
PAY02377,CUST1262,40518,upi,expired_card,10,3,77,1,21,1,1
PAY02378,CUST2574,41811,card,bank_decline,23,4,17,0,14,1,1
PAY02379,CUST2570,31241,upi,technical_error,13,6,75,1,2,1,1
PAY02380,CUST2352,40649,wallet,bank_decline,0,8,0,1,9,1,1
PAY02381,CUST1045,36744,netbanking,authentication_failed,19,4,51,1,2,0,0
PAY02382,CUST2492,33134,netbanking,network_timeout,13,7,31,1,14,1,0
PAY02383,CUST0845,26227,card,bank_decline,9,8,3,1,9,1,1
PAY02384,CUST0041,39744,upi,authentication_failed,20,8,50,0,10,0,0
PAY02385,CUST0485,2157,upi,bank_decline,4,7,5,1,12,1,0
PAY02386,CUST2265,39541,card,network_timeout,26,8,22,1,17,1,1
PAY02387,CUST1469,34184,card,insufficient_balance,0,8,69,0,21,0,0
PAY02388,CUST1352,31718,netbanking,authentication_failed,26,8,70,0,19,1,1
PAY02389,CUST1073,48826,card,technical_error,11,6,30,0,4,1,0
PAY02390,CUST1518,933,card,network_timeout,6,0,86,1,23,1,1
PAY02391,CUST2781,26530,card,technical_error,28,5,82,0,0,1,1
PAY02392,CUST1587,19287,card,technical_error,8,3,56,1,13,1,1
PAY02393,CUST2333,3493,wallet,authentication_failed,29,0,83,0,16,1,1
PAY02394,CUST0664,27261,card,network_timeout,3,3,54,1,22,0,1
PAY02395,CUST0195,15233,netbanking,expired_card,9,4,16,0,12,1,1
PAY02396,CUST1124,43698,netbanking,bank_decline,17,6,47,0,9,0,0
PAY02397,CUST1548,9390,upi,network_timeout,10,5,78,1,15,0,1
PAY02398,CUST1292,27983,upi,insufficient_balance,30,2,15,0,10,0,1
PAY02399,CUST0883,41728,netbanking,bank_decline,25,0,33,1,9,1,1
PAY02400,CUST1593,19995,netbanking,authentication_failed,25,5,47,0,19,1,0
PAY02401,CUST1337,11288,card,insufficient_balance,17,3,40,0,15,0,1
PAY02402,CUST0562,18939,netbanking,authentication_failed,11,3,13,0,22,0,1
PAY02403,CUST0014,48663,upi,bank_decline,4,2,11,0,22,1,0
PAY02404,CUST0971,42049,upi,authentication_failed,14,7,20,1,8,0,1
PAY02405,CUST2530,22808,netbanking,authentication_failed,21,5,70,1,5,0,1
PAY02406,CUST2394,43916,netbanking,insufficient_balance,21,5,17,1,3,1,1
PAY02407,CUST0474,33022,netbanking,bank_decline,11,1,57,0,1,1,1
PAY02408,CUST0214,34774,card,expired_card,9,1,33,1,14,1,1
PAY02409,CUST1103,31007,upi,expired_card,20,3,45,0,9,1,0
PAY02410,CUST2167,48059,netbanking,network_timeout,26,7,15,1,18,1,1
PAY02411,CUST2877,37526,wallet,insufficient_balance,8,4,77,0,1,1,0
PAY02412,CUST0948,32103,card,insufficient_balance,6,1,67,0,13,0,1
PAY02413,CUST0282,45213,upi,insufficient_balance,26,8,76,0,13,0,1
PAY02414,CUST2102,31192,upi,technical_error,2,5,22,1,17,1,1
PAY02415,CUST0805,731,netbanking,technical_error,13,2,40,0,10,0,1
PAY02416,CUST0501,29274,netbanking,bank_decline,10,3,41,0,15,0,1
PAY02417,CUST0416,33646,card,expired_card,13,7,24,1,8,1,0
PAY02418,CUST2034,5842,wallet,bank_decline,23,6,20,1,18,0,0
PAY02419,CUST1272,14811,upi,bank_decline,4,4,48,1,8,1,0
PAY02420,CUST0216,40050,card,authentication_failed,1,1,6,1,15,0,1
PAY02421,CUST2366,1211,upi,authentication_failed,22,5,20,0,22,0,1
PAY02422,CUST2214,39057,wallet,authentication_failed,16,4,36,0,20,1,1
PAY02423,CUST1597,18249,netbanking,technical_error,24,7,74,1,14,0,0
PAY02424,CUST2299,24409,wallet,expired_card,20,5,66,0,16,0,1
PAY02425,CUST2427,3464,upi,insufficient_balance,2,7,74,1,23,0,0
PAY02426,CUST0564,19710,upi,authentication_failed,19,7,10,1,0,1,0
PAY02427,CUST2379,34776,netbanking,expired_card,29,5,12,1,6,1,1
PAY02428,CUST2034,49943,upi,technical_error,12,8,13,0,5,0,0
PAY02429,CUST2615,2045,upi,technical_error,16,5,55,0,2,0,1
PAY02430,CUST2498,32323,card,expired_card,30,5,73,0,0,0,0
PAY02431,CUST0432,29282,wallet,technical_error,1,5,40,0,17,1,1
PAY02432,CUST1733,38451,upi,insufficient_balance,26,5,11,1,23,0,0
PAY02433,CUST2957,30553,card,authentication_failed,10,3,16,1,0,0,0
PAY02434,CUST0500,37827,upi,technical_error,2,0,31,0,18,1,1
PAY02435,CUST1260,8908,netbanking,expired_card,3,3,54,0,18,0,1
PAY02436,CUST2827,34907,netbanking,technical_error,25,1,64,0,1,1,1
PAY02437,CUST1343,4097,upi,expired_card,6,7,26,1,2,1,0
PAY02438,CUST2856,34895,wallet,insufficient_balance,12,6,17,1,2,0,1
PAY02439,CUST2828,22951,wallet,technical_error,7,3,45,0,19,0,1
PAY02440,CUST2885,566,netbanking,technical_error,10,6,11,1,20,1,1
PAY02441,CUST1845,43724,upi,network_timeout,20,5,49,1,7,1,1
PAY02442,CUST2327,12285,netbanking,expired_card,25,1,12,1,9,0,1
PAY02443,CUST1610,44588,card,authentication_failed,4,8,30,1,15,0,1
PAY02444,CUST1872,1946,upi,technical_error,19,6,83,1,13,0,0
PAY02445,CUST1406,16442,netbanking,insufficient_balance,16,1,48,1,8,0,1
PAY02446,CUST2887,44858,wallet,network_timeout,1,1,79,1,10,0,1
PAY02447,CUST1372,35188,netbanking,bank_decline,26,4,5,1,3,0,1
PAY02448,CUST0774,43961,card,insufficient_balance,15,3,1,1,4,1,1
PAY02449,CUST1720,13766,wallet,insufficient_balance,29,8,13,1,20,1,1
PAY02450,CUST2771,17833,wallet,network_timeout,16,3,75,1,6,0,1
PAY02451,CUST2357,27085,card,bank_decline,15,6,33,0,18,0,0
PAY02452,CUST0710,33238,netbanking,technical_error,16,7,34,1,11,0,0
PAY02453,CUST2896,15640,netbanking,technical_error,23,7,17,1,3,1,1
PAY02454,CUST1090,12980,card,authentication_failed,30,6,70,0,3,1,0
PAY02455,CUST1110,47341,card,insufficient_balance,9,3,75,0,16,1,1
PAY02456,CUST0842,36038,wallet,bank_decline,20,5,65,0,23,0,0
PAY02457,CUST0879,26622,netbanking,bank_decline,14,0,32,0,7,0,1
PAY02458,CUST2479,916,card,expired_card,6,8,81,1,0,0,0
PAY02459,CUST2233,8470,wallet,insufficient_balance,11,4,21,0,8,0,1
PAY02460,CUST2684,11266,upi,network_timeout,19,0,83,1,14,1,1
PAY02461,CUST0549,579,netbanking,expired_card,2,0,7,1,22,1,0
PAY02462,CUST0409,37129,upi,insufficient_balance,8,5,30,0,1,1,0
PAY02463,CUST2927,40478,netbanking,network_timeout,30,2,18,1,17,1,1
PAY02464,CUST0116,38594,wallet,insufficient_balance,23,6,32,1,6,0,1
PAY02465,CUST0727,24557,card,bank_decline,26,4,18,0,9,0,1
PAY02466,CUST1086,45575,upi,insufficient_balance,13,1,13,0,1,0,1
PAY02467,CUST1252,25172,wallet,network_timeout,22,6,27,0,15,0,1
PAY02468,CUST0612,35892,wallet,bank_decline,22,2,7,0,1,0,1
PAY02469,CUST2436,22069,upi,bank_decline,28,6,17,0,18,1,0
PAY02470,CUST0806,26921,card,network_timeout,10,7,60,1,0,0,1
PAY02471,CUST0393,32535,upi,insufficient_balance,10,0,3,1,6,1,1
PAY02472,CUST0367,12519,card,authentication_failed,14,2,20,0,3,0,0
PAY02473,CUST2215,25047,card,authentication_failed,16,7,9,1,15,0,0
PAY02474,CUST0761,7961,card,expired_card,10,4,52,0,15,0,0
PAY02475,CUST2333,11056,card,bank_decline,26,0,58,1,9,0,1
PAY02476,CUST1668,3625,upi,insufficient_balance,24,4,37,0,5,1,0
PAY02477,CUST0591,6184,wallet,network_timeout,4,5,23,0,18,1,1
PAY02478,CUST0338,9400,card,technical_error,8,4,57,1,5,1,0
PAY02479,CUST2528,1581,upi,authentication_failed,5,6,82,1,10,0,0
PAY02480,CUST0921,8655,wallet,bank_decline,2,7,77,1,23,0,1
PAY02481,CUST2774,8877,netbanking,expired_card,26,5,74,1,3,1,1
PAY02482,CUST0152,8712,card,network_timeout,18,1,40,0,5,1,1
PAY02483,CUST2214,26616,netbanking,authentication_failed,19,8,52,1,15,1,0
PAY02484,CUST2105,44301,wallet,insufficient_balance,6,7,48,0,0,1,0
PAY02485,CUST1278,29996,netbanking,network_timeout,16,3,56,0,18,0,1
PAY02486,CUST2343,2231,wallet,expired_card,19,2,10,1,9,0,0
PAY02487,CUST0207,26554,upi,bank_decline,19,2,25,1,7,1,1
PAY02488,CUST2214,17730,wallet,expired_card,14,0,64,0,3,0,0
PAY02489,CUST2352,34688,wallet,expired_card,8,6,23,0,22,0,0
PAY02490,CUST0689,4420,upi,insufficient_balance,23,7,87,0,0,1,1
PAY02491,CUST1347,197,upi,insufficient_balance,0,0,2,0,17,1,1
PAY02492,CUST1019,19216,wallet,bank_decline,7,1,78,0,0,0,1
PAY02493,CUST0497,16623,card,bank_decline,25,0,2,0,12,0,0
PAY02494,CUST0963,9200,wallet,insufficient_balance,29,7,74,1,23,0,1
PAY02495,CUST1591,683,netbanking,expired_card,17,1,70,1,15,1,1
PAY02496,CUST1592,16152,card,network_timeout,0,8,35,0,7,1,0
PAY02497,CUST0487,6442,upi,bank_decline,2,1,66,0,10,0,1
PAY02498,CUST2713,39692,netbanking,authentication_failed,8,5,64,0,18,1,0
PAY02499,CUST0615,1290,upi,authentication_failed,8,0,8,1,6,1,0
PAY02500,CUST0980,18301,wallet,bank_decline,0,7,41,1,18,1,0
PAY02501,CUST1161,38242,netbanking,bank_decline,13,7,18,0,3,0,1
PAY02502,CUST2255,9140,netbanking,authentication_failed,23,0,17,0,22,0,1
PAY02503,CUST0565,42869,upi,technical_error,14,4,0,0,12,0,1
PAY02504,CUST0138,34891,netbanking,technical_error,28,1,63,1,22,1,0
PAY02505,CUST0557,30742,upi,expired_card,20,3,52,1,5,0,1
PAY02506,CUST1411,29881,card,network_timeout,9,1,20,0,17,0,1
PAY02507,CUST2260,46055,netbanking,network_timeout,17,1,87,1,2,0,1
PAY02508,CUST2587,21554,netbanking,technical_error,0,4,85,1,3,0,1
PAY02509,CUST0250,30551,upi,insufficient_balance,1,4,54,1,0,0,0
PAY02510,CUST0350,8474,upi,technical_error,4,7,11,0,2,0,1
PAY02511,CUST0822,8433,wallet,network_timeout,11,1,16,0,20,1,1
PAY02512,CUST2181,46979,netbanking,network_timeout,15,6,55,1,7,1,0
PAY02513,CUST1279,25123,card,expired_card,20,2,18,1,13,0,1
PAY02514,CUST2597,19750,wallet,network_timeout,3,1,42,0,0,1,1
PAY02515,CUST2045,47232,upi,authentication_failed,9,7,19,1,7,1,1
PAY02516,CUST2287,27746,card,bank_decline,13,8,21,0,10,0,1
PAY02517,CUST2783,8371,wallet,authentication_failed,30,2,50,1,0,1,1
PAY02518,CUST1714,46210,wallet,expired_card,29,6,19,0,8,0,0
PAY02519,CUST2546,29062,wallet,technical_error,14,8,34,1,15,1,1
PAY02520,CUST0330,43510,upi,technical_error,1,3,46,0,1,1,0
PAY02521,CUST0446,33540,netbanking,technical_error,18,7,38,0,4,0,0
PAY02522,CUST1283,17917,upi,expired_card,1,4,53,1,17,0,0
PAY02523,CUST0453,9983,card,expired_card,25,6,32,1,5,1,0
PAY02524,CUST1052,37772,upi,network_timeout,12,4,36,0,3,0,1
PAY02525,CUST2747,46647,wallet,insufficient_balance,17,8,10,0,14,0,0
PAY02526,CUST0011,43923,wallet,insufficient_balance,9,3,43,1,16,0,1
PAY02527,CUST2966,4344,netbanking,technical_error,25,6,68,0,12,1,1
PAY02528,CUST1064,1298,netbanking,network_timeout,26,1,5,0,2,0,0
PAY02529,CUST1520,20481,upi,authentication_failed,23,4,10,0,7,0,1
PAY02530,CUST0486,46514,wallet,network_timeout,9,8,54,0,7,1,0
PAY02531,CUST0583,6685,wallet,network_timeout,1,3,20,0,22,0,0
PAY02532,CUST0431,39072,wallet,technical_error,26,0,10,0,8,0,1
PAY02533,CUST0055,13853,netbanking,bank_decline,26,1,30,0,22,1,1
PAY02534,CUST0406,38746,wallet,authentication_failed,17,6,5,0,20,1,0
PAY02535,CUST0638,49944,netbanking,authentication_failed,22,0,64,1,3,1,1
PAY02536,CUST2606,30682,netbanking,expired_card,29,0,80,0,2,0,0
PAY02537,CUST1793,22429,upi,expired_card,16,2,90,0,0,1,0
PAY02538,CUST0682,36676,wallet,technical_error,23,0,60,0,14,0,1
PAY02539,CUST2929,14956,wallet,network_timeout,30,6,13,1,0,0,0
PAY02540,CUST2522,30900,upi,insufficient_balance,28,3,86,1,8,1,1
PAY02541,CUST2009,8004,upi,bank_decline,10,3,5,1,13,0,0
PAY02542,CUST0029,12031,netbanking,technical_error,0,8,46,1,14,0,0
PAY02543,CUST0061,11222,netbanking,authentication_failed,27,4,24,0,6,1,0
PAY02544,CUST0763,10734,card,bank_decline,18,0,49,1,17,1,1
PAY02545,CUST1868,17111,wallet,authentication_failed,15,0,49,1,21,1,1
PAY02546,CUST0272,28734,card,insufficient_balance,18,5,89,0,2,1,1
PAY02547,CUST0225,48321,card,bank_decline,28,4,18,1,2,0,1
PAY02548,CUST1968,732,upi,insufficient_balance,11,0,83,1,5,1,1
PAY02549,CUST0868,46159,card,technical_error,17,3,73,0,9,1,1
PAY02550,CUST2062,4422,upi,network_timeout,0,4,13,1,19,0,1
PAY02551,CUST0064,20835,upi,network_timeout,4,1,47,0,12,1,1
PAY02552,CUST2948,24002,wallet,authentication_failed,9,6,31,0,21,1,0
PAY02553,CUST0954,20406,card,network_timeout,0,5,2,0,8,1,0
PAY02554,CUST1723,17111,upi,bank_decline,16,6,15,1,15,0,1
PAY02555,CUST2261,22183,netbanking,authentication_failed,24,1,17,0,14,1,1
PAY02556,CUST1350,6554,upi,insufficient_balance,18,5,72,1,16,0,0
PAY02557,CUST1399,23842,netbanking,insufficient_balance,12,0,85,1,5,0,1
PAY02558,CUST1571,1336,upi,expired_card,25,4,55,1,8,1,1
PAY02559,CUST1895,30807,upi,network_timeout,11,1,56,0,0,1,1
PAY02560,CUST0834,4107,wallet,network_timeout,11,6,33,1,17,0,1
PAY02561,CUST1971,43653,card,insufficient_balance,3,7,40,1,7,0,1
PAY02562,CUST0761,29086,netbanking,network_timeout,26,4,64,1,22,1,1
PAY02563,CUST2752,11966,wallet,network_timeout,5,2,42,1,12,1,1
PAY02564,CUST0605,29648,upi,technical_error,16,4,5,1,13,1,1
PAY02565,CUST1027,9019,card,bank_decline,20,6,87,0,4,1,0
PAY02566,CUST0277,46395,upi,expired_card,6,8,51,1,13,0,0
PAY02567,CUST1467,39666,upi,insufficient_balance,28,8,55,1,19,0,1
PAY02568,CUST1665,44128,card,expired_card,16,8,50,0,5,0,0
PAY02569,CUST2843,22028,netbanking,insufficient_balance,8,0,44,0,21,0,0
PAY02570,CUST1943,13208,wallet,authentication_failed,2,5,76,1,13,1,0
PAY02571,CUST0037,20696,upi,authentication_failed,20,5,52,1,1,1,1
PAY02572,CUST2049,39118,wallet,bank_decline,22,5,44,1,5,1,0
PAY02573,CUST0316,38549,card,insufficient_balance,26,8,33,0,5,1,1
PAY02574,CUST0861,26474,upi,bank_decline,23,3,23,0,22,0,0
PAY02575,CUST0719,42270,upi,bank_decline,3,1,9,1,11,1,1
PAY02576,CUST1745,39863,card,bank_decline,3,6,21,0,9,0,0
PAY02577,CUST2527,35698,netbanking,network_timeout,9,4,70,1,18,0,0
PAY02578,CUST0133,24662,upi,network_timeout,26,6,74,0,6,0,1
PAY02579,CUST0767,2039,upi,authentication_failed,13,8,1,0,8,0,0
PAY02580,CUST2780,26151,netbanking,bank_decline,26,1,7,1,17,0,1
PAY02581,CUST0293,29629,wallet,network_timeout,29,3,10,1,6,1,1
PAY02582,CUST0162,22541,card,network_timeout,9,3,26,0,13,1,0
PAY02583,CUST0752,16733,netbanking,bank_decline,18,3,14,1,5,1,1
PAY02584,CUST1817,28492,upi,technical_error,0,8,28,0,23,1,0
PAY02585,CUST1332,17146,card,insufficient_balance,28,5,78,1,3,0,1
PAY02586,CUST2477,14836,upi,bank_decline,22,2,63,0,17,0,0
PAY02587,CUST0656,37625,card,bank_decline,7,5,83,0,9,1,0
PAY02588,CUST0244,8320,wallet,authentication_failed,13,7,50,1,5,1,0
PAY02589,CUST0681,36339,netbanking,expired_card,6,7,33,1,0,1,0
PAY02590,CUST2961,137,wallet,expired_card,26,0,53,1,11,1,1
PAY02591,CUST0089,11217,card,technical_error,0,1,72,0,19,0,0
PAY02592,CUST0680,12300,card,expired_card,24,4,30,0,8,1,0
PAY02593,CUST2221,37614,card,technical_error,7,2,20,1,6,0,1
PAY02594,CUST0845,11458,card,insufficient_balance,7,5,8,0,4,1,1
PAY02595,CUST2671,21817,netbanking,network_timeout,3,3,43,1,10,0,1
PAY02596,CUST0926,26630,netbanking,authentication_failed,25,3,79,0,7,0,0
PAY02597,CUST0665,19403,upi,bank_decline,29,2,75,1,4,0,1
PAY02598,CUST2202,1846,netbanking,technical_error,23,8,82,0,3,0,1
PAY02599,CUST1104,49426,netbanking,network_timeout,5,0,56,1,19,1,1
PAY02600,CUST1283,40190,upi,network_timeout,3,2,31,1,12,0,1
PAY02601,CUST0309,31630,wallet,expired_card,18,5,35,0,2,0,0
PAY02602,CUST1573,12044,netbanking,authentication_failed,2,3,57,1,19,0,1
PAY02603,CUST2401,8779,upi,bank_decline,14,1,89,0,3,1,0
PAY02604,CUST1526,15312,wallet,insufficient_balance,30,6,35,1,10,0,1
PAY02605,CUST2736,33437,wallet,expired_card,12,1,18,0,19,1,1
PAY02606,CUST0494,29497,upi,network_timeout,0,2,84,1,10,0,1
PAY02607,CUST1108,4103,upi,insufficient_balance,22,1,8,1,22,0,1
PAY02608,CUST1360,23340,card,expired_card,3,4,26,0,3,0,0
PAY02609,CUST1227,15682,card,technical_error,27,7,62,1,20,0,0
PAY02610,CUST1069,30648,upi,expired_card,22,4,16,0,2,0,1
PAY02611,CUST2901,16770,netbanking,authentication_failed,29,8,14,0,23,0,1
PAY02612,CUST1240,35668,wallet,bank_decline,1,6,63,1,18,0,0
PAY02613,CUST0856,15466,upi,technical_error,18,8,55,1,3,1,1
PAY02614,CUST2530,3846,upi,expired_card,14,8,85,1,13,1,1
PAY02615,CUST0235,34163,netbanking,authentication_failed,16,5,67,0,23,0,1
PAY02616,CUST1314,45940,wallet,authentication_failed,25,7,17,1,5,0,1
PAY02617,CUST2081,17540,wallet,bank_decline,4,2,46,1,6,1,1
PAY02618,CUST1529,5352,wallet,insufficient_balance,17,2,22,0,11,0,1
PAY02619,CUST0436,35049,upi,expired_card,23,6,21,1,14,0,1
PAY02620,CUST2263,27047,upi,technical_error,24,4,23,0,2,0,1
PAY02621,CUST0666,16201,netbanking,network_timeout,9,2,76,0,0,1,1
PAY02622,CUST1616,11256,wallet,network_timeout,4,6,51,0,8,1,1
PAY02623,CUST0216,38157,netbanking,bank_decline,6,2,8,1,9,0,1
PAY02624,CUST0077,47100,upi,technical_error,2,0,10,0,7,1,0
PAY02625,CUST0823,35407,upi,insufficient_balance,5,4,59,0,2,0,1
PAY02626,CUST1566,479,card,bank_decline,30,0,67,0,14,1,0
PAY02627,CUST2700,2542,netbanking,bank_decline,8,6,14,1,1,1,0
PAY02628,CUST1786,8606,wallet,expired_card,6,8,45,0,0,1,0
PAY02629,CUST0935,30445,upi,insufficient_balance,8,6,11,1,13,0,1
PAY02630,CUST0914,44225,card,insufficient_balance,27,3,52,0,0,1,1
PAY02631,CUST1160,46797,card,bank_decline,9,2,25,0,12,1,0
PAY02632,CUST1131,18955,card,authentication_failed,6,7,22,1,15,1,1
PAY02633,CUST2144,23824,wallet,bank_decline,28,0,54,0,8,1,1
PAY02634,CUST0738,40973,card,expired_card,28,6,8,1,10,1,0
PAY02635,CUST0410,33628,wallet,network_timeout,2,7,79,0,5,1,1
PAY02636,CUST2857,12076,card,insufficient_balance,9,8,28,1,9,1,0
PAY02637,CUST1095,5196,wallet,insufficient_balance,7,4,44,1,10,0,0
PAY02638,CUST2053,25575,netbanking,bank_decline,18,0,21,1,9,1,0
PAY02639,CUST0924,24905,upi,bank_decline,17,0,35,1,5,0,0
PAY02640,CUST2113,28534,netbanking,network_timeout,20,0,0,1,7,1,1
PAY02641,CUST2564,20609,wallet,authentication_failed,30,4,22,0,12,1,1
PAY02642,CUST0961,21155,card,network_timeout,18,3,61,0,8,1,1
PAY02643,CUST0205,20070,wallet,authentication_failed,20,6,12,1,7,1,0
PAY02644,CUST2070,34345,netbanking,expired_card,6,7,6,1,23,1,1
PAY02645,CUST0338,35635,wallet,authentication_failed,30,5,53,1,13,1,1
PAY02646,CUST0539,44627,wallet,insufficient_balance,12,8,8,1,21,1,1
PAY02647,CUST2843,5810,netbanking,technical_error,23,0,7,0,14,1,0
PAY02648,CUST2850,11040,card,network_timeout,24,8,39,1,1,1,1
PAY02649,CUST2662,36937,wallet,network_timeout,9,3,46,1,13,0,1
PAY02650,CUST1383,2492,upi,authentication_failed,7,7,34,1,18,0,0
PAY02651,CUST0866,1872,wallet,bank_decline,20,7,85,0,0,1,0
PAY02652,CUST1930,46030,card,technical_error,29,2,23,0,13,1,1
PAY02653,CUST1948,37759,netbanking,network_timeout,19,0,65,1,16,1,1
PAY02654,CUST1348,14388,netbanking,authentication_failed,19,0,49,1,6,1,1
PAY02655,CUST0838,20067,upi,authentication_failed,16,8,61,1,0,1,0
PAY02656,CUST2612,21245,card,authentication_failed,20,4,73,0,4,0,1
PAY02657,CUST2845,29945,card,expired_card,20,8,54,0,17,1,1
PAY02658,CUST2797,47501,wallet,network_timeout,13,6,26,0,1,0,0
PAY02659,CUST1648,10773,card,bank_decline,6,2,65,0,21,0,1
PAY02660,CUST2010,7964,upi,bank_decline,22,5,26,0,14,0,1
PAY02661,CUST1875,48435,card,technical_error,13,4,78,1,5,1,1
PAY02662,CUST2406,19232,upi,network_timeout,6,8,87,0,2,0,0
PAY02663,CUST1339,19923,card,network_timeout,9,5,72,1,14,0,1
PAY02664,CUST1559,39343,upi,network_timeout,19,5,68,1,6,0,1
PAY02665,CUST1507,17038,upi,expired_card,7,8,65,1,21,0,0
PAY02666,CUST0223,45803,upi,authentication_failed,21,1,59,0,13,1,1
PAY02667,CUST2057,465,wallet,authentication_failed,12,4,84,0,21,0,1
PAY02668,CUST1408,42383,card,network_timeout,12,4,74,0,20,0,1
PAY02669,CUST1346,196,upi,bank_decline,24,0,14,1,1,0,0
PAY02670,CUST1689,41440,netbanking,network_timeout,14,0,26,0,16,0,1
PAY02671,CUST2121,42083,card,bank_decline,5,6,19,0,19,1,0
PAY02672,CUST2254,11493,netbanking,expired_card,26,8,41,0,21,0,0
PAY02673,CUST1875,9753,netbanking,technical_error,5,7,80,1,2,0,0
PAY02674,CUST1717,35478,card,bank_decline,29,1,76,1,3,0,1
PAY02675,CUST1935,26717,wallet,insufficient_balance,0,8,4,0,0,0,1
PAY02676,CUST2560,7967,wallet,network_timeout,20,2,53,0,21,1,1
PAY02677,CUST1150,17750,upi,expired_card,25,6,80,0,20,1,0
PAY02678,CUST1369,34304,wallet,network_timeout,2,2,1,1,21,0,1
PAY02679,CUST1222,10736,netbanking,insufficient_balance,13,0,74,0,4,0,1
PAY02680,CUST1879,23970,upi,network_timeout,5,8,34,1,12,0,1
PAY02681,CUST1024,40079,wallet,authentication_failed,24,7,0,0,9,0,0
PAY02682,CUST1538,20956,upi,authentication_failed,9,0,45,1,7,1,0
PAY02683,CUST1048,32948,card,authentication_failed,17,7,47,1,21,0,1
PAY02684,CUST0996,26321,netbanking,technical_error,17,2,15,1,22,1,1
PAY02685,CUST2042,16403,netbanking,expired_card,30,6,52,0,6,0,0
PAY02686,CUST0946,28142,card,bank_decline,12,7,77,1,9,0,0
PAY02687,CUST0530,24533,netbanking,technical_error,26,7,85,0,4,0,1
PAY02688,CUST1051,12289,wallet,insufficient_balance,5,6,72,0,0,1,0
PAY02689,CUST1708,26193,card,bank_decline,30,6,22,0,11,1,0
PAY02690,CUST2500,38766,upi,technical_error,29,8,31,0,10,1,1
PAY02691,CUST1638,36536,wallet,authentication_failed,15,7,78,0,11,1,0
PAY02692,CUST0051,19833,card,insufficient_balance,8,8,22,0,16,1,1
PAY02693,CUST2491,16288,card,expired_card,6,8,24,0,4,0,0
PAY02694,CUST1649,745,card,network_timeout,28,1,37,1,1,1,1
PAY02695,CUST1634,9720,card,expired_card,23,3,4,1,23,0,0
PAY02696,CUST0892,19794,card,network_timeout,6,8,73,1,10,0,1
PAY02697,CUST2604,35723,wallet,insufficient_balance,1,8,55,1,21,1,1
PAY02698,CUST1218,10570,upi,expired_card,29,0,42,0,1,0,1
PAY02699,CUST0957,22174,upi,network_timeout,18,7,54,1,19,0,0
PAY02700,CUST2550,17206,wallet,insufficient_balance,29,8,4,1,12,0,0
PAY02701,CUST0018,5682,wallet,authentication_failed,11,3,80,0,14,1,1
PAY02702,CUST1676,6686,wallet,technical_error,10,7,19,1,0,1,0
PAY02703,CUST1016,20242,wallet,expired_card,3,2,40,0,2,0,1
PAY02704,CUST1975,43384,netbanking,bank_decline,3,0,6,1,15,1,1
PAY02705,CUST0805,42197,upi,network_timeout,15,5,7,0,13,0,0
PAY02706,CUST2358,43566,upi,network_timeout,4,5,79,0,18,0,0
PAY02707,CUST2113,31837,upi,insufficient_balance,14,0,24,1,23,0,1
PAY02708,CUST1204,20449,netbanking,bank_decline,9,8,77,0,8,1,0
PAY02709,CUST1767,1782,wallet,authentication_failed,30,8,53,0,7,1,0
PAY02710,CUST0270,436,wallet,bank_decline,10,1,77,0,15,0,1
PAY02711,CUST2819,36627,netbanking,network_timeout,15,3,84,0,17,1,0
PAY02712,CUST0322,17662,netbanking,bank_decline,6,4,4,0,17,1,0
PAY02713,CUST2085,195,netbanking,expired_card,17,1,12,1,14,1,1
PAY02714,CUST1112,47175,wallet,authentication_failed,11,3,77,0,12,0,1
PAY02715,CUST2649,32336,wallet,network_timeout,1,4,1,0,0,1,1
PAY02716,CUST1307,20531,card,technical_error,8,0,31,0,5,0,1
PAY02717,CUST2211,1681,upi,technical_error,12,6,20,0,7,1,0
PAY02718,CUST2229,36451,wallet,authentication_failed,30,4,80,0,21,1,0
PAY02719,CUST2188,35521,card,insufficient_balance,12,5,20,1,2,1,0
PAY02720,CUST1158,45454,wallet,authentication_failed,19,3,26,0,10,1,1
PAY02721,CUST0542,13212,card,insufficient_balance,19,7,38,1,0,0,0
PAY02722,CUST1770,32041,card,technical_error,23,8,61,0,19,0,0
PAY02723,CUST0169,44631,card,technical_error,22,1,69,1,7,0,1
PAY02724,CUST0377,13187,upi,bank_decline,12,1,12,1,17,1,1
PAY02725,CUST2268,22284,card,expired_card,5,6,30,0,21,0,0
PAY02726,CUST0457,39028,wallet,network_timeout,9,7,87,0,4,0,1
PAY02727,CUST1285,14903,wallet,authentication_failed,0,7,61,1,11,1,0
PAY02728,CUST1214,31573,card,technical_error,21,2,81,0,2,1,1
PAY02729,CUST0261,19057,wallet,authentication_failed,2,5,31,1,13,1,1
PAY02730,CUST1588,26850,upi,bank_decline,5,3,41,1,0,1,0
PAY02731,CUST0951,991,upi,authentication_failed,12,1,68,1,0,0,1
PAY02732,CUST1532,31961,wallet,network_timeout,6,6,66,1,1,1,1
PAY02733,CUST0213,25879,upi,network_timeout,12,6,30,1,0,1,1
PAY02734,CUST0181,8571,card,authentication_failed,20,6,34,0,19,0,1
PAY02735,CUST0045,14279,card,technical_error,3,2,7,0,20,0,0
PAY02736,CUST0587,24009,upi,network_timeout,19,4,43,0,22,0,0
PAY02737,CUST1885,49709,netbanking,technical_error,14,5,29,0,18,0,0
PAY02738,CUST1608,2830,card,technical_error,22,8,55,0,4,1,1
PAY02739,CUST1429,32409,netbanking,authentication_failed,10,4,34,0,1,1,0
PAY02740,CUST1171,49066,netbanking,authentication_failed,9,5,28,0,3,0,1
PAY02741,CUST2584,36869,card,authentication_failed,17,6,44,1,16,0,1
PAY02742,CUST1161,18646,netbanking,bank_decline,12,2,21,1,4,0,1
PAY02743,CUST2021,40504,wallet,network_timeout,10,6,48,0,7,1,1
PAY02744,CUST0421,27625,upi,expired_card,17,6,3,1,0,1,0
PAY02745,CUST1839,42065,upi,bank_decline,28,6,2,0,6,1,0
PAY02746,CUST0258,24084,netbanking,network_timeout,2,5,25,0,2,1,0
PAY02747,CUST0944,44624,card,bank_decline,15,1,40,1,1,1,1
PAY02748,CUST2157,28938,card,expired_card,4,2,32,1,2,0,1
PAY02749,CUST1005,38814,netbanking,expired_card,14,4,7,1,8,1,0
PAY02750,CUST0876,6461,netbanking,authentication_failed,30,7,74,0,10,1,1
PAY02751,CUST0505,37630,card,authentication_failed,29,8,81,1,13,1,1
PAY02752,CUST2943,26616,upi,bank_decline,10,6,15,0,6,1,0
PAY02753,CUST2923,39898,wallet,expired_card,20,8,58,1,17,0,0
PAY02754,CUST1533,45101,wallet,network_timeout,24,2,31,1,15,0,1
PAY02755,CUST2221,17490,upi,network_timeout,25,1,72,0,5,0,1
PAY02756,CUST2472,23685,wallet,bank_decline,7,3,24,0,22,1,0
PAY02757,CUST0872,44835,upi,insufficient_balance,18,6,37,1,1,0,1
PAY02758,CUST2297,8840,netbanking,insufficient_balance,24,2,50,1,12,0,1
PAY02759,CUST1058,10935,wallet,bank_decline,29,3,79,0,7,1,1
PAY02760,CUST2670,9320,card,insufficient_balance,7,2,2,0,8,0,1
PAY02761,CUST0268,27840,upi,insufficient_balance,24,2,66,1,9,0,1
PAY02762,CUST0871,19559,wallet,authentication_failed,2,8,19,0,21,1,0
PAY02763,CUST1358,21142,card,expired_card,26,4,88,1,4,1,0
PAY02764,CUST0236,29103,netbanking,bank_decline,18,1,25,0,3,0,1
PAY02765,CUST0016,47064,wallet,expired_card,7,3,86,0,5,1,0
PAY02766,CUST2562,47594,upi,insufficient_balance,15,7,59,1,6,0,0
PAY02767,CUST0309,27242,card,bank_decline,12,4,61,0,14,0,0
PAY02768,CUST0850,36702,netbanking,network_timeout,7,6,4,1,19,1,1
PAY02769,CUST0695,40988,netbanking,insufficient_balance,20,4,10,0,20,1,1
PAY02770,CUST2901,19597,card,insufficient_balance,28,7,34,0,21,1,0
PAY02771,CUST1939,49816,netbanking,technical_error,5,6,58,1,4,1,1
PAY02772,CUST2332,258,wallet,insufficient_balance,0,0,31,1,6,1,1
PAY02773,CUST2599,26546,netbanking,bank_decline,23,1,36,1,8,1,0
PAY02774,CUST2438,31930,upi,network_timeout,16,3,75,1,23,1,1
PAY02775,CUST2451,5171,netbanking,technical_error,29,8,54,0,18,1,1
PAY02776,CUST1285,1031,netbanking,technical_error,22,3,18,1,13,1,1
PAY02777,CUST0887,8459,upi,authentication_failed,7,4,48,0,4,0,1
PAY02778,CUST0643,47194,card,authentication_failed,27,1,42,1,17,1,1
PAY02779,CUST0934,16580,card,network_timeout,22,1,23,1,13,0,1
PAY02780,CUST0564,12755,netbanking,bank_decline,9,2,81,0,10,1,1
PAY02781,CUST2930,30318,wallet,network_timeout,27,8,64,0,4,0,1
PAY02782,CUST1845,34562,wallet,network_timeout,10,8,37,0,12,0,0
PAY02783,CUST1575,45813,card,authentication_failed,6,4,73,1,12,1,0
PAY02784,CUST1916,49094,netbanking,bank_decline,0,5,65,1,21,1,1
PAY02785,CUST2554,17751,wallet,insufficient_balance,28,8,30,0,19,1,0
PAY02786,CUST0632,13294,wallet,network_timeout,1,8,7,0,13,0,0
PAY02787,CUST1574,26365,upi,network_timeout,3,6,41,1,10,1,0
PAY02788,CUST2804,33298,wallet,expired_card,10,7,85,1,10,1,0
PAY02789,CUST1469,32444,netbanking,network_timeout,30,2,32,1,13,1,0
PAY02790,CUST0024,548,card,bank_decline,16,7,43,1,16,0,1
PAY02791,CUST1193,44880,card,expired_card,2,6,48,1,8,1,1
PAY02792,CUST0437,10186,upi,expired_card,27,4,33,0,16,1,0
PAY02793,CUST1213,423,upi,insufficient_balance,6,8,52,1,0,0,0
PAY02794,CUST1304,30898,card,authentication_failed,2,7,2,0,13,0,0
PAY02795,CUST0187,40877,netbanking,expired_card,4,3,65,1,1,0,0
PAY02796,CUST0186,45561,netbanking,authentication_failed,1,8,78,0,0,1,0
PAY02797,CUST0284,14032,netbanking,authentication_failed,18,0,74,1,20,0,1
PAY02798,CUST2488,31270,wallet,technical_error,28,7,17,1,10,0,1
PAY02799,CUST2275,17711,card,insufficient_balance,11,6,78,1,16,0,0
PAY02800,CUST1224,20925,card,bank_decline,6,5,48,1,9,0,0
PAY02801,CUST2348,21193,wallet,authentication_failed,20,3,73,1,21,0,0
PAY02802,CUST1380,38404,card,insufficient_balance,21,6,0,0,22,1,0
PAY02803,CUST1108,9742,card,insufficient_balance,2,5,67,0,10,1,0
PAY02804,CUST2501,1250,wallet,insufficient_balance,27,4,19,0,7,0,0
PAY02805,CUST2309,48865,wallet,authentication_failed,14,7,36,1,14,1,1
PAY02806,CUST2498,24040,card,authentication_failed,9,1,65,1,23,1,0
PAY02807,CUST2813,34354,upi,insufficient_balance,0,8,66,0,19,1,1
PAY02808,CUST2628,34178,wallet,authentication_failed,16,4,13,1,5,0,1
PAY02809,CUST2649,14503,upi,bank_decline,0,5,70,1,22,1,0
PAY02810,CUST0679,30197,wallet,bank_decline,9,8,26,0,14,0,0
PAY02811,CUST2867,263,wallet,bank_decline,5,3,84,0,11,0,0
PAY02812,CUST2170,6019,wallet,technical_error,16,2,37,0,12,1,1
PAY02813,CUST1393,37005,netbanking,bank_decline,19,8,75,0,13,0,0
PAY02814,CUST0965,8850,wallet,authentication_failed,4,3,83,1,3,1,1
PAY02815,CUST2559,33037,card,insufficient_balance,28,2,29,1,21,0,1
PAY02816,CUST0148,46527,wallet,expired_card,26,4,69,1,1,1,0
PAY02817,CUST1909,29370,netbanking,authentication_failed,8,1,80,1,13,1,1
PAY02818,CUST1286,20670,upi,technical_error,16,1,69,0,14,0,1
PAY02819,CUST1896,33797,card,expired_card,18,1,41,1,19,0,1
PAY02820,CUST2285,38178,netbanking,expired_card,16,6,21,1,17,0,0
PAY02821,CUST2071,17373,wallet,bank_decline,6,8,2,0,0,1,1
PAY02822,CUST1633,5295,upi,insufficient_balance,18,6,87,0,5,0,1
PAY02823,CUST2588,43871,card,authentication_failed,27,5,11,0,4,1,0
PAY02824,CUST2686,6541,upi,network_timeout,20,7,0,1,12,0,1
PAY02825,CUST0486,3185,wallet,technical_error,4,3,61,0,18,0,1
PAY02826,CUST1588,36359,upi,insufficient_balance,8,8,84,1,21,1,0
PAY02827,CUST2489,29861,card,insufficient_balance,22,5,5,1,15,1,1
PAY02828,CUST1886,33591,wallet,technical_error,25,3,24,1,11,1,1
PAY02829,CUST0055,32005,wallet,insufficient_balance,23,1,21,0,3,1,1
PAY02830,CUST1349,22399,card,authentication_failed,27,5,56,0,11,0,1
PAY02831,CUST2637,6235,wallet,technical_error,19,3,66,1,22,1,1
PAY02832,CUST1079,3030,netbanking,expired_card,16,8,26,0,2,1,1
PAY02833,CUST0262,20322,wallet,network_timeout,20,1,19,0,20,1,1
PAY02834,CUST0202,13105,wallet,technical_error,14,1,41,1,17,0,1
PAY02835,CUST0154,38293,wallet,bank_decline,19,7,68,0,4,0,0
PAY02836,CUST2617,19928,netbanking,expired_card,13,8,37,1,13,1,1
PAY02837,CUST2354,19331,card,insufficient_balance,26,6,54,1,0,0,0
PAY02838,CUST1770,14382,upi,technical_error,10,7,27,1,16,0,1
PAY02839,CUST0488,23369,wallet,expired_card,14,2,76,0,21,1,0
PAY02840,CUST0957,6945,wallet,technical_error,24,3,90,0,4,0,1
PAY02841,CUST1358,36748,netbanking,authentication_failed,21,4,82,0,7,0,1
PAY02842,CUST0718,19766,card,bank_decline,27,5,8,1,20,1,0
PAY02843,CUST2202,16316,wallet,bank_decline,0,7,26,1,9,1,1
PAY02844,CUST1929,46566,netbanking,bank_decline,5,1,44,1,17,1,0
PAY02845,CUST2664,5495,wallet,expired_card,23,1,54,0,14,0,1
PAY02846,CUST1380,960,upi,insufficient_balance,2,8,85,0,12,0,0
PAY02847,CUST2645,18887,card,insufficient_balance,25,4,35,1,12,0,0
PAY02848,CUST2889,38818,netbanking,technical_error,6,7,57,1,0,0,1
PAY02849,CUST2423,47218,upi,technical_error,12,4,85,0,6,0,1
PAY02850,CUST0621,27936,netbanking,authentication_failed,0,6,90,0,3,0,0
PAY02851,CUST1703,24814,wallet,bank_decline,3,6,53,1,13,0,0
PAY02852,CUST0007,9245,netbanking,authentication_failed,12,3,35,0,1,0,1
PAY02853,CUST0525,8858,upi,expired_card,19,8,5,0,6,1,0
PAY02854,CUST1735,36389,upi,bank_decline,15,5,79,0,3,1,1
PAY02855,CUST1853,40356,card,expired_card,4,4,35,1,3,1,0
PAY02856,CUST1204,1863,upi,insufficient_balance,7,5,8,1,9,1,1
PAY02857,CUST1477,28561,netbanking,insufficient_balance,27,6,6,0,17,1,1
PAY02858,CUST1009,32187,upi,bank_decline,6,1,72,1,23,1,1
PAY02859,CUST2509,41630,netbanking,expired_card,18,2,81,0,15,1,1
PAY02860,CUST1539,17316,card,expired_card,19,0,3,0,17,1,1
PAY02861,CUST0011,11824,netbanking,expired_card,2,3,34,1,21,1,1
PAY02862,CUST2251,26270,wallet,insufficient_balance,5,8,68,0,18,0,0
PAY02863,CUST1232,30824,upi,insufficient_balance,2,4,46,1,12,0,0
PAY02864,CUST1532,45099,wallet,expired_card,18,3,19,1,2,0,1
PAY02865,CUST1068,45757,wallet,technical_error,16,7,75,1,6,0,1
PAY02866,CUST0549,45202,card,expired_card,0,5,36,0,14,1,0
PAY02867,CUST2665,28637,wallet,network_timeout,16,3,6,1,16,0,1
PAY02868,CUST0245,6647,wallet,insufficient_balance,2,4,26,0,10,0,0
PAY02869,CUST0266,16495,upi,bank_decline,15,8,52,0,20,0,0
PAY02870,CUST0061,31942,card,technical_error,14,1,5,1,20,1,1
PAY02871,CUST1734,19838,upi,expired_card,24,7,6,1,20,0,1
PAY02872,CUST0585,28137,upi,insufficient_balance,29,1,47,1,5,0,0
PAY02873,CUST0051,26592,card,network_timeout,5,3,6,0,16,1,0
PAY02874,CUST1374,42503,netbanking,authentication_failed,0,5,17,0,9,0,0
PAY02875,CUST0393,19057,upi,network_timeout,12,6,61,0,3,1,0
PAY02876,CUST0309,16883,netbanking,authentication_failed,18,2,2,0,12,1,1
PAY02877,CUST1024,13587,upi,insufficient_balance,4,2,35,0,1,1,1
PAY02878,CUST0951,38576,upi,insufficient_balance,21,2,6,1,12,0,1
PAY02879,CUST2683,1904,card,authentication_failed,23,0,9,0,6,1,1
PAY02880,CUST2189,20202,upi,insufficient_balance,18,1,24,0,20,0,1
PAY02881,CUST1490,11997,wallet,network_timeout,25,3,20,0,23,1,1
PAY02882,CUST1375,27082,netbanking,expired_card,4,3,38,0,16,1,1
PAY02883,CUST1223,19626,wallet,bank_decline,25,0,22,1,18,1,1
PAY02884,CUST1759,12769,netbanking,insufficient_balance,23,0,74,1,7,1,1
PAY02885,CUST1859,41823,wallet,authentication_failed,28,3,35,1,5,1,1
PAY02886,CUST0951,23444,wallet,network_timeout,10,2,49,1,11,1,1
PAY02887,CUST2305,4447,netbanking,bank_decline,24,6,20,1,7,0,0
PAY02888,CUST2538,27399,wallet,expired_card,3,4,60,1,7,0,0
PAY02889,CUST1657,38216,netbanking,insufficient_balance,9,7,34,1,13,1,0
PAY02890,CUST2732,15391,netbanking,insufficient_balance,17,6,16,1,23,0,0
PAY02891,CUST0632,19081,upi,authentication_failed,24,6,63,0,9,0,0
PAY02892,CUST1388,31217,card,insufficient_balance,20,7,82,1,6,0,0
PAY02893,CUST1328,17889,upi,authentication_failed,9,6,70,1,16,1,1
PAY02894,CUST1010,43927,card,bank_decline,25,1,50,0,9,1,0
PAY02895,CUST2418,41971,upi,technical_error,19,8,84,0,13,0,1
PAY02896,CUST1452,14819,card,network_timeout,12,8,83,0,22,1,0
PAY02897,CUST0363,2015,upi,network_timeout,15,3,60,0,12,0,1
PAY02898,CUST1932,45394,upi,network_timeout,30,1,35,1,15,0,1
PAY02899,CUST2278,9270,wallet,authentication_failed,8,3,15,0,3,1,1
PAY02900,CUST1632,12975,netbanking,bank_decline,12,2,41,1,4,0,1
PAY02901,CUST1592,46141,netbanking,expired_card,24,6,26,0,19,0,0
PAY02902,CUST1885,9189,netbanking,network_timeout,6,6,73,1,16,0,0
PAY02903,CUST2736,7298,upi,authentication_failed,13,6,37,1,2,1,1
PAY02904,CUST1850,44155,card,bank_decline,21,8,28,0,10,0,0
PAY02905,CUST2458,7370,card,network_timeout,30,6,13,0,11,0,1
PAY02906,CUST0466,26403,upi,technical_error,19,4,74,0,2,0,1
PAY02907,CUST0928,15279,netbanking,expired_card,6,7,85,1,15,0,1
PAY02908,CUST2809,18032,card,expired_card,1,8,88,1,2,0,0
PAY02909,CUST0292,28553,wallet,technical_error,6,0,9,1,17,0,1
PAY02910,CUST0425,26344,card,expired_card,18,1,3,0,9,0,1
PAY02911,CUST0159,9964,wallet,bank_decline,29,1,51,0,23,0,1
PAY02912,CUST2543,39567,card,insufficient_balance,9,2,15,0,8,1,1
PAY02913,CUST1239,36375,netbanking,insufficient_balance,1,3,40,0,2,1,0
PAY02914,CUST0252,45671,wallet,technical_error,21,1,62,0,6,1,0
PAY02915,CUST0241,5332,netbanking,bank_decline,3,1,63,0,6,0,0
PAY02916,CUST2890,6506,netbanking,network_timeout,4,4,59,0,5,0,0
PAY02917,CUST1186,6130,card,insufficient_balance,26,8,58,1,10,0,0
PAY02918,CUST1985,45791,card,technical_error,6,6,60,1,15,1,0
PAY02919,CUST1207,28195,upi,technical_error,2,3,70,0,1,1,1
PAY02920,CUST1236,40382,card,authentication_failed,12,1,73,1,5,0,1
PAY02921,CUST2628,10045,card,expired_card,9,0,9,0,2,1,1
PAY02922,CUST0893,21824,card,bank_decline,19,6,84,0,12,0,1
PAY02923,CUST1666,36005,netbanking,expired_card,10,2,41,0,20,1,0
PAY02924,CUST1278,5018,card,insufficient_balance,20,5,36,1,23,0,1
PAY02925,CUST2899,30675,netbanking,technical_error,16,5,54,1,19,1,1
PAY02926,CUST2076,37469,upi,network_timeout,0,5,13,1,13,1,0
PAY02927,CUST1425,43577,wallet,insufficient_balance,11,5,64,1,4,0,0
PAY02928,CUST1837,41921,card,bank_decline,4,6,51,0,20,1,1
PAY02929,CUST1660,24148,card,expired_card,12,0,60,0,21,0,0
PAY02930,CUST0340,19371,netbanking,network_timeout,26,3,0,1,16,1,1
PAY02931,CUST0738,17183,card,authentication_failed,16,7,13,0,0,1,1
PAY02932,CUST1676,35587,card,authentication_failed,8,1,62,0,17,0,1
PAY02933,CUST0032,31014,wallet,insufficient_balance,6,8,14,0,11,0,0
PAY02934,CUST0574,15131,upi,technical_error,4,2,22,0,9,0,1
PAY02935,CUST2196,18300,wallet,expired_card,27,2,67,0,11,1,0
PAY02936,CUST0131,184,netbanking,network_timeout,1,8,34,1,19,0,1
PAY02937,CUST0935,24546,card,authentication_failed,3,3,44,0,10,0,1
PAY02938,CUST1306,29132,upi,insufficient_balance,24,8,75,0,0,1,0
PAY02939,CUST1185,7810,netbanking,bank_decline,17,0,76,1,16,0,0
PAY02940,CUST0120,8464,card,network_timeout,0,4,13,1,22,1,1
PAY02941,CUST0994,19844,card,technical_error,10,2,65,0,20,1,1
PAY02942,CUST1180,30871,wallet,bank_decline,9,2,70,0,5,0,0
PAY02943,CUST2628,33519,upi,network_timeout,12,3,44,1,17,0,1
PAY02944,CUST2760,14999,wallet,technical_error,18,1,85,0,3,0,1
PAY02945,CUST2707,40769,wallet,expired_card,29,3,51,0,10,1,0
PAY02946,CUST2264,21278,netbanking,bank_decline,25,5,75,1,22,0,1
PAY02947,CUST2232,49878,netbanking,insufficient_balance,18,0,53,1,18,0,1
PAY02948,CUST2825,19632,netbanking,insufficient_balance,16,8,54,0,12,0,1
PAY02949,CUST2982,3276,wallet,expired_card,13,7,30,0,14,1,0
PAY02950,CUST1521,29201,card,network_timeout,12,5,18,1,13,0,0
PAY02951,CUST0913,27510,card,expired_card,18,8,7,0,11,0,1
PAY02952,CUST2602,1443,netbanking,insufficient_balance,15,6,78,0,20,1,0
PAY02953,CUST1212,17752,netbanking,bank_decline,24,7,23,1,0,1,1
PAY02954,CUST2767,12170,upi,authentication_failed,4,4,22,0,9,0,0
PAY02955,CUST0131,18050,card,bank_decline,22,2,39,0,23,1,0
PAY02956,CUST1401,16261,wallet,technical_error,3,5,68,1,10,1,0
PAY02957,CUST1155,38435,card,bank_decline,5,7,72,1,0,0,1
PAY02958,CUST1137,10883,netbanking,bank_decline,1,3,27,0,21,0,1
PAY02959,CUST2542,22247,netbanking,expired_card,5,3,10,1,20,0,1
PAY02960,CUST2152,25454,upi,network_timeout,8,0,17,1,12,0,1
PAY02961,CUST2827,40551,card,bank_decline,5,1,62,1,5,0,1
PAY02962,CUST0537,1832,netbanking,network_timeout,13,7,69,0,3,1,1
PAY02963,CUST2804,15877,upi,bank_decline,12,3,60,0,12,0,0
PAY02964,CUST0517,23362,card,insufficient_balance,3,3,75,0,16,0,0
PAY02965,CUST1238,34941,netbanking,network_timeout,5,2,5,1,3,0,1
PAY02966,CUST0436,37878,upi,authentication_failed,7,3,47,0,15,1,0
PAY02967,CUST0348,39664,card,network_timeout,1,0,23,1,13,0,1
PAY02968,CUST1544,9682,upi,expired_card,12,4,89,1,2,1,1
PAY02969,CUST1450,39402,netbanking,network_timeout,23,7,74,0,7,0,0
PAY02970,CUST1171,22652,upi,insufficient_balance,23,3,10,1,20,1,1
PAY02971,CUST1907,35127,card,expired_card,10,6,37,1,23,1,0
PAY02972,CUST1004,29193,card,authentication_failed,3,4,45,0,21,0,0
PAY02973,CUST0329,44014,wallet,bank_decline,13,6,54,1,1,1,1
PAY02974,CUST0725,43277,wallet,authentication_failed,28,6,8,0,0,0,1
PAY02975,CUST2269,5771,netbanking,bank_decline,17,0,52,0,23,0,1
PAY02976,CUST0639,8753,upi,network_timeout,21,1,50,1,20,1,1
PAY02977,CUST0099,25421,wallet,authentication_failed,13,3,42,0,4,0,0
PAY02978,CUST0813,44923,wallet,network_timeout,17,5,74,0,2,0,1
PAY02979,CUST1551,41765,netbanking,authentication_failed,16,5,53,0,15,0,0
PAY02980,CUST0341,18847,upi,technical_error,9,3,2,0,0,0,0
PAY02981,CUST1858,22162,upi,technical_error,24,8,72,0,7,0,1
PAY02982,CUST0849,9484,netbanking,bank_decline,11,8,48,1,19,0,0
PAY02983,CUST0520,31475,netbanking,network_timeout,15,8,25,1,13,1,0
PAY02984,CUST2336,4790,netbanking,insufficient_balance,29,8,17,0,3,0,0
PAY02985,CUST1126,43832,card,bank_decline,25,5,20,1,12,1,0
PAY02986,CUST0754,28351,wallet,insufficient_balance,27,5,8,0,15,0,0
PAY02987,CUST1146,20804,netbanking,insufficient_balance,30,3,62,1,21,1,1
PAY02988,CUST1287,49341,wallet,technical_error,15,6,33,1,16,1,1
PAY02989,CUST2412,28009,upi,insufficient_balance,8,4,90,1,3,0,0
PAY02990,CUST1257,26759,upi,expired_card,0,6,74,0,18,1,1
PAY02991,CUST1340,25205,netbanking,network_timeout,4,0,53,0,14,1,1
PAY02992,CUST2913,32356,upi,technical_error,30,3,40,0,19,1,0
PAY02993,CUST2394,14223,netbanking,authentication_failed,28,4,17,0,4,0,1
PAY02994,CUST1234,28744,netbanking,network_timeout,5,2,25,1,15,1,1
PAY02995,CUST2254,45291,card,expired_card,29,5,63,1,4,1,1
PAY02996,CUST0477,34162,netbanking,authentication_failed,20,0,58,0,6,0,0
PAY02997,CUST2662,40140,upi,network_timeout,9,7,71,0,7,0,1
PAY02998,CUST1822,42377,upi,authentication_failed,1,4,40,0,22,1,0
PAY02999,CUST2000,26327,wallet,network_timeout,12,3,52,0,21,0,1
PAY03000,CUST2131,28040,upi,network_timeout,3,1,17,0,0,0,0
PAY03001,CUST2950,44395,netbanking,technical_error,29,4,16,1,8,0,1
PAY03002,CUST0839,49431,upi,bank_decline,27,7,86,1,0,0,1
PAY03003,CUST2832,35506,wallet,bank_decline,23,1,89,0,12,0,1
PAY03004,CUST1375,42050,netbanking,technical_error,29,4,55,0,0,1,1
PAY03005,CUST1718,18445,card,network_timeout,27,3,18,1,19,1,1
PAY03006,CUST0384,37057,upi,expired_card,1,0,9,0,10,1,0
PAY03007,CUST1604,7290,wallet,expired_card,25,8,88,0,17,0,1
PAY03008,CUST0888,34435,card,expired_card,8,1,7,1,1,1,1
PAY03009,CUST0992,4286,netbanking,bank_decline,12,8,43,0,21,0,0
PAY03010,CUST1353,12612,card,expired_card,16,3,61,1,14,1,1
PAY03011,CUST1443,33240,card,insufficient_balance,1,0,13,1,16,1,1
PAY03012,CUST1563,18570,wallet,network_timeout,15,7,70,1,1,0,1
PAY03013,CUST2492,2538,upi,bank_decline,25,1,51,0,15,0,1
PAY03014,CUST1786,6221,card,expired_card,16,6,54,1,3,0,0
PAY03015,CUST2330,37539,wallet,bank_decline,14,5,74,0,21,0,1
PAY03016,CUST0655,27220,card,bank_decline,27,0,41,0,10,0,1
PAY03017,CUST1536,12525,netbanking,expired_card,20,8,8,1,13,1,1
PAY03018,CUST1802,46341,upi,technical_error,11,3,46,0,7,0,1
PAY03019,CUST1157,10534,wallet,bank_decline,21,2,12,1,22,1,1
PAY03020,CUST1373,36771,card,network_timeout,21,5,69,1,13,1,1
PAY03021,CUST2245,31876,upi,network_timeout,26,3,0,0,16,1,1
PAY03022,CUST0838,10427,wallet,insufficient_balance,15,6,55,0,8,1,1
PAY03023,CUST0286,41910,netbanking,authentication_failed,22,0,21,1,4,1,1
PAY03024,CUST1229,28049,card,insufficient_balance,0,8,59,0,0,1,0
PAY03025,CUST0513,47420,card,authentication_failed,14,3,71,0,15,1,1
PAY03026,CUST1922,29976,card,network_timeout,28,8,37,0,10,0,1
PAY03027,CUST2840,48104,wallet,authentication_failed,16,6,25,0,19,0,1
PAY03028,CUST0036,29105,card,insufficient_balance,2,0,18,1,4,0,1
PAY03029,CUST1210,44345,netbanking,bank_decline,6,0,44,1,22,1,0
PAY03030,CUST1924,6256,wallet,network_timeout,21,7,13,1,11,1,1
PAY03031,CUST1434,26233,wallet,bank_decline,13,4,5,1,16,0,1
PAY03032,CUST0798,18946,netbanking,network_timeout,0,5,19,0,9,0,1
PAY03033,CUST2763,24994,netbanking,insufficient_balance,24,7,79,0,22,0,0
PAY03034,CUST0521,5883,card,expired_card,7,0,58,0,11,1,1
PAY03035,CUST1959,44124,upi,bank_decline,1,1,42,1,20,0,1
PAY03036,CUST0339,21645,card,authentication_failed,22,1,5,0,12,0,1
PAY03037,CUST1717,684,card,technical_error,1,2,51,1,17,0,1
PAY03038,CUST2742,17247,wallet,expired_card,19,7,71,0,7,1,1
PAY03039,CUST1184,33366,upi,expired_card,15,1,76,0,3,1,1
PAY03040,CUST2337,26505,wallet,technical_error,2,4,49,0,22,1,1
PAY03041,CUST2596,25484,netbanking,authentication_failed,26,3,19,0,6,0,1
PAY03042,CUST2027,45495,upi,authentication_failed,13,6,46,0,16,0,1
PAY03043,CUST1272,25845,netbanking,expired_card,27,2,63,0,9,0,1
PAY03044,CUST0162,2353,upi,network_timeout,17,6,85,0,2,1,1
PAY03045,CUST2731,49008,wallet,network_timeout,10,1,75,0,17,1,1
PAY03046,CUST1147,13762,upi,bank_decline,28,1,51,0,23,0,0
PAY03047,CUST2642,45717,upi,insufficient_balance,10,6,83,0,12,0,1
PAY03048,CUST0053,5959,card,network_timeout,23,0,75,0,16,0,1
PAY03049,CUST0271,36344,wallet,technical_error,3,0,39,0,5,0,1
PAY03050,CUST1376,45910,netbanking,network_timeout,10,8,76,0,19,0,1
PAY03051,CUST2547,48570,upi,network_timeout,29,4,90,0,20,1,1
PAY03052,CUST1709,27932,card,insufficient_balance,24,6,50,0,17,0,1
PAY03053,CUST2097,5496,upi,insufficient_balance,21,6,66,0,11,1,1
PAY03054,CUST1880,45805,netbanking,bank_decline,27,0,44,0,2,0,1
PAY03055,CUST0149,22962,upi,authentication_failed,24,3,1,1,15,0,1
PAY03056,CUST2477,29451,netbanking,insufficient_balance,3,8,74,0,23,1,1
PAY03057,CUST0574,43829,wallet,technical_error,7,7,52,1,20,0,1
PAY03058,CUST2984,6905,wallet,bank_decline,13,7,88,0,16,1,0
PAY03059,CUST1961,26191,upi,authentication_failed,16,8,27,1,7,1,1
PAY03060,CUST2232,34569,netbanking,network_timeout,2,6,81,0,14,1,1
PAY03061,CUST0705,38905,upi,insufficient_balance,13,6,55,1,16,0,1
PAY03062,CUST2335,45925,upi,bank_decline,20,6,10,1,10,0,0
PAY03063,CUST0768,36164,card,bank_decline,9,3,40,0,4,1,0
PAY03064,CUST1399,40895,wallet,bank_decline,14,2,55,1,19,1,1
PAY03065,CUST1558,19523,card,technical_error,26,3,71,1,23,0,1
PAY03066,CUST1299,2021,card,authentication_failed,30,4,15,1,3,1,1
PAY03067,CUST1351,31743,upi,technical_error,2,2,75,1,12,1,1
PAY03068,CUST0381,35121,wallet,network_timeout,20,1,39,1,1,0,0
PAY03069,CUST2669,23762,card,network_timeout,22,2,33,1,19,0,1
PAY03070,CUST2142,29408,wallet,expired_card,20,7,6,0,20,0,1
PAY03071,CUST0579,38743,upi,network_timeout,3,1,19,1,20,0,1
PAY03072,CUST0262,42288,wallet,authentication_failed,1,7,35,0,18,0,0
PAY03073,CUST1645,43456,netbanking,insufficient_balance,5,2,29,0,13,0,1
PAY03074,CUST0488,41649,card,bank_decline,5,0,1,1,20,0,1
PAY03075,CUST0082,9019,netbanking,insufficient_balance,28,6,83,1,4,1,1
PAY03076,CUST2875,37731,wallet,expired_card,7,7,81,1,0,1,1
PAY03077,CUST2027,45344,card,authentication_failed,24,4,39,1,21,1,0
PAY03078,CUST1672,44552,wallet,expired_card,1,6,69,1,6,1,0
PAY03079,CUST2646,20018,netbanking,expired_card,7,4,42,0,8,1,0
PAY03080,CUST2685,28223,wallet,expired_card,29,8,25,1,16,0,1
PAY03081,CUST1216,36902,upi,authentication_failed,30,5,83,1,20,0,0
PAY03082,CUST1706,32509,upi,bank_decline,12,4,66,1,7,0,0
PAY03083,CUST0121,43550,wallet,bank_decline,11,8,60,0,16,1,0
PAY03084,CUST0999,10524,wallet,technical_error,17,3,84,1,9,0,1
PAY03085,CUST2986,28321,netbanking,technical_error,1,5,3,1,10,0,0
PAY03086,CUST1480,47333,card,technical_error,5,8,34,1,14,0,0
PAY03087,CUST0034,3451,wallet,insufficient_balance,8,2,77,0,18,0,1
PAY03088,CUST2855,30734,wallet,insufficient_balance,29,7,18,1,8,1,1
PAY03089,CUST2732,41314,card,insufficient_balance,17,0,8,1,4,1,1
PAY03090,CUST2291,23113,card,expired_card,1,2,88,0,9,1,1
PAY03091,CUST0095,43218,upi,technical_error,3,4,26,1,7,0,1
PAY03092,CUST0571,30508,netbanking,authentication_failed,21,3,28,1,19,1,0
PAY03093,CUST0771,5255,card,network_timeout,4,3,84,1,18,0,1
PAY03094,CUST1126,11035,wallet,expired_card,5,7,33,0,17,1,1
PAY03095,CUST2768,25023,upi,authentication_failed,11,1,88,0,16,1,1
PAY03096,CUST2032,14743,upi,technical_error,22,5,44,1,10,0,1
PAY03097,CUST1064,41513,wallet,network_timeout,25,1,74,0,10,0,0
PAY03098,CUST0322,31336,netbanking,expired_card,26,5,40,0,22,1,1
PAY03099,CUST2862,2148,wallet,insufficient_balance,15,2,69,0,13,1,1
PAY03100,CUST0819,16316,wallet,expired_card,12,1,17,0,21,1,1
PAY03101,CUST1949,24646,wallet,authentication_failed,23,2,54,1,3,0,1
PAY03102,CUST1738,1983,netbanking,technical_error,3,8,83,1,12,0,0
PAY03103,CUST0058,38710,card,bank_decline,18,3,10,1,7,0,0
PAY03104,CUST0963,40631,netbanking,network_timeout,13,7,7,1,10,0,1
PAY03105,CUST2918,21722,upi,insufficient_balance,29,6,56,0,21,0,1
PAY03106,CUST0710,49945,upi,expired_card,25,3,67,0,9,1,1
PAY03107,CUST0371,43194,netbanking,authentication_failed,4,0,18,1,19,0,0
PAY03108,CUST1642,19615,netbanking,network_timeout,27,2,70,0,23,0,1
PAY03109,CUST0439,16242,netbanking,insufficient_balance,15,5,47,1,12,1,1
PAY03110,CUST0757,39839,card,network_timeout,22,5,37,0,23,1,1
PAY03111,CUST2576,17058,upi,network_timeout,16,3,82,1,7,1,1
PAY03112,CUST2520,24512,upi,network_timeout,28,0,87,0,21,1,1
PAY03113,CUST1982,7879,card,expired_card,0,6,18,0,21,1,0
PAY03114,CUST2478,8390,wallet,expired_card,25,1,57,0,5,0,1
PAY03115,CUST1751,9357,card,authentication_failed,1,8,62,0,19,0,0
PAY03116,CUST0642,6519,upi,bank_decline,18,1,41,1,6,1,0
PAY03117,CUST1783,31822,card,network_timeout,11,2,72,1,15,0,1
PAY03118,CUST1811,42270,netbanking,expired_card,27,1,47,0,1,1,1
PAY03119,CUST1123,20927,card,network_timeout,25,2,0,0,20,1,1
PAY03120,CUST2133,16093,wallet,technical_error,19,0,27,1,20,1,1
PAY03121,CUST0227,11247,netbanking,technical_error,12,7,50,0,7,0,1
PAY03122,CUST1115,657,upi,expired_card,13,7,86,1,9,0,0
PAY03123,CUST2198,46695,upi,insufficient_balance,25,6,69,0,1,0,1
PAY03124,CUST0998,36109,upi,bank_decline,5,1,6,1,3,0,1
PAY03125,CUST1002,18503,wallet,network_timeout,3,8,39,0,4,0,1
PAY03126,CUST0404,15502,upi,expired_card,25,3,22,0,17,0,0
PAY03127,CUST2807,48020,card,authentication_failed,12,8,15,1,7,1,0
PAY03128,CUST0038,15668,card,authentication_failed,30,7,31,1,19,0,1
PAY03129,CUST1909,49192,netbanking,authentication_failed,15,6,61,0,1,0,1
PAY03130,CUST0095,23272,upi,network_timeout,8,1,6,1,0,1,1
PAY03131,CUST0468,28523,upi,expired_card,17,5,3,1,3,0,0
PAY03132,CUST0888,30166,card,technical_error,11,1,14,0,19,1,1
PAY03133,CUST2633,20018,netbanking,expired_card,29,5,53,1,4,1,0
PAY03134,CUST1410,22279,wallet,network_timeout,19,2,58,1,15,0,1
PAY03135,CUST0968,28882,wallet,authentication_failed,21,1,88,1,4,1,1
PAY03136,CUST0986,38415,netbanking,bank_decline,3,2,51,1,14,0,0
PAY03137,CUST0104,24496,netbanking,bank_decline,6,7,12,0,17,1,0
PAY03138,CUST1174,3149,upi,authentication_failed,4,3,87,1,21,1,0
PAY03139,CUST0282,19887,netbanking,bank_decline,28,6,22,1,13,0,0
PAY03140,CUST2980,14413,card,expired_card,30,1,9,1,13,0,1
PAY03141,CUST2803,19642,upi,authentication_failed,21,1,47,0,9,0,1
PAY03142,CUST0462,39484,wallet,technical_error,23,6,26,1,8,1,0
PAY03143,CUST0112,16500,wallet,expired_card,12,8,72,1,18,1,1
PAY03144,CUST0090,14285,wallet,technical_error,17,3,0,0,8,0,1
PAY03145,CUST1993,44855,upi,bank_decline,23,3,88,0,11,0,0
PAY03146,CUST0594,46430,card,authentication_failed,20,2,61,0,12,1,1
PAY03147,CUST2451,14718,netbanking,network_timeout,1,4,6,1,23,0,0
PAY03148,CUST2372,6272,card,technical_error,14,2,16,0,8,1,1
PAY03149,CUST0509,34086,upi,network_timeout,2,8,14,1,22,1,0
PAY03150,CUST2671,3601,wallet,expired_card,21,7,67,1,18,1,0
PAY03151,CUST1167,38218,wallet,technical_error,19,0,40,0,4,0,1
PAY03152,CUST2009,8242,card,expired_card,17,6,42,1,11,0,0
PAY03153,CUST2265,40719,card,network_timeout,13,1,63,0,20,1,1
PAY03154,CUST1665,16041,card,bank_decline,6,1,21,1,11,1,1
PAY03155,CUST1838,11765,wallet,network_timeout,13,4,77,1,6,1,1
PAY03156,CUST2297,33334,card,network_timeout,18,3,67,0,12,0,1
PAY03157,CUST2858,3203,card,insufficient_balance,20,0,63,0,13,1,0
PAY03158,CUST1426,12455,upi,network_timeout,12,3,88,0,13,0,1
PAY03159,CUST0992,5138,wallet,technical_error,27,8,42,1,18,0,0
PAY03160,CUST0186,20447,card,insufficient_balance,15,2,76,1,23,1,1
PAY03161,CUST1522,33909,netbanking,technical_error,7,5,88,1,7,0,1
PAY03162,CUST0628,31677,netbanking,authentication_failed,6,2,18,1,10,0,1
PAY03163,CUST1794,17947,card,technical_error,22,2,41,0,20,1,1
PAY03164,CUST2022,27688,upi,network_timeout,26,2,90,0,12,0,1
PAY03165,CUST0498,45727,wallet,insufficient_balance,18,4,45,1,3,0,1
PAY03166,CUST2963,36463,netbanking,expired_card,7,1,40,1,6,0,1
PAY03167,CUST2471,15983,card,bank_decline,19,6,66,1,19,0,1
PAY03168,CUST2665,38579,wallet,authentication_failed,21,4,46,1,4,1,1
PAY03169,CUST2988,2204,upi,authentication_failed,3,7,61,0,10,0,1
PAY03170,CUST1715,26344,card,network_timeout,28,3,27,1,6,1,1
PAY03171,CUST1855,1986,wallet,authentication_failed,4,1,61,0,22,1,0
PAY03172,CUST0046,46391,upi,expired_card,4,2,82,0,23,1,1
PAY03173,CUST0386,45211,upi,network_timeout,13,3,23,0,13,1,1
PAY03174,CUST1264,1044,card,technical_error,3,4,37,1,5,1,1
PAY03175,CUST2265,17843,upi,authentication_failed,21,0,20,1,7,1,1
PAY03176,CUST0030,45824,netbanking,bank_decline,13,5,89,0,3,1,0
PAY03177,CUST2693,4368,netbanking,bank_decline,8,0,78,1,3,1,0
PAY03178,CUST2028,23139,upi,technical_error,17,1,24,1,1,1,1
PAY03179,CUST1275,41799,upi,expired_card,26,5,11,0,16,0,0
PAY03180,CUST1580,5086,card,network_timeout,20,3,40,1,10,1,1
PAY03181,CUST0743,49209,upi,network_timeout,20,2,30,1,12,1,1
PAY03182,CUST1773,38313,wallet,technical_error,5,2,72,1,7,0,1
PAY03183,CUST2201,25247,card,technical_error,8,1,8,0,19,0,1
PAY03184,CUST2545,15205,netbanking,insufficient_balance,8,2,37,0,12,1,1
PAY03185,CUST2759,11744,upi,expired_card,13,3,25,1,21,0,1
PAY03186,CUST0976,16965,upi,bank_decline,11,1,67,1,13,1,1
PAY03187,CUST2997,2543,wallet,expired_card,25,4,22,1,7,0,1
PAY03188,CUST1572,40746,upi,technical_error,10,5,2,1,8,0,1
PAY03189,CUST1393,1522,netbanking,insufficient_balance,24,8,81,1,19,1,0
PAY03190,CUST1965,41489,card,insufficient_balance,18,6,77,1,9,1,0
PAY03191,CUST0859,21249,card,bank_decline,12,5,5,1,14,0,1
PAY03192,CUST2251,34377,upi,network_timeout,1,5,35,0,17,1,0
PAY03193,CUST0870,18107,netbanking,authentication_failed,23,6,85,1,16,1,0
PAY03194,CUST1761,29589,netbanking,bank_decline,0,6,89,0,14,0,0
PAY03195,CUST1775,38388,card,network_timeout,27,4,79,1,2,0,1
PAY03196,CUST0108,49823,upi,technical_error,8,7,13,1,12,1,1
PAY03197,CUST1469,27548,wallet,authentication_failed,10,0,83,1,2,1,0
PAY03198,CUST0082,45072,card,bank_decline,15,4,33,0,6,1,1
PAY03199,CUST2844,13697,netbanking,technical_error,28,6,73,1,0,1,1
PAY03200,CUST1328,49872,card,authentication_failed,10,6,52,0,15,1,0
PAY03201,CUST1274,3085,upi,authentication_failed,23,4,22,1,2,1,1
PAY03202,CUST2880,35296,upi,expired_card,25,7,15,1,1,0,0
PAY03203,CUST1354,3750,upi,technical_error,10,7,54,0,12,1,1
PAY03204,CUST2107,4775,wallet,insufficient_balance,16,4,73,0,23,1,0
PAY03205,CUST2291,3492,wallet,insufficient_balance,10,8,44,0,0,0,0
PAY03206,CUST0090,5307,upi,bank_decline,17,6,76,1,2,0,1
PAY03207,CUST0007,49847,netbanking,authentication_failed,29,8,47,0,22,1,1
PAY03208,CUST1883,23055,wallet,bank_decline,1,3,49,1,13,0,1
PAY03209,CUST0212,12833,wallet,insufficient_balance,8,4,87,1,6,1,1
PAY03210,CUST1651,33436,wallet,authentication_failed,23,3,29,0,17,0,0
PAY03211,CUST2762,9965,upi,insufficient_balance,11,7,86,1,2,1,1
PAY03212,CUST2925,48779,card,bank_decline,28,3,15,1,9,1,0
PAY03213,CUST1464,30311,wallet,bank_decline,5,6,17,1,7,1,0
PAY03214,CUST1821,35370,netbanking,authentication_failed,1,8,78,1,15,1,1
PAY03215,CUST2031,24632,netbanking,authentication_failed,9,3,36,1,4,1,1
PAY03216,CUST0780,29337,wallet,expired_card,28,0,30,1,12,1,1
PAY03217,CUST1720,36641,wallet,expired_card,0,4,19,0,15,1,0
PAY03218,CUST1914,23345,card,expired_card,19,7,44,0,9,0,0
PAY03219,CUST0312,20880,wallet,insufficient_balance,20,3,7,0,1,0,0
PAY03220,CUST2339,18303,card,bank_decline,11,6,45,0,7,1,1
PAY03221,CUST2959,17361,netbanking,insufficient_balance,16,5,83,1,11,0,1
PAY03222,CUST1401,11915,upi,authentication_failed,4,6,55,0,20,0,0
PAY03223,CUST0151,17154,wallet,network_timeout,27,1,8,0,23,0,1
PAY03224,CUST1261,38432,netbanking,bank_decline,2,1,76,1,10,0,1
PAY03225,CUST0356,35988,card,authentication_failed,28,5,64,0,23,1,1
PAY03226,CUST1134,26431,wallet,network_timeout,9,4,60,1,13,0,0
PAY03227,CUST2092,42228,wallet,technical_error,15,0,35,1,23,1,1
PAY03228,CUST1638,44088,wallet,technical_error,28,2,90,0,23,1,1
PAY03229,CUST2917,8827,netbanking,bank_decline,10,5,2,0,8,0,0
PAY03230,CUST2873,15348,upi,network_timeout,23,2,73,0,15,1,1
PAY03231,CUST1171,1236,netbanking,expired_card,26,7,87,0,19,1,0
PAY03232,CUST0716,10295,card,expired_card,1,5,8,0,2,1,0
PAY03233,CUST1541,2212,netbanking,bank_decline,9,7,31,0,17,0,0
PAY03234,CUST1038,29839,netbanking,insufficient_balance,8,7,38,1,4,0,1
PAY03235,CUST0770,21550,netbanking,expired_card,3,0,86,0,23,0,1
PAY03236,CUST2067,31613,upi,expired_card,2,8,87,1,13,1,0
PAY03237,CUST2036,31496,netbanking,network_timeout,6,1,26,1,2,0,1
PAY03238,CUST0036,9363,netbanking,technical_error,11,3,34,1,10,0,0
PAY03239,CUST1431,13865,netbanking,authentication_failed,5,1,62,1,10,0,1
PAY03240,CUST2365,34343,netbanking,authentication_failed,28,1,21,1,10,1,1
PAY03241,CUST2126,7348,wallet,bank_decline,11,2,27,0,3,0,1
PAY03242,CUST1275,34997,card,technical_error,28,0,7,0,17,0,1
PAY03243,CUST1058,25343,upi,expired_card,4,2,39,0,3,1,0
PAY03244,CUST2353,30463,upi,network_timeout,26,1,22,0,16,1,1
PAY03245,CUST0634,31044,upi,expired_card,2,1,37,1,2,0,0
PAY03246,CUST1022,5595,netbanking,authentication_failed,11,5,25,0,2,1,1
PAY03247,CUST0916,2655,upi,network_timeout,25,4,37,0,14,1,1
PAY03248,CUST2183,5863,card,network_timeout,19,6,46,1,21,1,1
PAY03249,CUST1310,30024,wallet,authentication_failed,26,6,30,1,10,1,0
PAY03250,CUST0491,36692,upi,technical_error,18,1,18,1,19,1,1
PAY03251,CUST1398,10107,card,bank_decline,9,1,79,0,0,1,0
PAY03252,CUST0429,45632,wallet,authentication_failed,12,1,2,0,22,0,1
PAY03253,CUST0656,43625,netbanking,insufficient_balance,25,1,51,0,13,0,1
PAY03254,CUST0623,45124,card,authentication_failed,25,7,45,1,5,1,1
PAY03255,CUST2533,37355,wallet,insufficient_balance,0,8,24,1,15,0,0
PAY03256,CUST0016,828,netbanking,technical_error,7,2,84,1,15,0,1
PAY03257,CUST0544,36227,wallet,network_timeout,22,3,20,0,0,0,1
PAY03258,CUST2644,43419,wallet,expired_card,17,5,78,1,23,0,1
PAY03259,CUST1041,12641,wallet,network_timeout,4,5,11,1,10,0,1
PAY03260,CUST2938,3029,netbanking,authentication_failed,16,0,90,0,20,1,0
PAY03261,CUST0066,25010,card,expired_card,17,0,22,0,8,0,1
PAY03262,CUST1715,23602,netbanking,bank_decline,8,7,51,1,1,0,0
PAY03263,CUST1054,5567,netbanking,bank_decline,12,4,26,0,3,1,0
PAY03264,CUST1349,41191,netbanking,bank_decline,25,2,28,1,16,1,1
PAY03265,CUST2982,25063,netbanking,bank_decline,22,3,9,0,12,0,1
PAY03266,CUST1707,42511,upi,insufficient_balance,26,0,11,0,23,0,1
PAY03267,CUST2278,25147,card,expired_card,15,4,85,1,2,0,1
PAY03268,CUST0878,33453,card,insufficient_balance,10,1,32,1,23,0,1
PAY03269,CUST2295,11142,netbanking,expired_card,2,1,33,1,18,0,0
PAY03270,CUST1482,15393,netbanking,bank_decline,4,8,30,1,2,1,0
PAY03271,CUST1943,14193,card,technical_error,10,3,16,1,15,0,1
PAY03272,CUST2280,16867,wallet,authentication_failed,16,6,42,1,22,0,1
PAY03273,CUST2429,11031,netbanking,authentication_failed,30,8,84,0,5,0,1
PAY03274,CUST2937,35261,card,network_timeout,16,3,19,0,11,0,1
PAY03275,CUST0171,28725,netbanking,bank_decline,17,4,87,1,15,1,0
PAY03276,CUST2618,32554,card,technical_error,30,6,35,1,17,0,0
PAY03277,CUST1965,17716,netbanking,technical_error,10,7,42,0,2,0,0
PAY03278,CUST1464,41792,upi,network_timeout,30,7,41,1,21,1,1
PAY03279,CUST2457,41289,upi,technical_error,22,7,35,1,8,0,1
PAY03280,CUST2810,4318,netbanking,technical_error,12,2,54,1,10,0,1
PAY03281,CUST2671,7821,wallet,bank_decline,8,5,28,1,19,1,0
PAY03282,CUST1457,20959,card,expired_card,24,6,39,0,19,1,0
PAY03283,CUST1805,34793,wallet,insufficient_balance,29,0,6,0,11,0,0
PAY03284,CUST0250,7325,wallet,insufficient_balance,26,0,10,1,18,1,1
PAY03285,CUST2672,41997,upi,insufficient_balance,29,4,18,0,16,1,1
PAY03286,CUST2218,48931,upi,expired_card,24,2,61,1,13,0,1
PAY03287,CUST2326,41284,netbanking,bank_decline,20,0,10,0,8,0,1
PAY03288,CUST0836,12980,netbanking,technical_error,0,1,42,0,14,0,0
PAY03289,CUST1535,34636,wallet,bank_decline,23,7,13,1,10,1,1
PAY03290,CUST1117,27417,card,expired_card,7,2,50,0,19,1,1
PAY03291,CUST1985,17619,wallet,authentication_failed,22,2,63,0,1,1,1
PAY03292,CUST0845,25992,netbanking,technical_error,18,1,13,0,22,1,1
PAY03293,CUST1675,29227,upi,technical_error,11,0,21,0,11,1,1
PAY03294,CUST2960,42633,upi,technical_error,7,0,86,1,14,1,1
PAY03295,CUST1311,36080,upi,network_timeout,29,2,49,0,13,1,0
PAY03296,CUST0892,39902,netbanking,bank_decline,15,8,34,1,23,1,0
PAY03297,CUST0011,29316,card,bank_decline,26,5,10,0,19,0,1
PAY03298,CUST1869,31771,netbanking,expired_card,2,2,73,1,9,0,1
PAY03299,CUST1257,39684,upi,expired_card,6,1,54,1,19,0,1
PAY03300,CUST2130,49863,upi,technical_error,24,5,84,1,8,1,1
PAY03301,CUST1823,28567,netbanking,bank_decline,24,5,74,0,15,0,0
PAY03302,CUST1482,21474,netbanking,authentication_failed,19,4,83,0,20,1,0
PAY03303,CUST0912,28405,wallet,authentication_failed,15,1,43,1,18,0,1
PAY03304,CUST0577,47674,card,technical_error,8,0,62,1,22,0,1
PAY03305,CUST1223,7476,netbanking,insufficient_balance,11,7,59,0,1,0,1
PAY03306,CUST0450,8165,netbanking,authentication_failed,8,7,58,0,9,1,0
PAY03307,CUST0985,43564,card,authentication_failed,8,8,61,0,5,1,0
PAY03308,CUST1497,30790,netbanking,bank_decline,8,1,28,1,8,1,1
PAY03309,CUST1266,6341,wallet,technical_error,10,5,59,0,19,1,1
PAY03310,CUST0622,15683,upi,technical_error,11,5,44,0,21,1,1
PAY03311,CUST1991,49044,netbanking,bank_decline,11,8,12,1,12,0,1
PAY03312,CUST0637,34893,netbanking,authentication_failed,20,1,24,1,5,0,1
PAY03313,CUST0875,48705,netbanking,bank_decline,0,4,2,1,3,1,1
PAY03314,CUST1641,38956,wallet,authentication_failed,22,1,32,1,21,1,1
PAY03315,CUST2951,45551,upi,expired_card,3,8,44,1,18,1,0
PAY03316,CUST0171,34060,upi,bank_decline,30,4,47,1,1,0,0
PAY03317,CUST1891,1764,upi,technical_error,26,6,12,0,2,1,1
PAY03318,CUST1426,40455,card,authentication_failed,27,0,13,1,23,0,1
PAY03319,CUST1570,30247,netbanking,technical_error,1,7,69,1,22,0,0
PAY03320,CUST2167,20586,netbanking,authentication_failed,3,6,90,0,3,1,1
PAY03321,CUST2369,15589,wallet,bank_decline,12,3,45,0,13,1,0
PAY03322,CUST0984,24218,netbanking,authentication_failed,16,6,5,1,1,1,1
PAY03323,CUST0525,8805,upi,expired_card,24,1,27,0,11,0,0
PAY03324,CUST0795,40214,card,network_timeout,8,3,6,1,9,0,1
PAY03325,CUST2018,41731,netbanking,technical_error,7,6,51,0,10,1,0
PAY03326,CUST2918,47756,wallet,bank_decline,24,1,88,1,16,0,0
PAY03327,CUST0803,46210,card,authentication_failed,1,7,86,0,11,1,1
PAY03328,CUST1495,36847,upi,bank_decline,26,0,65,0,10,0,1
PAY03329,CUST2742,27302,upi,authentication_failed,15,4,90,0,4,1,1
PAY03330,CUST1758,38325,card,network_timeout,25,2,86,0,6,0,1
PAY03331,CUST0310,17391,upi,expired_card,27,2,48,0,3,1,1
PAY03332,CUST2630,35918,upi,expired_card,25,4,50,1,14,1,0
PAY03333,CUST2578,41329,netbanking,bank_decline,29,5,89,0,5,1,0
PAY03334,CUST2812,20876,netbanking,expired_card,29,1,14,0,22,1,1
PAY03335,CUST0350,14113,wallet,bank_decline,6,8,2,1,4,0,1
PAY03336,CUST0845,36316,card,authentication_failed,18,3,56,1,16,1,0
PAY03337,CUST0409,35296,netbanking,bank_decline,30,1,33,1,21,0,0
PAY03338,CUST0680,1928,card,expired_card,21,8,31,0,7,1,1
PAY03339,CUST1094,4010,card,network_timeout,5,7,21,0,12,0,0
PAY03340,CUST0802,206,wallet,bank_decline,29,4,59,1,1,0,0
PAY03341,CUST1728,43445,wallet,bank_decline,3,8,30,1,12,0,1
PAY03342,CUST2473,24556,card,bank_decline,13,7,88,0,20,1,0
PAY03343,CUST0760,6247,wallet,insufficient_balance,1,4,69,1,17,0,0
PAY03344,CUST2691,19747,card,technical_error,12,3,5,0,21,0,1
PAY03345,CUST1586,19588,netbanking,bank_decline,8,6,59,1,3,0,0
PAY03346,CUST1644,2525,netbanking,authentication_failed,28,3,77,0,12,1,0
PAY03347,CUST2332,2275,wallet,authentication_failed,0,3,38,0,10,0,0
PAY03348,CUST2889,39171,wallet,authentication_failed,1,1,70,0,23,1,1
PAY03349,CUST2289,37709,card,insufficient_balance,12,8,18,1,14,0,1
PAY03350,CUST1894,18271,upi,network_timeout,30,5,31,0,19,0,1
PAY03351,CUST2612,26181,upi,expired_card,30,2,51,0,4,0,1
PAY03352,CUST0464,27850,card,technical_error,22,8,58,1,8,0,1
PAY03353,CUST0580,39649,upi,insufficient_balance,24,5,69,0,16,1,0
PAY03354,CUST0787,44824,card,network_timeout,13,5,57,0,10,0,1
PAY03355,CUST1967,20514,netbanking,expired_card,12,3,88,1,3,0,1
PAY03356,CUST0668,48229,card,expired_card,1,1,19,0,6,0,1
PAY03357,CUST2341,21754,netbanking,technical_error,30,7,72,0,7,1,0
PAY03358,CUST2470,29839,card,bank_decline,29,7,10,1,22,0,0
PAY03359,CUST0788,2240,netbanking,bank_decline,16,7,7,1,2,0,1
PAY03360,CUST1039,45886,wallet,network_timeout,10,1,50,1,17,0,1
PAY03361,CUST2600,41466,netbanking,insufficient_balance,7,7,49,1,3,1,0
PAY03362,CUST1654,30083,wallet,authentication_failed,13,0,1,1,8,0,1
PAY03363,CUST1271,21372,wallet,authentication_failed,20,3,10,1,7,0,0
PAY03364,CUST0933,14897,upi,expired_card,18,6,57,1,15,1,0
PAY03365,CUST1394,7722,card,expired_card,17,4,68,0,18,1,0
PAY03366,CUST2871,28856,upi,network_timeout,17,1,44,1,0,1,1
PAY03367,CUST1186,10729,wallet,network_timeout,14,5,74,1,15,1,1
PAY03368,CUST0481,6993,card,network_timeout,15,7,50,1,14,1,1
PAY03369,CUST1188,44245,netbanking,bank_decline,10,7,19,1,4,0,0
PAY03370,CUST1587,44869,upi,expired_card,16,5,34,0,6,0,0
PAY03371,CUST2494,33357,netbanking,authentication_failed,12,8,44,1,0,1,1
PAY03372,CUST1553,47519,upi,authentication_failed,22,6,8,0,16,0,1
PAY03373,CUST1679,36004,wallet,network_timeout,19,7,56,1,14,1,1
PAY03374,CUST1919,2779,upi,technical_error,18,6,18,1,7,1,1
PAY03375,CUST1919,38717,upi,authentication_failed,25,7,8,0,1,1,1
PAY03376,CUST0977,23535,card,insufficient_balance,17,6,22,0,21,0,0
PAY03377,CUST1667,35465,upi,expired_card,6,2,29,0,21,0,0
PAY03378,CUST0213,9478,upi,technical_error,18,3,32,1,12,0,1
PAY03379,CUST1644,46523,card,bank_decline,18,4,90,0,21,0,0
PAY03380,CUST1634,40206,netbanking,authentication_failed,4,3,43,1,17,1,0
PAY03381,CUST1324,9312,netbanking,network_timeout,4,8,43,0,15,0,0
PAY03382,CUST0136,25170,netbanking,expired_card,16,8,43,1,17,1,0
PAY03383,CUST1396,16183,card,network_timeout,30,8,1,1,5,1,1
PAY03384,CUST1434,20482,upi,technical_error,25,0,41,0,14,1,1
PAY03385,CUST1240,8751,netbanking,expired_card,25,0,61,1,17,1,1
PAY03386,CUST2230,26110,card,authentication_failed,5,0,29,0,5,0,0
PAY03387,CUST1021,5025,wallet,network_timeout,28,1,79,1,17,1,1
PAY03388,CUST1699,13787,upi,technical_error,25,7,72,1,5,1,1
PAY03389,CUST0832,45953,card,expired_card,25,2,39,1,13,0,1
PAY03390,CUST2361,7512,wallet,authentication_failed,18,6,39,1,3,1,0
PAY03391,CUST0035,15465,upi,insufficient_balance,17,8,64,0,15,0,1
PAY03392,CUST0080,21345,card,authentication_failed,1,2,67,1,9,1,0
PAY03393,CUST2805,5296,upi,network_timeout,4,2,90,0,2,1,0
PAY03394,CUST1479,19600,netbanking,expired_card,2,6,35,1,19,0,0
PAY03395,CUST2698,45724,card,network_timeout,27,4,51,1,4,1,0
PAY03396,CUST1309,42713,card,network_timeout,11,2,51,1,8,1,0
PAY03397,CUST0700,3429,upi,authentication_failed,12,0,61,1,9,0,1
PAY03398,CUST0827,977,netbanking,technical_error,30,7,18,0,22,0,0
PAY03399,CUST1630,35155,card,bank_decline,1,1,33,1,14,0,1
PAY03400,CUST0939,8919,wallet,bank_decline,2,4,84,1,16,0,0
PAY03401,CUST2544,41667,wallet,network_timeout,3,5,5,0,18,1,1
PAY03402,CUST2034,40031,wallet,authentication_failed,4,0,79,0,11,0,1
PAY03403,CUST2341,8665,card,network_timeout,27,8,19,1,4,0,0
PAY03404,CUST0930,46304,upi,technical_error,14,0,34,0,15,1,1
PAY03405,CUST2071,10685,card,expired_card,17,5,41,0,2,1,0
PAY03406,CUST0865,39707,wallet,network_timeout,9,2,2,1,10,1,1
PAY03407,CUST1240,45712,card,expired_card,29,2,38,1,7,1,0
PAY03408,CUST0650,25362,upi,expired_card,19,1,66,0,22,0,0
PAY03409,CUST0729,19785,wallet,authentication_failed,14,3,82,1,22,1,1
PAY03410,CUST1967,11362,netbanking,expired_card,6,4,25,1,9,1,1
PAY03411,CUST2126,32567,upi,technical_error,27,6,46,1,3,1,1
PAY03412,CUST1664,49427,netbanking,insufficient_balance,28,8,86,0,5,0,1
PAY03413,CUST0928,17808,card,authentication_failed,9,2,37,1,18,1,1
PAY03414,CUST0208,41157,card,authentication_failed,1,4,1,0,13,1,0
PAY03415,CUST1979,15045,wallet,bank_decline,4,4,21,1,12,0,1
PAY03416,CUST0516,24084,netbanking,technical_error,4,0,28,1,19,0,1
PAY03417,CUST0218,39122,card,authentication_failed,30,4,80,0,3,1,1
PAY03418,CUST0608,30689,upi,network_timeout,30,1,58,0,5,1,1
PAY03419,CUST1273,4414,netbanking,bank_decline,30,5,53,0,0,0,0
PAY03420,CUST2137,17525,upi,technical_error,25,3,27,1,19,1,1
PAY03421,CUST1837,20165,upi,insufficient_balance,18,8,81,0,20,1,0
PAY03422,CUST2526,27445,wallet,authentication_failed,15,7,10,1,7,0,0
PAY03423,CUST0692,10989,wallet,insufficient_balance,23,4,59,0,12,1,0
PAY03424,CUST0044,2898,upi,insufficient_balance,19,0,73,0,22,0,1
PAY03425,CUST1771,19801,wallet,bank_decline,2,4,38,0,14,1,1
PAY03426,CUST1022,48435,netbanking,expired_card,8,0,36,0,20,0,0
PAY03427,CUST0512,26350,wallet,technical_error,4,0,55,1,11,1,1
PAY03428,CUST2339,14821,upi,expired_card,30,3,87,1,18,0,0
PAY03429,CUST1136,21036,upi,authentication_failed,24,2,88,1,5,1,0
PAY03430,CUST2286,45576,upi,expired_card,14,3,31,0,7,0,0
PAY03431,CUST0081,31649,upi,expired_card,10,3,80,0,1,0,0
PAY03432,CUST0943,27828,netbanking,network_timeout,27,2,19,1,15,1,0
PAY03433,CUST0089,41619,netbanking,insufficient_balance,22,7,20,0,7,0,0
PAY03434,CUST1421,3037,netbanking,network_timeout,12,0,16,0,4,1,1
PAY03435,CUST0393,1957,wallet,authentication_failed,2,5,45,1,17,1,0
PAY03436,CUST0222,38619,netbanking,authentication_failed,22,0,34,0,4,1,1
PAY03437,CUST1397,25873,netbanking,network_timeout,2,2,47,1,2,0,1
PAY03438,CUST1314,15341,card,bank_decline,24,8,9,0,7,1,0
PAY03439,CUST0088,22991,upi,authentication_failed,22,4,78,1,2,1,0
PAY03440,CUST0451,21935,wallet,expired_card,11,7,15,1,13,0,1
PAY03441,CUST0712,33846,upi,expired_card,13,3,2,1,3,1,1
PAY03442,CUST0550,4978,netbanking,authentication_failed,13,3,40,0,0,0,1
PAY03443,CUST1877,28661,card,expired_card,1,4,19,0,10,1,0
PAY03444,CUST2052,23594,wallet,technical_error,14,7,9,1,6,0,0
PAY03445,CUST2838,27786,card,technical_error,1,0,13,0,2,1,0
PAY03446,CUST1711,48120,card,network_timeout,23,3,76,0,15,0,1
PAY03447,CUST2204,39021,upi,network_timeout,8,6,84,0,12,0,0
PAY03448,CUST2273,34375,card,bank_decline,30,8,60,1,2,1,1
PAY03449,CUST1723,39151,card,expired_card,20,0,84,1,10,1,1
PAY03450,CUST2281,35247,upi,bank_decline,15,2,67,0,0,1,1
PAY03451,CUST0640,46927,wallet,insufficient_balance,26,0,81,0,21,1,1
PAY03452,CUST1833,10214,upi,bank_decline,6,5,53,1,0,1,1
PAY03453,CUST2113,14732,card,technical_error,7,0,51,1,16,1,1
PAY03454,CUST0423,42144,netbanking,expired_card,9,8,26,1,14,0,0
PAY03455,CUST1066,25497,wallet,expired_card,18,0,55,1,16,1,0
PAY03456,CUST1841,24517,card,technical_error,10,7,12,0,13,1,1
PAY03457,CUST1452,28353,card,expired_card,21,5,51,0,9,0,1
PAY03458,CUST0367,33115,card,authentication_failed,20,7,26,0,0,0,1
PAY03459,CUST0552,23004,netbanking,bank_decline,10,3,30,1,22,1,0
PAY03460,CUST1975,15956,card,authentication_failed,6,1,48,1,22,1,1
PAY03461,CUST0444,38890,upi,bank_decline,3,5,36,1,21,0,0
PAY03462,CUST0052,6882,upi,expired_card,21,0,17,1,9,1,1
PAY03463,CUST1316,1658,card,expired_card,9,0,64,0,21,0,0
PAY03464,CUST2327,32604,wallet,authentication_failed,14,3,66,1,4,1,1
PAY03465,CUST1547,6482,wallet,insufficient_balance,0,3,36,0,16,0,1
PAY03466,CUST2750,3995,card,network_timeout,18,1,37,0,10,0,1
PAY03467,CUST2520,20233,upi,network_timeout,15,4,13,1,18,1,1
PAY03468,CUST1287,17891,wallet,bank_decline,4,8,79,1,22,0,0
PAY03469,CUST1472,6638,wallet,insufficient_balance,4,5,19,1,10,1,0
PAY03470,CUST0229,373,upi,insufficient_balance,7,0,16,0,9,0,1
PAY03471,CUST1525,25150,wallet,bank_decline,27,1,23,1,2,1,1
PAY03472,CUST2125,37053,card,expired_card,3,8,80,0,16,0,0
PAY03473,CUST1380,4651,wallet,bank_decline,13,0,90,0,5,0,1
PAY03474,CUST2373,8428,wallet,technical_error,17,4,35,1,20,0,1
PAY03475,CUST2391,36595,wallet,insufficient_balance,13,1,41,0,15,1,1
PAY03476,CUST2505,21265,netbanking,expired_card,9,2,1,0,5,1,0
PAY03477,CUST2843,36493,upi,expired_card,17,8,50,0,23,0,1
PAY03478,CUST1001,30344,upi,bank_decline,2,4,46,0,7,0,0
PAY03479,CUST0451,35031,card,authentication_failed,4,6,86,1,20,0,0
PAY03480,CUST1080,8064,upi,authentication_failed,18,6,0,1,2,0,1
PAY03481,CUST1081,29866,card,technical_error,18,1,13,0,23,1,1
PAY03482,CUST1550,43208,upi,expired_card,23,7,52,0,9,0,0
PAY03483,CUST0186,14547,netbanking,network_timeout,8,1,25,0,16,0,1
PAY03484,CUST0455,36955,card,expired_card,0,5,10,0,5,1,1
PAY03485,CUST2606,7691,wallet,technical_error,21,0,39,1,14,0,1
PAY03486,CUST2058,23768,wallet,network_timeout,18,4,6,1,14,0,1
PAY03487,CUST1213,43391,wallet,technical_error,6,1,2,0,3,1,1
PAY03488,CUST1449,25641,netbanking,expired_card,15,2,19,1,10,1,1
PAY03489,CUST2457,17715,card,bank_decline,23,4,3,0,6,1,0
PAY03490,CUST1088,17026,wallet,network_timeout,19,3,31,0,22,0,1
PAY03491,CUST1611,49107,netbanking,network_timeout,5,6,38,0,0,1,1
PAY03492,CUST0070,14789,upi,bank_decline,24,7,44,0,2,0,0
PAY03493,CUST1425,32141,wallet,insufficient_balance,2,0,10,0,17,1,0
PAY03494,CUST2638,21876,netbanking,bank_decline,25,1,21,1,7,1,0
PAY03495,CUST0154,25560,netbanking,network_timeout,1,4,56,1,16,1,1
PAY03496,CUST1901,39385,netbanking,technical_error,12,8,75,1,16,1,1
PAY03497,CUST2117,4644,wallet,network_timeout,28,3,51,0,0,0,0
PAY03498,CUST1868,30805,card,network_timeout,14,7,28,1,10,1,0
PAY03499,CUST2440,13028,upi,network_timeout,14,8,13,0,2,1,1
PAY03500,CUST0437,37700,wallet,network_timeout,1,4,78,0,5,0,0
PAY03501,CUST1098,18883,netbanking,network_timeout,30,5,42,1,14,1,1
PAY03502,CUST0932,15328,upi,authentication_failed,21,8,38,1,22,1,0
PAY03503,CUST1533,10701,upi,technical_error,3,7,87,0,6,0,1
PAY03504,CUST1476,16077,card,network_timeout,9,2,49,1,11,0,1
PAY03505,CUST2947,25391,card,authentication_failed,19,7,82,1,7,0,0
PAY03506,CUST1862,14285,netbanking,bank_decline,22,2,34,1,22,0,1
PAY03507,CUST0804,49006,netbanking,technical_error,12,5,84,0,19,0,0
PAY03508,CUST1963,43278,wallet,technical_error,14,1,33,0,7,1,1
PAY03509,CUST2362,13256,card,bank_decline,29,6,56,0,13,0,1
PAY03510,CUST1497,23944,card,bank_decline,27,3,40,1,19,0,1
PAY03511,CUST0486,47095,card,bank_decline,4,5,3,1,22,0,0
PAY03512,CUST1520,49259,netbanking,bank_decline,9,6,26,1,0,0,0
PAY03513,CUST1213,43525,netbanking,expired_card,15,0,29,0,8,0,0
PAY03514,CUST1948,45687,card,authentication_failed,17,6,50,0,11,1,1
PAY03515,CUST0517,39705,card,expired_card,0,2,49,0,0,0,0
PAY03516,CUST2732,5356,card,authentication_failed,24,0,10,1,13,0,0
PAY03517,CUST1701,4714,wallet,insufficient_balance,17,4,32,0,4,0,1
PAY03518,CUST0947,179,card,authentication_failed,23,8,65,0,20,0,0
PAY03519,CUST2175,19954,wallet,technical_error,19,0,87,1,15,0,1
PAY03520,CUST0806,44261,upi,network_timeout,1,4,85,1,16,0,1
PAY03521,CUST2023,44419,wallet,authentication_failed,7,6,46,1,23,1,0
PAY03522,CUST0288,39808,upi,insufficient_balance,2,8,70,0,4,0,0
PAY03523,CUST1683,14080,card,technical_error,23,6,36,0,15,1,1
PAY03524,CUST0259,41916,upi,network_timeout,4,3,52,1,3,1,1
PAY03525,CUST2489,15745,wallet,technical_error,6,5,80,0,13,1,1
PAY03526,CUST1780,18051,card,insufficient_balance,4,3,73,0,22,0,1
PAY03527,CUST2698,11875,netbanking,insufficient_balance,25,8,19,1,14,0,0
PAY03528,CUST0717,25038,upi,bank_decline,18,4,77,1,5,0,0
PAY03529,CUST1283,12224,wallet,expired_card,8,4,87,1,7,1,0
PAY03530,CUST2882,47918,wallet,technical_error,3,1,9,1,7,0,1
PAY03531,CUST0190,28023,netbanking,network_timeout,19,8,3,1,17,1,1
PAY03532,CUST1962,5681,netbanking,expired_card,22,5,76,0,20,1,0
PAY03533,CUST2862,11037,wallet,technical_error,15,0,21,1,18,0,1
PAY03534,CUST2819,10057,card,authentication_failed,23,4,49,0,14,0,1
PAY03535,CUST0477,27130,upi,authentication_failed,30,6,50,0,6,0,0
PAY03536,CUST0780,21333,netbanking,network_timeout,17,0,22,1,11,1,1
PAY03537,CUST1919,15001,wallet,technical_error,6,5,62,1,11,0,1
PAY03538,CUST2312,42272,upi,expired_card,23,7,34,0,2,0,0
PAY03539,CUST1964,44363,upi,bank_decline,30,7,1,0,22,1,0
PAY03540,CUST0608,23374,wallet,authentication_failed,14,6,13,0,5,1,0
PAY03541,CUST2276,19214,upi,insufficient_balance,6,0,1,0,11,1,1
PAY03542,CUST1021,2201,upi,technical_error,30,2,80,1,20,0,1
PAY03543,CUST2095,30661,upi,insufficient_balance,25,1,5,1,21,0,1
PAY03544,CUST0341,11356,wallet,insufficient_balance,22,6,45,1,17,1,1
PAY03545,CUST0612,12151,card,bank_decline,4,0,8,1,0,1,0
PAY03546,CUST0565,35802,wallet,expired_card,26,1,55,0,15,1,1
PAY03547,CUST0858,41337,wallet,expired_card,2,2,79,1,11,1,1
PAY03548,CUST0375,44954,card,network_timeout,30,5,10,0,16,0,1
PAY03549,CUST2534,19995,netbanking,authentication_failed,4,2,54,0,6,0,1
PAY03550,CUST0053,13849,wallet,network_timeout,14,2,16,0,10,0,1
PAY03551,CUST0629,48978,upi,network_timeout,22,3,85,1,21,0,1
PAY03552,CUST2621,18099,upi,bank_decline,10,3,73,0,13,0,0
PAY03553,CUST2295,2074,card,bank_decline,22,6,28,0,13,1,0
PAY03554,CUST2508,25364,wallet,authentication_failed,21,4,1,0,6,0,1
PAY03555,CUST1042,24598,netbanking,expired_card,2,0,49,0,13,1,1
PAY03556,CUST1081,38129,wallet,network_timeout,0,8,36,1,23,1,0
PAY03557,CUST2263,1900,card,expired_card,23,1,62,1,9,0,1
PAY03558,CUST2377,27158,upi,technical_error,0,2,37,0,3,1,1
PAY03559,CUST0025,20930,card,authentication_failed,19,6,78,1,3,0,1
PAY03560,CUST0501,21720,upi,authentication_failed,10,5,20,0,22,0,1
PAY03561,CUST0546,43396,card,expired_card,16,8,24,1,20,1,0
PAY03562,CUST2605,20033,upi,expired_card,29,4,7,1,15,1,0
PAY03563,CUST0715,22373,upi,technical_error,11,0,13,0,3,1,1
PAY03564,CUST0652,21374,netbanking,technical_error,21,6,23,1,14,0,1
PAY03565,CUST1647,2746,upi,network_timeout,14,4,68,0,7,0,1
PAY03566,CUST1044,23610,card,authentication_failed,24,7,15,1,2,1,0
PAY03567,CUST0538,11771,upi,expired_card,30,5,88,1,21,1,1
PAY03568,CUST2443,11965,card,expired_card,23,5,72,1,14,1,0
PAY03569,CUST1823,32600,card,network_timeout,21,3,57,0,0,1,0
PAY03570,CUST1358,30753,wallet,insufficient_balance,14,4,41,0,2,1,0
PAY03571,CUST0003,36111,netbanking,technical_error,18,7,4,0,11,0,1
PAY03572,CUST0744,7720,upi,insufficient_balance,12,8,76,1,1,0,1
PAY03573,CUST2106,12929,netbanking,bank_decline,13,1,16,0,0,1,0
PAY03574,CUST1151,25686,card,authentication_failed,3,3,73,1,18,0,0
PAY03575,CUST1911,6989,netbanking,authentication_failed,12,0,28,0,16,1,0
PAY03576,CUST2216,34116,netbanking,insufficient_balance,16,5,82,1,16,0,1
PAY03577,CUST2237,17021,upi,technical_error,14,6,89,0,1,0,1
PAY03578,CUST2643,366,wallet,insufficient_balance,15,4,78,1,8,1,1
PAY03579,CUST1895,44926,netbanking,expired_card,8,1,5,1,12,0,0
PAY03580,CUST1746,8976,wallet,authentication_failed,24,5,36,0,9,1,1
PAY03581,CUST1453,37327,card,authentication_failed,12,0,33,0,10,0,1
PAY03582,CUST2504,33898,netbanking,authentication_failed,20,0,59,1,11,1,1
PAY03583,CUST1846,33351,upi,authentication_failed,15,5,53,0,12,1,1
PAY03584,CUST2156,20378,upi,expired_card,21,0,62,0,1,1,0
PAY03585,CUST2672,44004,card,authentication_failed,26,7,59,1,3,0,1
PAY03586,CUST1296,43195,card,authentication_failed,20,0,62,0,12,0,1
PAY03587,CUST0609,12600,upi,authentication_failed,22,8,41,1,0,0,1
PAY03588,CUST0775,26891,netbanking,insufficient_balance,30,8,42,0,23,0,0
PAY03589,CUST0919,5801,upi,authentication_failed,25,6,40,0,5,1,0
PAY03590,CUST0975,20649,netbanking,network_timeout,9,7,19,1,19,0,1
PAY03591,CUST0772,9252,upi,insufficient_balance,8,7,62,0,9,1,1
PAY03592,CUST2509,21709,card,technical_error,7,5,40,1,11,1,1
PAY03593,CUST0172,9851,card,network_timeout,13,1,60,1,2,0,1
PAY03594,CUST1713,20361,netbanking,expired_card,18,4,60,1,3,0,1
PAY03595,CUST0442,36211,upi,authentication_failed,19,1,81,0,15,0,1
PAY03596,CUST1715,21394,card,bank_decline,23,6,13,0,5,0,0
PAY03597,CUST2217,42639,upi,authentication_failed,22,0,46,1,9,1,1
PAY03598,CUST1718,36633,netbanking,insufficient_balance,21,0,32,1,11,1,1
PAY03599,CUST1394,38152,netbanking,network_timeout,4,6,27,1,13,0,1
PAY03600,CUST2047,32764,wallet,technical_error,19,4,27,0,20,0,1
PAY03601,CUST2000,26965,upi,technical_error,23,0,33,1,1,0,1
PAY03602,CUST2129,11761,upi,bank_decline,18,6,84,0,13,0,0
PAY03603,CUST0753,45034,upi,insufficient_balance,1,7,47,1,21,0,0
PAY03604,CUST1641,6927,wallet,technical_error,1,6,82,1,0,0,1
PAY03605,CUST1396,44547,card,insufficient_balance,1,0,26,0,8,1,1
PAY03606,CUST2506,2273,wallet,bank_decline,19,7,20,0,12,0,0
PAY03607,CUST2983,4942,upi,authentication_failed,7,3,75,0,23,0,0
PAY03608,CUST2368,24867,upi,network_timeout,0,5,28,0,15,0,1
PAY03609,CUST0654,11459,wallet,network_timeout,27,0,71,0,4,0,1
PAY03610,CUST2673,30462,wallet,authentication_failed,8,2,58,0,10,1,0
PAY03611,CUST2542,36777,netbanking,bank_decline,23,8,68,1,5,0,0
PAY03612,CUST0255,26329,upi,insufficient_balance,5,8,88,0,2,0,0
PAY03613,CUST1727,37909,card,expired_card,8,6,90,1,11,1,0
PAY03614,CUST0563,48639,netbanking,bank_decline,13,0,72,1,22,0,0
PAY03615,CUST2650,28056,netbanking,bank_decline,4,4,43,0,11,1,0
PAY03616,CUST0891,29790,wallet,authentication_failed,8,7,63,1,0,1,0
PAY03617,CUST0015,45770,netbanking,bank_decline,10,7,59,1,1,1,0
PAY03618,CUST0354,9424,wallet,insufficient_balance,17,4,19,1,16,0,0
PAY03619,CUST2453,9034,upi,bank_decline,21,1,90,1,8,0,0
PAY03620,CUST1793,1859,card,expired_card,6,7,9,1,1,1,0
PAY03621,CUST1586,47851,wallet,technical_error,16,0,25,0,22,1,1
PAY03622,CUST1549,20128,wallet,technical_error,26,5,81,0,4,1,1
PAY03623,CUST2387,34420,upi,network_timeout,28,2,33,0,17,1,1
PAY03624,CUST0976,24550,netbanking,network_timeout,26,6,2,0,18,0,0
PAY03625,CUST2527,36562,netbanking,technical_error,0,8,56,0,22,0,0
PAY03626,CUST1931,176,wallet,bank_decline,27,1,46,0,1,1,1
PAY03627,CUST1915,42623,card,authentication_failed,30,0,60,1,1,1,1
PAY03628,CUST0927,14841,wallet,technical_error,18,5,56,1,14,0,0
PAY03629,CUST2655,19346,wallet,network_timeout,21,0,41,0,2,0,1
PAY03630,CUST2338,133,card,authentication_failed,15,0,13,1,17,1,1
PAY03631,CUST0116,47712,upi,network_timeout,11,0,19,1,21,1,1
PAY03632,CUST2316,31134,upi,authentication_failed,24,3,90,0,1,0,1
PAY03633,CUST0049,44309,upi,technical_error,28,7,46,1,8,1,1
PAY03634,CUST2763,45504,netbanking,authentication_failed,7,6,41,1,23,1,0
PAY03635,CUST1043,49912,upi,expired_card,4,6,84,1,21,0,0
PAY03636,CUST0231,18534,card,bank_decline,9,1,44,0,14,1,1
PAY03637,CUST0162,44660,netbanking,network_timeout,28,3,30,1,19,0,0
PAY03638,CUST1820,27870,wallet,authentication_failed,18,7,48,0,23,1,0
PAY03639,CUST0020,34846,netbanking,expired_card,15,1,58,1,19,0,1
PAY03640,CUST1488,34241,netbanking,technical_error,23,6,66,0,8,1,1
PAY03641,CUST2410,40226,card,technical_error,1,3,43,1,5,1,1
PAY03642,CUST0185,44260,netbanking,bank_decline,8,4,42,0,18,1,1
PAY03643,CUST0857,12070,netbanking,expired_card,24,3,40,0,14,0,1
PAY03644,CUST0399,7738,card,authentication_failed,30,0,89,1,22,0,1
PAY03645,CUST2189,16502,wallet,authentication_failed,13,8,78,1,19,0,0
PAY03646,CUST0680,5105,upi,expired_card,26,6,15,0,1,1,0
PAY03647,CUST2963,45611,upi,authentication_failed,8,8,1,0,4,0,0
PAY03648,CUST2690,27532,netbanking,insufficient_balance,11,7,84,0,0,1,1
PAY03649,CUST1360,19531,upi,technical_error,16,7,70,0,22,0,1
PAY03650,CUST0264,49821,netbanking,bank_decline,21,4,77,1,14,1,0
PAY03651,CUST1584,422,netbanking,insufficient_balance,18,3,58,0,15,1,0
PAY03652,CUST2795,31192,upi,network_timeout,8,6,10,1,5,1,1
PAY03653,CUST1377,35183,card,expired_card,11,2,79,0,13,1,0
PAY03654,CUST1753,40710,wallet,technical_error,17,8,59,1,10,1,1
PAY03655,CUST1142,21686,netbanking,bank_decline,24,4,8,0,8,0,0
PAY03656,CUST0474,40101,upi,authentication_failed,29,3,53,0,22,1,1
PAY03657,CUST2467,28605,upi,authentication_failed,14,5,84,0,22,0,1
PAY03658,CUST1029,24799,upi,technical_error,19,0,14,0,8,1,1
PAY03659,CUST1207,31460,upi,bank_decline,23,5,52,0,2,1,1
PAY03660,CUST1678,36432,wallet,insufficient_balance,22,2,89,0,1,1,0
PAY03661,CUST0116,43172,wallet,expired_card,19,4,66,0,10,0,1
PAY03662,CUST0419,24922,card,insufficient_balance,22,2,57,1,7,0,1
PAY03663,CUST0217,14070,wallet,authentication_failed,5,7,8,1,20,0,0
PAY03664,CUST1165,19646,wallet,expired_card,13,3,8,0,4,0,1
PAY03665,CUST0859,35725,card,bank_decline,17,2,71,1,17,0,1
PAY03666,CUST1619,27375,card,expired_card,22,4,44,1,16,1,1
PAY03667,CUST1543,15281,netbanking,bank_decline,10,4,10,0,5,0,1
PAY03668,CUST1387,9242,card,insufficient_balance,29,8,90,1,13,0,1
PAY03669,CUST1295,40303,netbanking,bank_decline,18,8,39,0,17,0,0
PAY03670,CUST2838,35005,netbanking,bank_decline,28,0,42,0,1,0,1
PAY03671,CUST0325,43999,upi,authentication_failed,5,8,71,1,2,0,0
PAY03672,CUST0859,48976,upi,network_timeout,6,6,48,1,9,0,1
PAY03673,CUST1813,49184,wallet,technical_error,12,2,54,1,5,1,1
PAY03674,CUST0590,34780,wallet,authentication_failed,12,0,31,0,0,1,1
PAY03675,CUST1839,36868,upi,expired_card,14,1,0,1,5,0,1
PAY03676,CUST0909,17529,netbanking,authentication_failed,22,5,61,0,10,1,1
PAY03677,CUST0711,12740,upi,bank_decline,15,0,7,1,10,0,1
PAY03678,CUST1392,34882,netbanking,authentication_failed,18,7,27,0,4,1,0
PAY03679,CUST0904,48954,upi,insufficient_balance,17,5,57,0,9,0,0
PAY03680,CUST1043,2836,upi,expired_card,10,5,37,1,16,0,1
PAY03681,CUST2371,29582,wallet,authentication_failed,1,4,13,0,13,1,1
PAY03682,CUST2286,35321,card,expired_card,25,6,81,1,12,1,0
PAY03683,CUST0954,34679,wallet,expired_card,12,0,38,1,16,1,0
PAY03684,CUST2749,28361,wallet,authentication_failed,7,3,23,0,19,0,1
PAY03685,CUST2826,10784,netbanking,technical_error,19,5,45,1,22,1,1
PAY03686,CUST0119,792,wallet,insufficient_balance,7,4,40,1,5,1,1
PAY03687,CUST1125,2182,wallet,bank_decline,0,8,76,1,6,0,1
PAY03688,CUST0349,8539,card,insufficient_balance,27,3,73,0,22,0,1
PAY03689,CUST0989,47373,wallet,network_timeout,27,6,18,0,7,1,1
PAY03690,CUST1738,36126,card,expired_card,28,8,9,0,17,0,0
PAY03691,CUST0480,24084,upi,insufficient_balance,14,4,25,1,12,1,0
PAY03692,CUST0087,8573,wallet,bank_decline,5,8,58,0,10,1,0
PAY03693,CUST1499,39955,wallet,authentication_failed,19,5,59,1,11,1,0
PAY03694,CUST1396,37347,netbanking,technical_error,18,5,47,0,10,1,1
PAY03695,CUST2657,15828,wallet,insufficient_balance,18,1,56,0,9,1,1
PAY03696,CUST1173,4969,upi,technical_error,11,2,88,1,4,1,1
PAY03697,CUST0588,4143,wallet,authentication_failed,24,8,82,0,2,1,1
PAY03698,CUST2663,20634,card,network_timeout,19,2,11,1,11,1,1
PAY03699,CUST1210,46665,netbanking,expired_card,4,0,26,0,21,0,0
PAY03700,CUST1940,41431,wallet,technical_error,28,4,59,0,0,0,1
PAY03701,CUST1230,3814,upi,authentication_failed,11,3,22,0,5,1,0
PAY03702,CUST1171,729,upi,technical_error,6,6,29,1,20,0,0
PAY03703,CUST2359,16517,card,insufficient_balance,25,1,70,0,11,0,1
PAY03704,CUST1449,31439,netbanking,technical_error,18,0,90,0,9,1,1
PAY03705,CUST2490,16672,card,insufficient_balance,25,3,19,1,9,1,0
PAY03706,CUST0034,5758,card,network_timeout,6,4,29,1,16,1,0
PAY03707,CUST1938,4599,upi,insufficient_balance,19,6,88,0,14,1,0
PAY03708,CUST2240,27363,card,insufficient_balance,15,3,37,0,3,0,1
PAY03709,CUST0618,1798,upi,technical_error,2,3,64,0,7,0,1
PAY03710,CUST0378,19105,netbanking,technical_error,1,2,79,0,17,0,0
PAY03711,CUST2370,24993,wallet,expired_card,25,5,20,0,3,0,1
PAY03712,CUST2770,37830,card,technical_error,4,1,85,0,6,1,1
PAY03713,CUST1608,36904,upi,network_timeout,14,2,29,1,20,1,1
PAY03714,CUST2004,3628,netbanking,authentication_failed,28,1,61,0,0,0,1
PAY03715,CUST2830,36004,card,technical_error,3,8,61,1,1,1,0
PAY03716,CUST0124,7440,upi,authentication_failed,6,2,2,0,8,1,1
PAY03717,CUST2427,24209,wallet,network_timeout,30,7,9,1,16,1,1
PAY03718,CUST1601,22706,card,authentication_failed,15,7,44,0,11,1,0
PAY03719,CUST0623,14917,card,bank_decline,24,3,15,1,0,0,1
PAY03720,CUST2713,32701,card,network_timeout,20,0,40,1,0,0,1
PAY03721,CUST2349,40211,wallet,insufficient_balance,1,6,51,1,0,0,0
PAY03722,CUST1415,39015,netbanking,bank_decline,29,6,50,0,22,0,1
PAY03723,CUST1016,14399,wallet,network_timeout,0,7,13,1,16,0,0
PAY03724,CUST0109,38110,wallet,network_timeout,8,0,71,1,6,0,1
PAY03725,CUST0748,14269,netbanking,insufficient_balance,27,0,51,1,17,1,1
PAY03726,CUST1201,18798,upi,technical_error,28,2,31,1,10,0,1
PAY03727,CUST2367,32401,upi,insufficient_balance,16,5,69,0,21,1,1
PAY03728,CUST2255,22229,netbanking,expired_card,10,1,27,0,18,1,1
PAY03729,CUST0099,14175,netbanking,technical_error,27,2,30,1,15,0,1
PAY03730,CUST2244,46659,wallet,insufficient_balance,12,3,18,0,17,0,1
PAY03731,CUST0134,17014,upi,bank_decline,8,7,46,1,13,1,0
PAY03732,CUST1121,33999,wallet,authentication_failed,15,4,12,1,7,1,0
PAY03733,CUST0362,8637,card,bank_decline,7,1,58,1,11,0,1
PAY03734,CUST2356,29084,wallet,bank_decline,1,1,33,1,16,1,1
PAY03735,CUST0020,33711,card,network_timeout,23,4,32,0,11,1,1
PAY03736,CUST0731,35754,card,authentication_failed,9,3,89,1,2,0,1
PAY03737,CUST1697,35424,wallet,network_timeout,3,4,49,0,6,1,0
PAY03738,CUST0312,5954,upi,bank_decline,23,0,42,1,10,1,0
PAY03739,CUST1553,23079,netbanking,insufficient_balance,23,6,64,0,12,1,0
PAY03740,CUST0949,32856,wallet,network_timeout,8,0,25,1,21,1,1
PAY03741,CUST2589,45056,netbanking,expired_card,10,5,86,1,13,0,0
PAY03742,CUST0037,15230,card,network_timeout,2,6,82,0,4,1,1
PAY03743,CUST0614,14553,wallet,technical_error,15,4,87,0,22,0,1
PAY03744,CUST2670,47730,wallet,authentication_failed,27,3,49,0,17,1,1
PAY03745,CUST2696,3727,netbanking,authentication_failed,20,7,2,0,8,0,0
PAY03746,CUST2934,39720,card,bank_decline,21,5,4,0,2,0,0
PAY03747,CUST1687,45527,netbanking,network_timeout,7,4,67,1,17,1,1
PAY03748,CUST0774,48957,wallet,bank_decline,1,0,88,1,5,1,1
PAY03749,CUST2337,21774,netbanking,authentication_failed,3,4,23,1,8,1,1
PAY03750,CUST2512,49176,wallet,bank_decline,18,5,37,0,2,1,1
PAY03751,CUST2849,45854,netbanking,bank_decline,4,7,43,0,16,0,1
PAY03752,CUST0050,7456,wallet,authentication_failed,28,1,82,1,6,1,0
PAY03753,CUST1254,30309,netbanking,authentication_failed,24,5,74,0,7,1,1
PAY03754,CUST2762,7803,wallet,authentication_failed,6,8,29,0,13,1,1
PAY03755,CUST3000,33810,wallet,authentication_failed,2,0,6,0,14,0,1
PAY03756,CUST1906,36550,card,insufficient_balance,21,4,81,1,14,1,1
PAY03757,CUST0307,48443,upi,network_timeout,27,4,72,1,17,1,1
PAY03758,CUST0369,45899,netbanking,insufficient_balance,20,3,40,1,4,0,1
PAY03759,CUST2622,14076,wallet,insufficient_balance,21,8,60,1,12,1,1
PAY03760,CUST2351,36459,card,authentication_failed,6,0,17,1,10,1,0
PAY03761,CUST1122,41860,wallet,authentication_failed,15,1,10,1,16,0,1
PAY03762,CUST2986,47872,card,technical_error,27,7,4,1,2,0,0
PAY03763,CUST1998,47791,card,network_timeout,13,1,9,1,12,1,1
PAY03764,CUST1043,25123,card,network_timeout,18,8,30,0,18,1,1
PAY03765,CUST1488,19985,upi,authentication_failed,24,4,62,0,23,1,1
PAY03766,CUST2910,12206,upi,bank_decline,23,7,37,1,14,0,0
PAY03767,CUST0232,30820,card,authentication_failed,4,5,31,0,10,0,1
PAY03768,CUST0643,5771,card,technical_error,5,2,51,1,18,0,1
PAY03769,CUST2518,26910,wallet,bank_decline,23,0,18,1,11,0,1
PAY03770,CUST2250,14190,netbanking,bank_decline,2,6,39,1,21,0,0
PAY03771,CUST0445,47107,card,network_timeout,6,7,1,0,14,0,0
PAY03772,CUST1008,32043,card,technical_error,20,8,53,1,18,0,0
PAY03773,CUST0673,2497,wallet,authentication_failed,1,8,30,1,16,1,0
PAY03774,CUST2433,10228,wallet,bank_decline,23,4,69,1,13,0,0
PAY03775,CUST2522,26959,netbanking,network_timeout,27,7,36,1,10,1,1
PAY03776,CUST1298,29043,upi,bank_decline,15,6,46,1,2,0,1
PAY03777,CUST2057,6847,wallet,technical_error,8,7,61,1,0,0,0
PAY03778,CUST0794,20241,netbanking,insufficient_balance,24,2,7,0,13,0,1
PAY03779,CUST1627,40172,upi,network_timeout,6,2,49,1,11,0,1
PAY03780,CUST1521,29152,upi,insufficient_balance,0,0,59,1,1,1,0
PAY03781,CUST0931,22055,card,bank_decline,16,5,18,0,8,1,0
PAY03782,CUST1638,48900,wallet,expired_card,3,2,43,0,15,0,1
PAY03783,CUST0254,47293,netbanking,insufficient_balance,12,6,76,0,6,0,1
PAY03784,CUST2018,28573,upi,insufficient_balance,8,2,19,1,22,1,1
PAY03785,CUST0653,34154,upi,bank_decline,4,3,63,0,5,1,1
PAY03786,CUST2375,13724,card,network_timeout,7,3,60,0,0,1,1
PAY03787,CUST0584,43024,upi,expired_card,29,0,26,1,0,1,1
PAY03788,CUST0810,12623,upi,insufficient_balance,21,1,80,0,17,1,1
PAY03789,CUST1504,26224,card,insufficient_balance,11,7,70,0,8,1,1
PAY03790,CUST0898,28928,card,technical_error,16,5,87,0,15,1,0
PAY03791,CUST2341,43270,wallet,technical_error,0,6,37,1,22,1,1
PAY03792,CUST1259,19921,upi,network_timeout,11,7,85,0,14,0,1
PAY03793,CUST1783,19063,card,expired_card,6,2,80,1,6,1,1
PAY03794,CUST2140,34789,netbanking,technical_error,6,4,16,0,20,0,0
PAY03795,CUST0906,39633,wallet,technical_error,29,7,86,0,21,0,1
PAY03796,CUST0329,45541,netbanking,network_timeout,7,2,12,1,18,1,1
PAY03797,CUST1415,23876,card,authentication_failed,21,0,16,1,0,1,1
PAY03798,CUST1786,28568,wallet,authentication_failed,21,0,51,1,7,1,1
PAY03799,CUST2025,27464,wallet,network_timeout,27,4,72,1,7,0,1
PAY03800,CUST2292,38345,netbanking,authentication_failed,19,1,0,0,16,1,1
PAY03801,CUST0759,20443,upi,bank_decline,12,2,19,0,10,1,1
PAY03802,CUST2319,49866,wallet,insufficient_balance,29,7,37,0,18,1,0
PAY03803,CUST0934,39196,netbanking,technical_error,10,4,0,0,17,1,0
PAY03804,CUST1313,48865,netbanking,bank_decline,11,6,84,1,6,0,1
PAY03805,CUST1925,3914,wallet,insufficient_balance,1,0,19,0,0,0,1
PAY03806,CUST1916,13470,wallet,authentication_failed,12,3,87,0,11,1,0
PAY03807,CUST2691,30325,upi,authentication_failed,22,2,21,0,9,1,1
PAY03808,CUST1098,37080,upi,technical_error,2,6,85,1,0,0,1
PAY03809,CUST2377,8216,card,technical_error,0,4,70,1,12,0,1
PAY03810,CUST1812,13723,upi,bank_decline,9,4,57,0,21,1,0
PAY03811,CUST2106,23522,netbanking,authentication_failed,30,4,11,1,13,0,0
PAY03812,CUST2525,44067,card,technical_error,6,7,12,1,9,1,1
PAY03813,CUST2616,36749,card,network_timeout,9,5,62,0,22,1,1
PAY03814,CUST1715,28629,netbanking,expired_card,29,7,27,0,17,1,0
PAY03815,CUST2250,3832,netbanking,insufficient_balance,16,0,84,1,12,1,1
PAY03816,CUST1413,5859,upi,bank_decline,17,4,57,1,2,0,0
PAY03817,CUST1823,18020,upi,expired_card,11,0,77,1,16,1,1
PAY03818,CUST2536,14145,card,bank_decline,5,5,7,0,7,0,1
PAY03819,CUST2096,37498,wallet,expired_card,12,2,33,0,9,0,0
PAY03820,CUST1468,16558,wallet,technical_error,10,2,14,0,3,1,1
PAY03821,CUST1593,2209,upi,technical_error,14,1,0,0,6,1,1
PAY03822,CUST1272,27599,netbanking,bank_decline,13,0,38,0,6,1,1
PAY03823,CUST1649,17110,wallet,expired_card,14,6,74,0,21,0,1
PAY03824,CUST1746,5412,upi,insufficient_balance,3,5,5,0,23,1,1
PAY03825,CUST2863,20613,netbanking,technical_error,25,6,90,0,20,0,1
PAY03826,CUST0174,19937,card,expired_card,16,3,27,0,11,0,1
PAY03827,CUST2228,27361,wallet,network_timeout,3,3,65,1,10,0,1
PAY03828,CUST0107,11067,netbanking,bank_decline,6,8,1,0,0,0,0
PAY03829,CUST0756,19387,netbanking,bank_decline,3,8,11,1,17,0,1
PAY03830,CUST1577,49099,card,technical_error,9,1,24,1,20,1,1
PAY03831,CUST0149,23446,netbanking,network_timeout,18,1,85,0,18,1,1
PAY03832,CUST2181,28806,card,technical_error,13,7,9,1,0,0,0
PAY03833,CUST2630,20494,upi,technical_error,27,3,90,0,17,1,0
PAY03834,CUST0071,32238,card,technical_error,13,1,19,0,6,0,1
PAY03835,CUST0305,12860,netbanking,technical_error,11,2,17,0,18,1,1
PAY03836,CUST0170,43728,card,insufficient_balance,15,1,60,1,11,1,1
PAY03837,CUST1579,10225,wallet,expired_card,17,0,49,1,3,0,0
PAY03838,CUST2829,11982,wallet,authentication_failed,4,0,83,0,1,1,1
PAY03839,CUST2425,24387,card,bank_decline,10,7,86,0,5,0,1
PAY03840,CUST0483,36431,wallet,network_timeout,26,1,69,0,3,0,1
PAY03841,CUST2737,46660,upi,authentication_failed,19,3,25,0,5,1,1
PAY03842,CUST1463,38354,wallet,technical_error,23,2,7,1,4,0,1
PAY03843,CUST0472,18744,netbanking,technical_error,13,8,84,0,0,1,1
PAY03844,CUST2594,7160,wallet,technical_error,1,4,45,0,11,0,1
PAY03845,CUST0365,4366,upi,network_timeout,26,3,54,0,16,0,1
PAY03846,CUST1659,18062,card,authentication_failed,28,8,1,1,8,1,0
PAY03847,CUST0175,35562,card,authentication_failed,19,7,13,1,1,0,0
PAY03848,CUST1119,27943,netbanking,expired_card,8,5,3,1,0,1,0
PAY03849,CUST2055,2376,wallet,insufficient_balance,22,7,33,1,12,1,0
PAY03850,CUST2434,36636,upi,authentication_failed,19,8,44,0,15,1,0
PAY03851,CUST0581,39971,netbanking,network_timeout,9,2,85,0,9,1,1
PAY03852,CUST1861,42733,wallet,bank_decline,5,5,24,1,14,1,0
PAY03853,CUST1600,39737,card,technical_error,25,5,24,0,3,1,1
PAY03854,CUST1171,32564,upi,technical_error,20,6,15,1,9,1,0
PAY03855,CUST2125,21082,card,insufficient_balance,30,6,16,1,12,0,0
PAY03856,CUST0496,49812,wallet,bank_decline,4,8,51,1,0,0,0
PAY03857,CUST1264,39209,upi,expired_card,25,6,70,1,15,0,0
PAY03858,CUST0512,26041,netbanking,bank_decline,5,7,62,1,1,0,0
PAY03859,CUST0258,23950,wallet,insufficient_balance,6,1,18,1,4,1,1
PAY03860,CUST0735,13408,netbanking,insufficient_balance,10,6,4,0,16,1,0
PAY03861,CUST2141,40686,netbanking,technical_error,12,1,57,0,3,1,1
PAY03862,CUST0232,22348,upi,network_timeout,20,5,29,1,6,0,1
PAY03863,CUST0772,47219,card,technical_error,8,5,52,0,10,0,1
PAY03864,CUST1181,43608,upi,insufficient_balance,4,2,15,0,19,0,1
PAY03865,CUST0602,38022,netbanking,expired_card,28,3,13,1,22,0,1
PAY03866,CUST1152,2129,wallet,technical_error,7,4,88,0,21,1,1
PAY03867,CUST1974,38880,upi,authentication_failed,27,4,5,0,3,0,1
PAY03868,CUST1750,34893,upi,insufficient_balance,2,3,62,0,16,0,0
PAY03869,CUST2676,1115,card,authentication_failed,18,6,19,1,5,1,0
PAY03870,CUST1409,30453,wallet,insufficient_balance,21,5,46,1,14,1,1
PAY03871,CUST1421,8455,wallet,insufficient_balance,24,4,64,0,6,1,1
PAY03872,CUST2567,9871,netbanking,expired_card,9,2,16,1,6,1,1
PAY03873,CUST0479,4530,wallet,technical_error,21,8,23,0,10,0,1
PAY03874,CUST1023,16599,netbanking,expired_card,7,8,67,0,16,1,1
PAY03875,CUST0651,566,netbanking,bank_decline,12,7,55,1,12,0,0
PAY03876,CUST2181,8521,wallet,expired_card,10,8,57,0,23,0,0
PAY03877,CUST0228,41110,wallet,expired_card,6,1,87,0,22,1,1
PAY03878,CUST2276,23686,upi,network_timeout,11,2,50,0,3,0,1
PAY03879,CUST1970,19468,card,expired_card,25,4,28,0,20,0,0
PAY03880,CUST0063,25507,card,expired_card,29,4,45,0,18,1,1
PAY03881,CUST1253,23203,wallet,expired_card,8,3,27,0,19,1,0
PAY03882,CUST0397,8126,netbanking,insufficient_balance,7,3,35,1,5,1,0
PAY03883,CUST2521,30731,card,network_timeout,0,0,26,1,7,1,0
PAY03884,CUST1236,39405,wallet,expired_card,23,8,89,1,17,1,0
PAY03885,CUST2568,4610,card,bank_decline,16,6,6,0,3,1,1
PAY03886,CUST2346,38816,upi,bank_decline,19,4,27,1,13,0,0
PAY03887,CUST2110,8460,wallet,expired_card,18,0,26,0,3,0,0
PAY03888,CUST0686,12303,upi,technical_error,10,4,71,0,14,0,1
PAY03889,CUST1188,29621,upi,authentication_failed,3,4,67,0,12,1,1
PAY03890,CUST1269,30235,wallet,authentication_failed,27,7,32,0,14,0,0
PAY03891,CUST0906,26490,wallet,bank_decline,27,5,51,0,0,1,1
PAY03892,CUST1547,47092,upi,insufficient_balance,27,8,19,0,5,0,0
PAY03893,CUST0496,38178,upi,technical_error,13,8,21,1,17,1,1
PAY03894,CUST1804,8859,wallet,expired_card,22,3,76,0,6,0,1
PAY03895,CUST1227,47411,netbanking,authentication_failed,18,6,72,0,21,0,1
PAY03896,CUST1648,26372,wallet,network_timeout,28,4,69,1,7,0,1
PAY03897,CUST0745,13363,netbanking,authentication_failed,29,4,26,1,16,1,1
PAY03898,CUST2369,36958,card,network_timeout,30,8,84,1,13,1,0
PAY03899,CUST0402,10193,netbanking,insufficient_balance,3,0,49,0,14,0,1
PAY03900,CUST1941,49720,card,expired_card,17,3,48,1,20,0,0
PAY03901,CUST0341,45273,wallet,authentication_failed,10,5,46,1,18,1,1
PAY03902,CUST0684,4900,upi,bank_decline,18,3,13,0,13,0,0
PAY03903,CUST2824,25913,netbanking,technical_error,15,2,62,1,14,1,1
PAY03904,CUST2129,32368,wallet,bank_decline,11,3,46,1,2,0,1
PAY03905,CUST1265,5952,wallet,expired_card,19,1,74,1,7,0,0
PAY03906,CUST2244,42852,netbanking,insufficient_balance,13,7,16,0,6,0,1
PAY03907,CUST2784,32213,wallet,network_timeout,11,0,4,0,2,0,1
PAY03908,CUST0918,40063,card,expired_card,9,8,0,1,9,0,0
PAY03909,CUST0815,27146,netbanking,bank_decline,19,2,9,1,18,0,1
PAY03910,CUST0357,266,wallet,network_timeout,25,6,32,1,22,0,1
PAY03911,CUST1278,41311,card,expired_card,28,7,28,0,12,1,0
PAY03912,CUST2512,37605,wallet,bank_decline,21,3,49,1,5,0,1
PAY03913,CUST2393,44375,wallet,network_timeout,1,2,24,1,5,1,1
PAY03914,CUST1252,14761,upi,network_timeout,11,8,49,1,5,1,0
PAY03915,CUST1488,40761,wallet,network_timeout,21,5,46,1,19,0,0
PAY03916,CUST0643,32140,wallet,network_timeout,3,1,87,1,9,0,1
PAY03917,CUST1911,44397,wallet,insufficient_balance,20,2,52,0,18,1,1
PAY03918,CUST2081,22403,wallet,technical_error,17,8,82,1,2,0,1
PAY03919,CUST2146,22580,wallet,insufficient_balance,30,5,64,1,15,1,1
PAY03920,CUST0871,45769,upi,bank_decline,8,4,63,0,5,1,1
PAY03921,CUST0823,9955,wallet,bank_decline,26,7,84,1,11,1,1
PAY03922,CUST1081,48292,netbanking,technical_error,14,6,49,1,18,1,1
PAY03923,CUST1813,48896,card,expired_card,11,3,35,1,8,1,0
PAY03924,CUST2654,2464,upi,expired_card,0,5,30,1,15,0,0
PAY03925,CUST2460,42531,card,technical_error,23,4,86,1,10,0,0
PAY03926,CUST2629,40977,netbanking,expired_card,28,0,30,1,11,1,1
PAY03927,CUST2270,2232,wallet,technical_error,0,5,29,0,6,1,1
PAY03928,CUST1651,38133,upi,insufficient_balance,23,1,31,1,19,1,1
PAY03929,CUST1241,48618,card,authentication_failed,29,4,3,1,7,1,1
PAY03930,CUST0857,3728,netbanking,network_timeout,11,0,49,0,5,1,1
PAY03931,CUST0121,20693,card,network_timeout,25,2,52,1,16,0,1
PAY03932,CUST2184,29719,wallet,insufficient_balance,6,4,50,1,8,1,1
PAY03933,CUST1092,45428,wallet,bank_decline,23,0,31,0,4,1,0
PAY03934,CUST0806,37480,wallet,expired_card,3,5,76,0,1,1,0
PAY03935,CUST0286,3597,card,network_timeout,5,7,55,0,15,0,1
PAY03936,CUST2794,39180,netbanking,network_timeout,12,4,66,1,18,1,1
PAY03937,CUST1949,37179,wallet,insufficient_balance,16,3,30,0,13,0,1
PAY03938,CUST1080,16589,upi,expired_card,14,5,34,1,16,0,1
PAY03939,CUST1399,1602,netbanking,authentication_failed,24,2,52,0,5,1,1
PAY03940,CUST0119,47692,wallet,technical_error,15,5,55,1,1,1,1
PAY03941,CUST0349,41814,card,insufficient_balance,19,2,30,1,3,0,1
PAY03942,CUST2335,7295,upi,insufficient_balance,15,7,32,1,19,1,0
PAY03943,CUST2754,6814,upi,insufficient_balance,15,6,64,1,0,1,1
PAY03944,CUST2841,33197,card,bank_decline,18,1,5,1,20,1,1
PAY03945,CUST0488,2063,wallet,expired_card,1,7,4,1,16,0,0
PAY03946,CUST2204,44712,netbanking,bank_decline,16,4,65,0,0,0,0
PAY03947,CUST1042,34017,netbanking,bank_decline,6,6,42,1,22,0,0
PAY03948,CUST1193,17291,upi,bank_decline,5,8,7,0,6,0,0
PAY03949,CUST1851,36412,upi,authentication_failed,25,6,32,0,23,0,0
PAY03950,CUST1754,32373,netbanking,authentication_failed,19,8,34,1,8,0,1
PAY03951,CUST2257,36929,netbanking,authentication_failed,18,3,3,0,5,0,1
PAY03952,CUST1889,41147,netbanking,bank_decline,0,5,19,1,19,0,1
PAY03953,CUST0509,48807,netbanking,insufficient_balance,6,0,16,1,12,0,0
PAY03954,CUST0897,1497,upi,insufficient_balance,11,6,45,1,0,0,1
PAY03955,CUST0121,28946,card,expired_card,8,0,23,1,6,0,1
PAY03956,CUST0106,7798,upi,authentication_failed,19,5,27,0,17,1,0
PAY03957,CUST0018,1541,netbanking,insufficient_balance,6,1,85,0,22,0,0
PAY03958,CUST2838,25299,upi,network_timeout,9,8,15,0,18,0,1
PAY03959,CUST0230,22814,netbanking,technical_error,9,7,27,1,14,1,1
PAY03960,CUST2458,29399,upi,technical_error,25,8,19,1,22,1,1
PAY03961,CUST2614,44658,netbanking,insufficient_balance,16,1,47,0,17,0,1
PAY03962,CUST1991,9624,upi,technical_error,27,2,55,1,4,1,1
PAY03963,CUST0404,33159,netbanking,insufficient_balance,27,5,46,1,21,1,1
PAY03964,CUST2163,34568,card,expired_card,28,5,75,0,7,0,0
PAY03965,CUST2103,8222,wallet,authentication_failed,23,5,38,1,23,1,1
PAY03966,CUST1588,6870,netbanking,network_timeout,26,4,65,1,18,0,1
PAY03967,CUST2921,21421,card,technical_error,18,2,83,1,9,1,1
PAY03968,CUST2916,19136,card,insufficient_balance,29,5,3,1,13,1,1
PAY03969,CUST1420,23188,upi,expired_card,27,5,65,0,1,0,0
PAY03970,CUST2720,10097,wallet,bank_decline,24,5,38,1,14,1,1
PAY03971,CUST2020,17893,netbanking,technical_error,27,2,47,1,22,0,0
PAY03972,CUST0517,14309,wallet,insufficient_balance,27,4,75,0,15,1,1
PAY03973,CUST2522,2625,card,bank_decline,1,4,42,1,19,1,0
PAY03974,CUST2243,20451,wallet,bank_decline,28,4,13,1,13,0,0
PAY03975,CUST0809,44516,netbanking,bank_decline,21,7,15,0,10,1,0
PAY03976,CUST2401,14583,netbanking,network_timeout,29,2,57,1,14,1,1
PAY03977,CUST2557,48218,card,bank_decline,9,1,19,0,15,0,1
PAY03978,CUST2784,31732,wallet,expired_card,6,1,36,1,3,0,1
PAY03979,CUST1132,6864,wallet,authentication_failed,26,0,7,1,9,1,1
PAY03980,CUST1378,36517,upi,expired_card,11,5,79,1,11,1,1
PAY03981,CUST0768,8162,wallet,technical_error,30,3,26,1,21,1,1
PAY03982,CUST2865,27272,wallet,technical_error,1,8,78,1,0,1,0
PAY03983,CUST2378,6106,card,technical_error,13,0,37,0,2,1,1
PAY03984,CUST0364,24384,netbanking,authentication_failed,15,8,41,0,2,1,0
PAY03985,CUST2389,15272,upi,bank_decline,17,6,5,0,2,1,1
PAY03986,CUST0148,34408,netbanking,authentication_failed,21,0,11,0,11,1,0
PAY03987,CUST2261,13004,card,network_timeout,3,5,26,0,1,0,1
PAY03988,CUST1663,18780,card,network_timeout,19,3,87,0,22,0,1
PAY03989,CUST2338,28505,upi,bank_decline,18,0,23,0,21,0,1
PAY03990,CUST2226,36833,wallet,technical_error,5,1,71,0,16,1,0
PAY03991,CUST1161,29577,card,bank_decline,24,7,55,1,7,1,0
PAY03992,CUST0554,48540,card,technical_error,7,4,65,0,5,1,1
PAY03993,CUST0764,48783,wallet,bank_decline,9,7,35,0,23,1,0
PAY03994,CUST1258,18110,card,expired_card,14,8,24,0,15,1,0
PAY03995,CUST1665,15803,wallet,technical_error,25,5,66,0,21,1,1
PAY03996,CUST1818,19914,netbanking,technical_error,18,2,39,1,16,1,1
PAY03997,CUST2719,5887,netbanking,expired_card,12,3,72,1,7,0,1
PAY03998,CUST1340,21745,wallet,bank_decline,9,2,25,1,0,0,1
PAY03999,CUST2567,24928,card,technical_error,30,6,34,1,12,1,1
PAY04000,CUST2735,34136,card,network_timeout,21,8,23,0,18,0,1
PAY04001,CUST0996,43680,upi,expired_card,12,8,62,0,5,0,0
PAY04002,CUST0928,30751,upi,insufficient_balance,15,8,34,0,12,0,0
PAY04003,CUST0835,33830,wallet,bank_decline,29,4,90,1,15,0,0
PAY04004,CUST0211,17499,netbanking,expired_card,18,6,87,1,21,1,0
PAY04005,CUST2714,26274,netbanking,bank_decline,16,6,71,0,1,1,0
PAY04006,CUST1382,4497,upi,bank_decline,20,7,83,1,8,1,0
PAY04007,CUST2465,17399,upi,bank_decline,29,3,21,1,1,1,1
PAY04008,CUST1684,7136,netbanking,bank_decline,11,3,32,1,5,0,1
PAY04009,CUST0252,19225,upi,network_timeout,21,8,55,1,8,1,1
PAY04010,CUST2931,6637,netbanking,insufficient_balance,1,3,41,0,20,0,1
PAY04011,CUST2342,34682,netbanking,authentication_failed,30,0,43,1,11,0,1
PAY04012,CUST0965,14766,netbanking,technical_error,10,0,69,0,20,1,1
PAY04013,CUST0769,12265,upi,authentication_failed,18,8,60,1,13,0,0
PAY04014,CUST0763,32210,card,expired_card,4,3,26,0,0,1,0
PAY04015,CUST0167,48857,card,authentication_failed,26,7,5,0,11,0,1
PAY04016,CUST0520,39627,card,technical_error,8,5,58,1,18,1,1
PAY04017,CUST1483,40610,card,expired_card,27,2,60,0,22,0,0
PAY04018,CUST1440,40497,wallet,network_timeout,30,1,37,0,10,0,1
PAY04019,CUST0184,20554,card,authentication_failed,15,7,46,0,7,0,0
PAY04020,CUST1754,5133,card,technical_error,24,2,17,0,12,1,1
PAY04021,CUST1178,22326,upi,bank_decline,3,4,57,0,4,0,0
PAY04022,CUST1161,16210,card,technical_error,4,7,36,0,2,0,0
PAY04023,CUST1695,27951,wallet,expired_card,12,0,22,0,6,1,1
PAY04024,CUST0355,27220,netbanking,expired_card,16,0,53,0,8,1,0
PAY04025,CUST1335,21842,netbanking,insufficient_balance,13,7,17,0,21,0,0
PAY04026,CUST1660,41325,wallet,authentication_failed,1,2,58,1,3,0,0
PAY04027,CUST0032,23446,wallet,technical_error,15,0,54,0,10,1,1
PAY04028,CUST0312,4752,upi,network_timeout,22,8,11,1,14,0,1
PAY04029,CUST0739,15889,netbanking,insufficient_balance,18,3,89,0,0,1,0
PAY04030,CUST1117,34816,netbanking,authentication_failed,18,5,10,1,10,1,1
PAY04031,CUST0230,29090,netbanking,insufficient_balance,4,1,90,0,1,0,1
PAY04032,CUST1112,11676,wallet,authentication_failed,8,6,67,1,20,1,0
PAY04033,CUST0453,37687,card,insufficient_balance,23,0,38,0,20,0,1
PAY04034,CUST1323,46636,netbanking,technical_error,16,0,40,0,1,0,0
PAY04035,CUST0780,18740,wallet,expired_card,23,3,28,1,6,0,1
PAY04036,CUST0027,20790,wallet,authentication_failed,24,5,89,1,6,1,0
PAY04037,CUST2870,3569,card,technical_error,26,8,36,0,12,1,0
PAY04038,CUST0956,29646,wallet,network_timeout,20,2,12,1,0,1,1
PAY04039,CUST1806,4129,card,insufficient_balance,10,2,70,0,6,1,1
PAY04040,CUST0380,29530,netbanking,bank_decline,16,1,58,1,19,1,1
PAY04041,CUST1536,2512,netbanking,technical_error,3,7,30,0,0,0,1
PAY04042,CUST0235,45033,netbanking,authentication_failed,11,1,48,0,7,0,1
PAY04043,CUST2000,38691,upi,bank_decline,9,7,3,1,23,1,0
PAY04044,CUST0177,25377,netbanking,authentication_failed,22,4,45,0,23,1,0
PAY04045,CUST2339,13379,netbanking,bank_decline,0,7,48,1,0,1,0
PAY04046,CUST1606,11891,card,bank_decline,17,5,54,0,20,0,0
PAY04047,CUST1844,7352,upi,bank_decline,0,2,80,1,23,0,1
PAY04048,CUST0497,36873,wallet,technical_error,27,0,15,0,19,0,1
PAY04049,CUST1786,311,card,technical_error,8,0,71,0,20,1,0
PAY04050,CUST0201,3310,upi,insufficient_balance,15,6,85,0,16,0,1
PAY04051,CUST1412,43899,wallet,bank_decline,26,7,63,0,2,1,1
PAY04052,CUST2749,38679,wallet,insufficient_balance,22,6,64,0,3,0,0
PAY04053,CUST2307,22110,wallet,authentication_failed,20,6,39,1,0,1,0
PAY04054,CUST1842,13356,netbanking,technical_error,11,6,89,0,18,0,1
PAY04055,CUST0612,2519,netbanking,network_timeout,6,5,51,0,23,1,0
PAY04056,CUST1157,47981,upi,expired_card,1,0,63,1,3,1,1
PAY04057,CUST1913,49055,netbanking,authentication_failed,16,6,81,1,6,1,0
PAY04058,CUST2218,8006,upi,authentication_failed,3,7,63,1,16,1,0
PAY04059,CUST1156,32810,wallet,technical_error,7,5,78,1,20,1,0
PAY04060,CUST0886,35295,upi,expired_card,12,7,15,0,11,0,1
PAY04061,CUST0148,5359,upi,network_timeout,22,6,32,1,20,0,1
PAY04062,CUST0610,25103,wallet,network_timeout,18,1,72,1,18,0,1
PAY04063,CUST0864,24319,upi,authentication_failed,1,3,80,0,7,1,1
PAY04064,CUST2281,14304,card,expired_card,20,6,67,0,16,1,0
PAY04065,CUST1532,15313,upi,expired_card,26,5,22,1,22,0,0
PAY04066,CUST0219,8996,netbanking,technical_error,30,7,32,1,16,0,1
PAY04067,CUST0466,12309,upi,bank_decline,18,3,37,1,3,1,1
PAY04068,CUST0946,37493,upi,insufficient_balance,4,3,10,1,20,1,0
PAY04069,CUST2092,28378,netbanking,network_timeout,25,3,72,1,21,1,1
PAY04070,CUST1530,49778,card,expired_card,10,7,88,1,23,1,1
PAY04071,CUST2305,5269,wallet,expired_card,6,1,16,1,6,1,1
PAY04072,CUST2625,21023,upi,expired_card,7,8,89,0,2,1,0
PAY04073,CUST2028,23150,card,technical_error,4,7,20,0,19,1,1
PAY04074,CUST2112,2370,upi,bank_decline,18,5,57,1,13,0,0
PAY04075,CUST2506,16915,upi,insufficient_balance,18,1,52,1,14,0,1
PAY04076,CUST2134,35299,netbanking,expired_card,0,6,73,1,7,1,0
PAY04077,CUST1090,7056,card,authentication_failed,2,0,38,0,15,1,1
PAY04078,CUST1067,40878,upi,expired_card,8,2,14,0,3,0,1
PAY04079,CUST2069,35862,wallet,technical_error,28,1,27,0,20,0,1
PAY04080,CUST1515,29479,netbanking,insufficient_balance,16,4,64,0,3,0,1
PAY04081,CUST1331,47065,wallet,network_timeout,27,3,38,1,11,1,1
PAY04082,CUST0218,42241,card,bank_decline,9,2,49,0,9,1,1
PAY04083,CUST1325,18701,wallet,insufficient_balance,0,2,15,0,10,1,1
PAY04084,CUST1595,40927,upi,insufficient_balance,21,3,72,1,0,1,1
PAY04085,CUST0342,49301,wallet,insufficient_balance,21,4,29,1,12,1,1
PAY04086,CUST0255,41009,netbanking,expired_card,15,0,84,0,13,0,1
PAY04087,CUST1024,37500,card,network_timeout,14,5,13,1,6,1,1
PAY04088,CUST0547,4986,netbanking,authentication_failed,24,1,22,0,5,0,1
PAY04089,CUST1193,41591,card,bank_decline,10,6,8,1,16,0,1
PAY04090,CUST2488,22214,wallet,expired_card,21,1,67,1,8,0,1
PAY04091,CUST0786,14408,upi,bank_decline,12,5,1,0,16,1,1
PAY04092,CUST2447,4513,netbanking,bank_decline,22,5,70,0,14,0,0
PAY04093,CUST2732,24558,wallet,technical_error,5,0,90,1,5,1,1
PAY04094,CUST2428,11783,upi,network_timeout,26,1,82,0,20,1,1
PAY04095,CUST0656,37483,netbanking,technical_error,3,4,14,1,0,0,1
PAY04096,CUST0887,33735,netbanking,authentication_failed,22,6,73,0,18,0,0
PAY04097,CUST1166,11136,wallet,expired_card,4,0,15,0,22,0,1
PAY04098,CUST0443,29605,netbanking,network_timeout,4,0,79,1,22,1,1
PAY04099,CUST1786,40618,wallet,bank_decline,11,4,69,0,22,0,0
PAY04100,CUST1898,12330,card,insufficient_balance,21,6,58,1,19,0,1
PAY04101,CUST1706,20558,netbanking,authentication_failed,20,1,40,0,4,0,1
PAY04102,CUST2293,43001,card,network_timeout,3,3,7,1,4,0,1
PAY04103,CUST0420,23647,wallet,technical_error,24,2,30,1,5,1,1
PAY04104,CUST2930,910,upi,insufficient_balance,28,4,50,0,12,1,1
PAY04105,CUST0335,41370,upi,insufficient_balance,0,2,40,0,8,0,1
PAY04106,CUST0991,35286,wallet,bank_decline,25,0,57,1,12,0,1
PAY04107,CUST1274,8922,upi,authentication_failed,20,8,63,1,22,1,0
PAY04108,CUST1925,19917,card,technical_error,22,7,62,0,2,0,1
PAY04109,CUST1839,42717,netbanking,insufficient_balance,25,4,88,0,0,0,0
PAY04110,CUST0896,45906,card,expired_card,27,1,2,1,4,1,1
PAY04111,CUST1893,9115,netbanking,expired_card,5,6,44,1,2,1,0
PAY04112,CUST2730,34955,upi,technical_error,5,7,55,0,18,1,1
PAY04113,CUST2865,12242,upi,technical_error,21,1,70,0,16,0,1
PAY04114,CUST1562,42574,upi,authentication_failed,20,2,58,1,16,0,1
PAY04115,CUST1959,48438,card,expired_card,5,3,45,1,20,0,0
PAY04116,CUST0324,34248,netbanking,technical_error,7,1,10,1,21,0,1
PAY04117,CUST2763,5400,upi,expired_card,7,4,90,1,23,0,0
PAY04118,CUST1418,548,wallet,authentication_failed,0,7,61,1,0,1,0
PAY04119,CUST2320,18617,wallet,insufficient_balance,25,5,58,1,16,1,1
PAY04120,CUST2886,27271,upi,network_timeout,7,8,1,1,18,1,0
PAY04121,CUST0299,40135,netbanking,technical_error,8,5,35,0,5,1,1
PAY04122,CUST2387,21911,netbanking,network_timeout,6,3,90,0,23,1,1
PAY04123,CUST2509,4511,netbanking,expired_card,3,6,26,1,3,0,0
PAY04124,CUST0107,39202,wallet,bank_decline,9,5,13,0,13,0,1
PAY04125,CUST1647,49665,netbanking,authentication_failed,19,0,42,0,8,0,0
PAY04126,CUST2013,15655,wallet,insufficient_balance,4,3,33,0,13,1,0
PAY04127,CUST2058,30647,card,authentication_failed,6,2,27,0,4,0,1
PAY04128,CUST1808,4237,upi,expired_card,30,4,86,1,23,1,0
PAY04129,CUST0570,7964,card,insufficient_balance,14,5,74,1,7,1,1
PAY04130,CUST0891,4709,card,expired_card,19,3,30,0,0,1,1
PAY04131,CUST0664,15876,card,bank_decline,23,5,74,1,21,0,1
PAY04132,CUST0110,15492,card,technical_error,25,0,31,1,9,1,1
PAY04133,CUST2930,6173,card,network_timeout,4,1,64,0,9,0,1
PAY04134,CUST2894,16669,card,technical_error,2,7,5,0,16,1,1
PAY04135,CUST1732,4207,wallet,authentication_failed,17,7,68,1,20,0,0
PAY04136,CUST0753,49873,card,expired_card,18,7,1,0,21,0,0
PAY04137,CUST0085,18456,upi,authentication_failed,9,7,32,0,23,0,1
PAY04138,CUST1257,20117,upi,network_timeout,1,6,46,0,1,0,0
PAY04139,CUST1206,25993,card,network_timeout,0,4,14,0,3,0,0
PAY04140,CUST1378,24111,netbanking,authentication_failed,14,4,17,0,23,1,1
PAY04141,CUST0602,44968,upi,authentication_failed,7,5,54,1,4,0,1
PAY04142,CUST2004,24857,card,authentication_failed,16,8,74,1,22,1,1
PAY04143,CUST2012,27855,wallet,authentication_failed,14,5,8,0,16,1,1
PAY04144,CUST1904,43110,card,insufficient_balance,25,3,77,0,17,0,0
PAY04145,CUST2518,30015,upi,network_timeout,8,8,60,0,1,1,0
PAY04146,CUST1480,7761,netbanking,expired_card,10,8,52,0,20,1,1
PAY04147,CUST2967,14737,netbanking,network_timeout,17,8,87,0,15,1,1
PAY04148,CUST1277,47804,card,insufficient_balance,20,1,44,1,10,1,1
PAY04149,CUST2539,12729,card,technical_error,20,5,30,1,23,0,1
PAY04150,CUST0136,23804,netbanking,expired_card,19,3,30,0,14,0,0
PAY04151,CUST2762,37032,netbanking,expired_card,0,6,29,1,13,1,0
PAY04152,CUST0035,9292,card,authentication_failed,14,1,45,0,14,1,1
PAY04153,CUST0762,3715,netbanking,expired_card,21,5,43,0,21,1,0
PAY04154,CUST1094,18608,card,bank_decline,24,8,90,1,14,1,0
PAY04155,CUST2862,33086,upi,authentication_failed,22,2,13,0,23,0,1
PAY04156,CUST1866,9264,card,expired_card,0,4,63,0,3,0,0
PAY04157,CUST1209,26480,card,authentication_failed,14,5,85,1,17,0,1
PAY04158,CUST1145,6311,card,authentication_failed,9,8,54,1,15,0,1
PAY04159,CUST2138,27522,netbanking,expired_card,4,6,16,1,9,1,1
PAY04160,CUST0243,45693,netbanking,technical_error,17,6,60,0,3,0,1
PAY04161,CUST0482,33004,wallet,bank_decline,24,0,29,0,5,1,1
PAY04162,CUST1898,3180,netbanking,authentication_failed,9,3,3,1,7,0,1
PAY04163,CUST1262,24755,wallet,technical_error,18,7,84,1,19,0,1
PAY04164,CUST0876,41983,card,expired_card,25,3,65,0,14,1,1
PAY04165,CUST2558,39080,upi,expired_card,12,2,36,1,0,1,1
PAY04166,CUST2161,8043,card,authentication_failed,6,0,11,1,9,0,1
PAY04167,CUST0557,16317,card,expired_card,29,5,88,1,11,0,1
PAY04168,CUST2090,8272,upi,bank_decline,11,1,60,0,0,0,1
PAY04169,CUST1111,15961,wallet,expired_card,6,2,45,1,21,1,1
PAY04170,CUST1213,1956,netbanking,insufficient_balance,12,2,40,0,20,0,1
PAY04171,CUST0842,8191,card,expired_card,8,1,81,0,3,0,1
PAY04172,CUST2622,9111,card,bank_decline,0,7,13,0,23,1,1
PAY04173,CUST2661,38311,upi,network_timeout,25,0,46,0,5,0,1
PAY04174,CUST2765,20369,netbanking,insufficient_balance,20,6,56,0,23,1,0
PAY04175,CUST0820,36835,netbanking,authentication_failed,4,5,54,0,3,1,1
PAY04176,CUST0446,45019,netbanking,authentication_failed,24,4,34,0,13,0,0
PAY04177,CUST2188,18136,netbanking,expired_card,6,7,40,0,12,0,0
PAY04178,CUST2949,42118,netbanking,network_timeout,17,1,34,1,1,0,1
PAY04179,CUST0785,8853,upi,expired_card,17,5,75,0,11,0,1
PAY04180,CUST2842,13617,netbanking,authentication_failed,5,8,66,0,10,0,0
PAY04181,CUST2031,20819,card,bank_decline,22,8,11,1,6,1,0
PAY04182,CUST1062,19412,upi,expired_card,5,4,90,1,15,1,0
PAY04183,CUST1977,16687,netbanking,expired_card,18,6,33,0,1,1,1
PAY04184,CUST1750,18601,card,network_timeout,13,0,49,0,12,1,1
PAY04185,CUST2238,28568,upi,authentication_failed,21,7,46,1,6,1,1
PAY04186,CUST1895,39008,upi,technical_error,11,4,83,1,0,0,1
PAY04187,CUST0573,8048,card,expired_card,0,7,20,1,8,1,0
PAY04188,CUST2995,13083,wallet,network_timeout,2,6,7,0,4,1,1
PAY04189,CUST1920,2136,wallet,technical_error,4,6,17,1,21,0,0
PAY04190,CUST2895,31355,netbanking,insufficient_balance,3,6,7,0,4,1,1
PAY04191,CUST0241,42638,upi,authentication_failed,21,4,31,1,8,0,0
PAY04192,CUST1884,36591,netbanking,insufficient_balance,21,3,54,0,15,1,0
PAY04193,CUST2335,27241,netbanking,expired_card,29,4,77,1,22,1,1
PAY04194,CUST1870,48140,card,insufficient_balance,14,3,13,1,22,1,1
PAY04195,CUST2790,47802,upi,bank_decline,23,1,67,0,4,0,0
PAY04196,CUST2797,18440,card,insufficient_balance,6,3,50,0,15,1,1
PAY04197,CUST0420,30355,wallet,expired_card,22,0,85,1,1,1,1
PAY04198,CUST2984,25622,netbanking,authentication_failed,11,1,10,0,17,1,1
PAY04199,CUST0948,33172,card,network_timeout,30,0,44,0,4,0,1
PAY04200,CUST2179,47184,upi,network_timeout,15,4,86,1,18,1,1
PAY04201,CUST0696,34564,upi,bank_decline,24,6,62,1,8,0,1
PAY04202,CUST0845,41056,upi,expired_card,22,4,27,0,20,1,1
PAY04203,CUST0793,48033,upi,authentication_failed,14,8,27,1,23,0,1
PAY04204,CUST0327,22691,card,network_timeout,0,2,48,0,15,1,0
PAY04205,CUST0677,4537,netbanking,insufficient_balance,28,4,89,1,18,1,1
PAY04206,CUST1407,14293,wallet,network_timeout,11,5,60,0,3,0,1
PAY04207,CUST1459,11995,card,technical_error,18,8,24,0,17,1,1
PAY04208,CUST0910,2087,netbanking,network_timeout,15,3,29,1,14,0,1
PAY04209,CUST0432,8631,wallet,insufficient_balance,28,4,10,1,16,1,1
PAY04210,CUST0212,10579,wallet,authentication_failed,29,5,77,0,16,0,1
PAY04211,CUST1688,35758,card,network_timeout,19,0,60,0,5,0,1
PAY04212,CUST2297,43039,wallet,network_timeout,27,2,15,1,11,0,1
PAY04213,CUST1005,39173,netbanking,technical_error,13,0,16,0,6,0,1
PAY04214,CUST1343,40776,wallet,expired_card,3,7,46,1,19,0,0
PAY04215,CUST0810,11067,upi,network_timeout,26,8,67,0,13,0,0
PAY04216,CUST2479,18647,card,bank_decline,10,0,21,1,3,0,0
PAY04217,CUST0099,3185,wallet,technical_error,20,8,54,1,20,1,1
PAY04218,CUST2113,46018,wallet,expired_card,10,8,43,0,18,1,0
PAY04219,CUST2356,49452,card,expired_card,10,0,37,1,5,0,1
PAY04220,CUST1601,27120,netbanking,authentication_failed,12,2,57,0,16,1,1
PAY04221,CUST1390,6940,card,expired_card,24,2,5,1,7,1,1
PAY04222,CUST2713,21330,card,authentication_failed,30,4,51,0,3,1,0
PAY04223,CUST1582,17191,upi,expired_card,19,3,73,1,3,1,0
PAY04224,CUST2929,49393,wallet,bank_decline,8,0,56,1,18,1,0
PAY04225,CUST2183,20721,wallet,expired_card,19,1,11,0,12,1,1
PAY04226,CUST1875,42115,upi,bank_decline,9,1,64,1,19,0,0
PAY04227,CUST2676,38049,wallet,technical_error,19,5,27,1,15,0,1
PAY04228,CUST0297,10592,netbanking,technical_error,6,1,55,1,11,0,1
PAY04229,CUST1060,16277,wallet,technical_error,0,4,56,0,9,0,1
PAY04230,CUST1977,41274,upi,bank_decline,11,1,65,1,11,1,1
PAY04231,CUST2376,11793,wallet,authentication_failed,28,2,6,0,21,0,1
PAY04232,CUST1924,13753,netbanking,bank_decline,3,2,46,1,15,0,0
PAY04233,CUST0297,10212,upi,network_timeout,0,8,43,1,21,1,1
PAY04234,CUST2405,7645,netbanking,insufficient_balance,4,4,23,1,12,1,0
PAY04235,CUST0081,552,card,expired_card,29,7,68,0,13,0,0
PAY04236,CUST2859,13570,card,insufficient_balance,28,4,9,0,20,1,1
PAY04237,CUST1386,42976,upi,insufficient_balance,18,8,41,1,23,1,1
PAY04238,CUST2526,44641,wallet,authentication_failed,25,7,3,1,1,1,0
PAY04239,CUST0181,1731,wallet,expired_card,30,6,12,1,7,0,1
PAY04240,CUST1824,2156,card,expired_card,23,1,84,1,9,1,1
PAY04241,CUST0807,25496,wallet,network_timeout,21,6,30,1,13,0,1
PAY04242,CUST0325,23547,wallet,authentication_failed,15,4,0,1,8,1,1
PAY04243,CUST2055,28747,wallet,network_timeout,16,2,37,1,9,0,1
PAY04244,CUST1123,11263,wallet,technical_error,11,3,80,0,8,0,1
PAY04245,CUST2973,48204,wallet,insufficient_balance,13,3,90,1,21,0,1
PAY04246,CUST0337,41583,upi,insufficient_balance,6,3,73,0,3,1,0
PAY04247,CUST2307,1660,card,bank_decline,22,1,27,0,21,0,1
PAY04248,CUST1186,47179,netbanking,technical_error,8,5,53,1,15,0,1
PAY04249,CUST1489,43796,netbanking,network_timeout,23,7,83,1,12,0,1
PAY04250,CUST1216,20786,wallet,technical_error,18,3,73,0,3,1,0
PAY04251,CUST2809,48504,netbanking,expired_card,14,6,62,1,12,1,0
PAY04252,CUST1941,47258,wallet,bank_decline,12,4,61,1,1,1,1
PAY04253,CUST0515,651,netbanking,authentication_failed,4,6,39,1,10,0,0
PAY04254,CUST0290,32278,netbanking,network_timeout,9,8,66,1,16,0,1
PAY04255,CUST2431,36689,wallet,insufficient_balance,14,5,38,1,4,0,1
PAY04256,CUST0021,28354,card,authentication_failed,22,8,46,0,13,0,1
PAY04257,CUST2437,35241,wallet,authentication_failed,7,8,55,1,1,0,1
PAY04258,CUST1557,31488,upi,expired_card,13,6,25,0,7,0,0
PAY04259,CUST0360,16939,upi,network_timeout,6,1,69,0,18,0,1
PAY04260,CUST0991,1398,card,network_timeout,29,1,65,1,21,0,1
PAY04261,CUST1641,23276,netbanking,technical_error,17,5,43,1,10,1,1
PAY04262,CUST0547,45747,netbanking,expired_card,4,6,13,1,2,1,1
PAY04263,CUST0790,27105,wallet,expired_card,11,7,90,0,10,0,0
PAY04264,CUST1856,37578,upi,authentication_failed,16,7,11,0,10,1,0
PAY04265,CUST1628,27901,wallet,insufficient_balance,21,3,69,1,22,1,1
PAY04266,CUST2721,16506,card,bank_decline,20,8,18,1,21,1,0
PAY04267,CUST0189,45483,card,technical_error,19,1,55,0,8,1,1
PAY04268,CUST2469,20188,wallet,bank_decline,22,2,75,0,12,1,1
PAY04269,CUST0563,28386,netbanking,network_timeout,15,7,24,1,15,0,0
PAY04270,CUST0371,357,upi,authentication_failed,29,7,9,0,21,1,1
PAY04271,CUST2951,48675,upi,network_timeout,6,8,84,1,5,0,0
PAY04272,CUST0527,8239,netbanking,authentication_failed,2,0,81,1,11,1,0
PAY04273,CUST0703,20071,netbanking,bank_decline,22,2,19,0,3,1,1
PAY04274,CUST1379,27954,wallet,insufficient_balance,20,3,77,0,21,1,1
PAY04275,CUST0150,34304,upi,expired_card,6,2,49,0,10,0,1
PAY04276,CUST2760,35388,card,expired_card,0,3,6,1,10,1,1
PAY04277,CUST2439,49692,netbanking,network_timeout,21,4,20,0,4,1,1
PAY04278,CUST2168,19598,upi,expired_card,1,7,35,1,0,0,0
PAY04279,CUST1011,12164,card,technical_error,20,7,3,0,8,1,1
PAY04280,CUST0017,19910,upi,network_timeout,0,0,59,1,3,0,1
PAY04281,CUST0966,44512,netbanking,authentication_failed,22,3,16,1,15,0,1
PAY04282,CUST2006,28684,netbanking,expired_card,8,7,50,0,14,0,1
PAY04283,CUST1818,23494,wallet,insufficient_balance,10,5,39,0,9,1,1
PAY04284,CUST0399,11878,wallet,bank_decline,13,1,43,0,18,0,1
PAY04285,CUST2364,48922,upi,technical_error,8,2,59,0,4,0,1
PAY04286,CUST1417,3958,card,insufficient_balance,28,4,28,0,18,0,1
PAY04287,CUST1789,10428,wallet,technical_error,27,8,78,1,16,0,0
PAY04288,CUST1180,29359,wallet,insufficient_balance,6,1,16,0,7,1,1
PAY04289,CUST0459,45231,card,insufficient_balance,14,5,76,0,18,1,1
PAY04290,CUST1291,30374,card,expired_card,25,2,10,0,13,0,0
PAY04291,CUST0727,2301,wallet,authentication_failed,23,5,76,0,1,0,1
PAY04292,CUST2938,18194,netbanking,insufficient_balance,12,4,27,1,8,1,1
PAY04293,CUST1029,13879,upi,authentication_failed,24,6,75,0,8,0,1
PAY04294,CUST0641,45321,card,authentication_failed,1,7,80,0,5,1,1
PAY04295,CUST1631,47141,upi,expired_card,5,7,65,0,20,1,0
PAY04296,CUST2234,21045,wallet,network_timeout,1,3,24,1,6,0,1
PAY04297,CUST0059,2957,card,network_timeout,21,6,27,0,10,1,1
PAY04298,CUST2644,31284,wallet,expired_card,9,6,47,1,3,1,0
PAY04299,CUST0679,36324,netbanking,bank_decline,20,0,30,1,8,1,1
PAY04300,CUST2613,14294,upi,insufficient_balance,22,4,48,1,20,1,1
PAY04301,CUST2165,18780,card,expired_card,9,6,25,1,3,1,0
PAY04302,CUST1281,32545,upi,expired_card,24,1,65,1,3,1,0
PAY04303,CUST1622,37382,wallet,expired_card,22,5,74,1,10,1,0
PAY04304,CUST0052,2837,upi,authentication_failed,7,7,40,0,5,1,0
PAY04305,CUST1115,33905,netbanking,authentication_failed,4,1,1,0,5,0,0
PAY04306,CUST1336,6167,netbanking,expired_card,11,7,75,1,23,0,0
PAY04307,CUST1857,42119,upi,insufficient_balance,15,6,52,0,8,0,1
PAY04308,CUST1167,9532,wallet,expired_card,6,0,23,1,1,0,1
PAY04309,CUST0904,31995,upi,insufficient_balance,18,8,18,0,0,0,0
PAY04310,CUST1482,41936,upi,expired_card,28,3,77,0,5,1,0
PAY04311,CUST0135,5798,netbanking,technical_error,12,2,71,1,0,1,1
PAY04312,CUST1772,44459,netbanking,insufficient_balance,19,0,69,1,17,0,0
PAY04313,CUST2701,43109,netbanking,bank_decline,12,7,87,0,1,1,0
PAY04314,CUST2072,10312,netbanking,expired_card,12,6,50,1,19,1,1
PAY04315,CUST2818,36931,upi,bank_decline,29,0,87,1,6,1,0
PAY04316,CUST2071,10505,netbanking,authentication_failed,0,8,41,1,18,0,0
PAY04317,CUST1369,41598,wallet,insufficient_balance,18,7,23,1,12,0,0
PAY04318,CUST0864,9455,netbanking,bank_decline,23,2,62,0,20,1,1
PAY04319,CUST2941,27157,upi,bank_decline,30,0,87,1,14,0,1
PAY04320,CUST0789,44138,upi,expired_card,20,4,55,1,12,0,1
PAY04321,CUST0189,23262,card,expired_card,19,6,11,0,12,1,0
PAY04322,CUST0692,33009,wallet,authentication_failed,23,8,89,1,19,0,0
PAY04323,CUST1114,16522,netbanking,network_timeout,24,3,87,1,2,1,1
PAY04324,CUST2547,46452,netbanking,bank_decline,25,1,29,1,8,0,1
PAY04325,CUST2300,35504,upi,authentication_failed,20,3,12,0,17,0,0
PAY04326,CUST0497,25989,upi,expired_card,15,6,74,0,4,0,1
PAY04327,CUST2024,32463,upi,authentication_failed,19,8,0,0,21,0,0
PAY04328,CUST0656,1922,card,bank_decline,6,1,64,1,5,0,0
PAY04329,CUST0025,41203,upi,insufficient_balance,18,1,46,0,6,0,1
PAY04330,CUST0799,15983,wallet,authentication_failed,24,3,86,0,9,0,0
PAY04331,CUST2432,36361,upi,network_timeout,5,7,5,0,7,0,1
PAY04332,CUST2250,39081,wallet,bank_decline,5,0,14,0,19,1,1
PAY04333,CUST2476,1290,upi,network_timeout,21,7,62,1,12,0,1
PAY04334,CUST0032,45919,card,authentication_failed,3,1,59,1,10,0,1
PAY04335,CUST0714,19369,netbanking,technical_error,7,4,27,1,3,1,1
PAY04336,CUST0298,20587,netbanking,authentication_failed,15,4,55,0,3,1,1
PAY04337,CUST2566,3939,wallet,network_timeout,4,7,18,0,1,1,1
PAY04338,CUST0219,3153,upi,authentication_failed,23,8,1,0,9,0,1
PAY04339,CUST0733,13528,upi,network_timeout,12,0,3,1,19,0,1
PAY04340,CUST0729,17486,card,technical_error,7,2,87,1,5,1,1
PAY04341,CUST1575,10597,netbanking,insufficient_balance,20,0,20,0,7,0,1
PAY04342,CUST0405,28716,wallet,technical_error,11,4,21,0,5,1,1
PAY04343,CUST2024,44640,card,network_timeout,23,1,51,1,16,0,1
PAY04344,CUST0463,28477,wallet,authentication_failed,17,6,17,0,5,1,1
PAY04345,CUST0393,21929,upi,technical_error,12,4,21,1,14,0,1
PAY04346,CUST0065,11282,upi,network_timeout,19,4,10,1,21,1,1
PAY04347,CUST0855,42089,card,expired_card,30,0,46,0,2,1,0
PAY04348,CUST0305,4074,netbanking,network_timeout,14,5,40,0,16,1,1
PAY04349,CUST2056,21065,upi,technical_error,9,6,62,1,1,0,0
PAY04350,CUST2034,33143,netbanking,bank_decline,14,7,6,0,17,0,0
PAY04351,CUST0098,42725,wallet,bank_decline,8,4,5,1,16,0,1
PAY04352,CUST1319,21574,card,network_timeout,15,2,56,0,14,1,1
PAY04353,CUST0993,47619,upi,technical_error,5,0,15,0,4,0,1
PAY04354,CUST1479,7173,card,insufficient_balance,2,3,32,0,13,0,0
PAY04355,CUST1571,35106,card,network_timeout,28,0,46,0,5,1,1
PAY04356,CUST0170,26394,netbanking,network_timeout,2,7,81,1,15,0,0
PAY04357,CUST2946,5914,wallet,network_timeout,21,6,34,1,14,1,1
PAY04358,CUST2090,36547,wallet,insufficient_balance,20,1,20,1,1,1,1
PAY04359,CUST2705,39694,card,expired_card,20,4,69,0,7,0,0
PAY04360,CUST2366,4192,card,network_timeout,24,4,42,1,15,1,1
PAY04361,CUST1904,28868,wallet,network_timeout,18,5,16,1,18,1,1
PAY04362,CUST0119,6419,wallet,network_timeout,18,2,12,1,13,1,1
PAY04363,CUST1357,5021,wallet,bank_decline,24,0,16,0,21,0,0
PAY04364,CUST2274,375,netbanking,authentication_failed,11,3,39,1,16,0,1
PAY04365,CUST1804,30275,upi,expired_card,27,3,19,0,19,1,1
PAY04366,CUST2606,38638,upi,technical_error,8,8,72,1,7,1,0
PAY04367,CUST2904,33001,wallet,insufficient_balance,14,2,79,0,6,1,1
PAY04368,CUST2870,31072,card,insufficient_balance,22,4,3,0,18,1,1
PAY04369,CUST2728,27866,upi,authentication_failed,19,8,39,1,9,1,1
PAY04370,CUST1092,8968,wallet,insufficient_balance,18,8,29,1,23,1,1
PAY04371,CUST2774,22828,upi,authentication_failed,7,1,70,1,21,1,1
PAY04372,CUST1660,10980,upi,bank_decline,7,5,28,0,9,0,0
PAY04373,CUST1600,41438,upi,network_timeout,27,1,52,1,6,0,1
PAY04374,CUST1107,3973,card,expired_card,22,2,11,1,12,0,1
PAY04375,CUST1047,45256,netbanking,insufficient_balance,27,6,27,1,5,1,1
PAY04376,CUST0746,14331,upi,expired_card,14,0,36,1,8,1,1
PAY04377,CUST1488,47063,card,authentication_failed,29,4,26,1,9,0,1
PAY04378,CUST0345,5178,card,bank_decline,10,4,73,1,9,1,0
PAY04379,CUST1959,42144,netbanking,insufficient_balance,24,1,80,1,5,1,1
PAY04380,CUST1551,15673,card,expired_card,2,2,79,0,3,1,1
PAY04381,CUST1119,49411,wallet,authentication_failed,19,2,32,1,9,0,1
PAY04382,CUST2403,39174,wallet,insufficient_balance,8,7,26,1,6,1,1
PAY04383,CUST1535,42380,card,expired_card,7,0,7,1,10,0,1
PAY04384,CUST1070,24255,card,technical_error,7,4,61,0,21,0,1
PAY04385,CUST0200,22356,wallet,technical_error,5,4,41,0,2,0,0
PAY04386,CUST2967,33075,card,insufficient_balance,8,6,38,0,23,1,1
PAY04387,CUST2192,42039,wallet,insufficient_balance,9,3,6,0,8,1,0
PAY04388,CUST0055,28003,wallet,authentication_failed,23,6,14,0,12,1,0
PAY04389,CUST0993,49248,wallet,expired_card,19,1,18,0,16,1,1
PAY04390,CUST2449,45978,card,bank_decline,10,0,54,0,8,1,1
PAY04391,CUST0343,23037,card,network_timeout,3,2,40,0,4,0,1
PAY04392,CUST0334,27318,card,network_timeout,29,4,6,0,15,0,1
PAY04393,CUST2286,40796,wallet,technical_error,30,3,81,0,3,0,1
PAY04394,CUST0247,36419,wallet,network_timeout,8,8,37,0,11,0,1
PAY04395,CUST1893,40632,wallet,bank_decline,19,7,64,1,5,0,1
PAY04396,CUST0253,42523,card,expired_card,2,4,34,0,8,1,1
PAY04397,CUST0057,42150,wallet,insufficient_balance,26,7,21,0,22,1,1
PAY04398,CUST0278,47181,netbanking,technical_error,11,2,66,1,23,1,1
PAY04399,CUST1872,21311,wallet,authentication_failed,13,3,62,0,18,0,1
PAY04400,CUST0118,22383,netbanking,bank_decline,15,7,84,0,12,1,0
PAY04401,CUST1780,1139,wallet,expired_card,23,1,5,1,18,0,1
PAY04402,CUST2480,17964,card,expired_card,0,4,29,0,7,1,0
PAY04403,CUST1777,48732,card,insufficient_balance,16,5,70,1,19,1,1
PAY04404,CUST1743,47068,card,technical_error,13,3,45,1,21,1,1
PAY04405,CUST1609,1220,wallet,expired_card,27,1,21,0,1,0,0
PAY04406,CUST2050,19168,upi,bank_decline,5,2,48,1,20,1,0
PAY04407,CUST0426,34597,card,insufficient_balance,27,4,44,1,1,1,0
PAY04408,CUST2485,41597,upi,expired_card,12,5,30,1,5,1,1
PAY04409,CUST2626,16102,wallet,bank_decline,24,5,4,1,23,1,1
PAY04410,CUST2793,23858,netbanking,bank_decline,28,3,62,1,17,1,0
PAY04411,CUST2980,49246,upi,expired_card,2,2,21,1,23,1,1
PAY04412,CUST1718,30113,card,network_timeout,21,7,41,0,5,1,1
PAY04413,CUST2413,49351,upi,technical_error,8,6,41,0,6,1,0
PAY04414,CUST2034,16798,card,insufficient_balance,1,3,85,1,8,0,0
PAY04415,CUST1793,160,card,technical_error,8,1,43,0,4,1,1
PAY04416,CUST0588,27287,netbanking,bank_decline,28,5,28,1,2,0,1
PAY04417,CUST2768,39963,wallet,bank_decline,22,3,42,0,19,1,0
PAY04418,CUST1709,4708,netbanking,insufficient_balance,23,6,21,0,8,0,1
PAY04419,CUST2094,23310,upi,network_timeout,12,3,26,1,13,0,1
PAY04420,CUST0283,34651,wallet,technical_error,15,3,57,0,16,0,1
PAY04421,CUST2666,25160,netbanking,technical_error,28,3,84,0,22,0,1
PAY04422,CUST1175,6811,card,bank_decline,2,6,6,0,6,0,1
PAY04423,CUST0251,33169,netbanking,expired_card,9,1,67,1,7,1,1
PAY04424,CUST2674,28272,card,authentication_failed,5,0,80,0,2,0,0
PAY04425,CUST1931,36362,card,authentication_failed,5,1,4,0,13,1,1
PAY04426,CUST2970,47495,wallet,bank_decline,30,7,59,1,7,1,0
PAY04427,CUST1402,29993,wallet,expired_card,11,5,38,1,19,0,1
PAY04428,CUST0853,16496,card,technical_error,10,4,25,1,23,0,1
PAY04429,CUST0442,3411,upi,bank_decline,19,3,73,1,11,0,1
PAY04430,CUST0963,3331,upi,insufficient_balance,22,3,24,0,6,1,0
PAY04431,CUST2781,48937,card,expired_card,20,8,40,1,23,0,1
PAY04432,CUST1903,1596,upi,bank_decline,8,0,55,0,13,0,0
PAY04433,CUST1580,28936,netbanking,authentication_failed,3,5,80,0,23,1,0
PAY04434,CUST1253,33329,wallet,bank_decline,5,1,53,1,17,0,0
PAY04435,CUST1045,43412,upi,bank_decline,22,7,31,0,5,1,0
PAY04436,CUST0220,28724,netbanking,bank_decline,29,2,44,0,21,0,1
PAY04437,CUST0646,15100,netbanking,technical_error,19,3,58,1,3,0,1
PAY04438,CUST1533,35895,upi,technical_error,8,8,71,0,18,1,0
PAY04439,CUST2472,23577,card,bank_decline,21,5,79,0,23,1,1
PAY04440,CUST1285,25893,netbanking,expired_card,13,4,41,0,7,0,1
PAY04441,CUST0124,16996,card,expired_card,5,4,19,1,15,1,0
PAY04442,CUST1353,16854,wallet,network_timeout,25,1,64,1,15,1,1
PAY04443,CUST0185,8287,netbanking,bank_decline,14,0,78,0,13,1,1
PAY04444,CUST0587,49826,netbanking,network_timeout,23,2,64,0,1,1,1
PAY04445,CUST2729,5127,wallet,bank_decline,28,0,81,1,7,1,1
PAY04446,CUST2872,27845,card,authentication_failed,7,1,52,0,7,1,0
PAY04447,CUST0052,49024,wallet,technical_error,19,2,87,0,12,1,1
PAY04448,CUST1434,31651,netbanking,insufficient_balance,15,5,36,0,22,0,0
PAY04449,CUST0515,49925,wallet,bank_decline,21,8,43,0,11,0,0
PAY04450,CUST1733,25741,card,expired_card,11,7,14,1,11,1,1
PAY04451,CUST2775,27389,card,bank_decline,13,8,74,1,1,0,0
PAY04452,CUST1723,49007,upi,bank_decline,8,6,81,0,10,1,0
PAY04453,CUST1285,7926,wallet,network_timeout,27,1,28,0,18,1,1
PAY04454,CUST1702,12412,upi,insufficient_balance,8,5,9,0,11,1,0
PAY04455,CUST2487,26582,card,technical_error,4,1,18,1,18,1,0
PAY04456,CUST1278,36671,wallet,technical_error,15,8,38,1,18,1,1
PAY04457,CUST0812,5688,wallet,insufficient_balance,1,5,20,1,20,0,0
PAY04458,CUST1065,46540,upi,bank_decline,18,2,23,1,18,0,1
PAY04459,CUST1729,16512,upi,insufficient_balance,0,1,17,1,9,1,1
PAY04460,CUST2402,47186,card,network_timeout,15,6,26,0,19,0,1
PAY04461,CUST2338,33025,wallet,insufficient_balance,14,0,67,1,21,1,1
PAY04462,CUST0927,25548,card,bank_decline,25,2,22,0,0,1,1
PAY04463,CUST0773,22926,wallet,bank_decline,6,5,62,1,11,1,1
PAY04464,CUST2541,48033,netbanking,insufficient_balance,24,8,39,0,0,1,1
PAY04465,CUST0035,46626,card,insufficient_balance,27,2,60,0,0,0,1
PAY04466,CUST0523,20320,upi,authentication_failed,14,4,88,1,6,1,1
PAY04467,CUST0522,44894,upi,expired_card,26,6,10,0,17,0,0
PAY04468,CUST0053,16014,card,authentication_failed,26,6,86,1,16,1,1
PAY04469,CUST0569,43440,card,technical_error,10,3,83,0,22,0,0
PAY04470,CUST0385,43082,upi,technical_error,24,1,59,1,19,0,1
PAY04471,CUST0857,41882,wallet,bank_decline,12,6,29,1,20,1,1
PAY04472,CUST1967,11581,card,authentication_failed,7,2,53,1,18,1,0
PAY04473,CUST1378,766,upi,insufficient_balance,21,7,78,0,22,0,1
PAY04474,CUST2736,43617,netbanking,network_timeout,26,3,62,1,6,1,1
PAY04475,CUST2593,45221,upi,authentication_failed,23,1,84,0,4,1,1
PAY04476,CUST1405,8366,wallet,authentication_failed,10,6,57,0,18,1,0
PAY04477,CUST0195,48044,upi,network_timeout,11,6,64,1,17,0,1
PAY04478,CUST1869,4494,upi,authentication_failed,27,6,42,0,9,1,0
PAY04479,CUST2220,39659,card,technical_error,11,2,76,0,16,0,1
PAY04480,CUST0017,46829,card,expired_card,3,4,75,1,14,1,1
PAY04481,CUST1695,17679,card,insufficient_balance,12,1,52,1,14,1,1
PAY04482,CUST1419,9122,upi,insufficient_balance,22,6,13,1,21,1,1
PAY04483,CUST2902,37033,card,insufficient_balance,18,4,71,1,18,1,1
PAY04484,CUST0778,44068,netbanking,authentication_failed,27,5,58,1,13,1,1
PAY04485,CUST0315,47405,upi,technical_error,17,6,43,1,0,0,1
PAY04486,CUST2897,38282,card,authentication_failed,11,5,51,1,16,0,0
PAY04487,CUST0581,13750,netbanking,technical_error,24,3,49,0,3,1,1
PAY04488,CUST0357,10207,wallet,network_timeout,13,6,13,1,21,0,1
PAY04489,CUST1679,2350,wallet,technical_error,1,7,17,0,21,0,1
PAY04490,CUST0120,14746,upi,technical_error,30,8,12,0,5,0,1
PAY04491,CUST2367,40588,wallet,bank_decline,27,7,54,0,14,0,0
PAY04492,CUST0072,13164,wallet,insufficient_balance,9,4,64,0,12,1,0
PAY04493,CUST1723,31754,card,bank_decline,20,1,74,0,11,1,1
PAY04494,CUST2701,21463,wallet,expired_card,26,3,75,1,15,1,0
PAY04495,CUST0140,20917,netbanking,bank_decline,26,7,25,0,2,1,1
PAY04496,CUST1030,47666,card,technical_error,30,5,34,1,17,1,1
PAY04497,CUST0988,47199,card,expired_card,16,8,54,0,1,0,0
PAY04498,CUST1354,14016,card,insufficient_balance,30,2,54,1,4,1,1
PAY04499,CUST1115,32562,card,authentication_failed,1,5,66,0,9,0,0
PAY04500,CUST0372,19359,wallet,network_timeout,26,5,77,1,23,0,1
PAY04501,CUST0168,1776,card,technical_error,21,0,4,1,6,1,1
PAY04502,CUST1056,25822,wallet,authentication_failed,7,4,63,1,7,1,1
PAY04503,CUST2345,15302,card,technical_error,19,4,13,0,3,1,1
PAY04504,CUST2357,24870,wallet,network_timeout,16,3,18,0,6,0,1
PAY04505,CUST1435,19354,upi,authentication_failed,17,4,83,0,11,0,1
PAY04506,CUST0425,5774,card,insufficient_balance,24,5,76,1,23,0,1
PAY04507,CUST2367,19354,upi,authentication_failed,18,4,8,0,10,1,0
PAY04508,CUST2546,41050,card,authentication_failed,21,3,17,0,17,1,1
PAY04509,CUST2783,27542,wallet,bank_decline,27,6,4,1,5,1,0
PAY04510,CUST0291,13339,netbanking,network_timeout,20,3,72,1,17,0,0
PAY04511,CUST2187,30320,netbanking,expired_card,21,3,2,0,16,0,1
PAY04512,CUST1669,15751,upi,authentication_failed,24,3,81,1,22,0,1
PAY04513,CUST0739,25320,wallet,insufficient_balance,16,2,0,1,3,1,1
PAY04514,CUST1266,36750,card,technical_error,10,1,28,0,3,0,1
PAY04515,CUST1925,33481,wallet,network_timeout,10,7,57,1,14,1,1
PAY04516,CUST0293,38957,upi,authentication_failed,25,8,70,0,1,0,0
PAY04517,CUST0242,10329,wallet,expired_card,25,7,34,0,11,0,0
PAY04518,CUST0976,44636,card,insufficient_balance,13,0,48,1,15,1,1
PAY04519,CUST0454,39069,upi,expired_card,24,7,84,0,12,1,0
PAY04520,CUST1400,49294,wallet,network_timeout,6,6,36,1,15,1,1
PAY04521,CUST2860,23921,card,authentication_failed,23,4,40,0,14,1,0
PAY04522,CUST0728,23394,wallet,authentication_failed,9,4,86,0,10,0,0
PAY04523,CUST2951,27576,card,authentication_failed,3,8,46,0,3,0,1
PAY04524,CUST1289,48322,wallet,bank_decline,28,3,29,1,2,1,0
PAY04525,CUST1884,28137,netbanking,authentication_failed,13,7,4,1,1,1,0
PAY04526,CUST2180,705,upi,technical_error,23,3,8,0,8,1,1
PAY04527,CUST1326,46142,card,insufficient_balance,24,7,40,1,1,0,0
PAY04528,CUST2563,19708,netbanking,bank_decline,6,3,26,0,7,1,1
PAY04529,CUST2555,23664,upi,expired_card,24,5,57,0,10,0,0
PAY04530,CUST1298,22201,wallet,technical_error,30,2,51,0,17,0,1
PAY04531,CUST2621,13372,upi,expired_card,21,2,59,0,12,0,1
PAY04532,CUST2725,34528,wallet,insufficient_balance,22,8,80,1,18,1,1
PAY04533,CUST1028,31649,wallet,authentication_failed,25,2,27,1,0,0,1
PAY04534,CUST2804,36571,netbanking,authentication_failed,8,7,71,1,22,0,0
PAY04535,CUST1693,34611,card,technical_error,27,3,15,0,5,1,1
PAY04536,CUST0370,46809,upi,authentication_failed,7,2,65,0,12,0,1
PAY04537,CUST1428,15871,netbanking,authentication_failed,3,8,46,1,10,1,0
PAY04538,CUST1140,4322,upi,expired_card,17,8,30,0,8,0,0
PAY04539,CUST0210,15320,netbanking,bank_decline,7,0,25,0,16,0,1
PAY04540,CUST1766,31219,upi,expired_card,21,4,78,0,9,1,1
PAY04541,CUST2374,49580,wallet,expired_card,14,1,54,1,20,0,1
PAY04542,CUST0379,12859,upi,authentication_failed,25,5,7,1,5,1,1
PAY04543,CUST2197,20660,wallet,expired_card,30,3,38,1,12,0,1
PAY04544,CUST2807,44669,upi,insufficient_balance,0,2,46,1,5,1,1
PAY04545,CUST1619,30694,upi,bank_decline,6,1,50,0,7,0,1
PAY04546,CUST2270,19335,wallet,network_timeout,3,7,20,1,4,0,0
PAY04547,CUST0966,13697,wallet,expired_card,19,0,65,1,21,1,1
PAY04548,CUST1153,37518,card,authentication_failed,2,6,30,1,20,0,1
PAY04549,CUST2785,2365,upi,network_timeout,1,1,49,1,7,1,1
PAY04550,CUST1768,11825,upi,technical_error,8,5,40,1,2,1,0
PAY04551,CUST0011,35058,netbanking,bank_decline,19,6,19,0,18,1,1
PAY04552,CUST0312,6921,card,technical_error,9,8,54,0,1,1,1
PAY04553,CUST2995,27269,card,authentication_failed,21,0,23,1,0,1,1
PAY04554,CUST1716,38840,card,authentication_failed,3,7,33,1,6,0,1
PAY04555,CUST2946,24986,upi,expired_card,8,1,3,1,12,1,1
PAY04556,CUST2236,35774,netbanking,expired_card,15,3,18,0,13,1,0
PAY04557,CUST0230,11745,netbanking,insufficient_balance,28,3,67,0,11,1,1
PAY04558,CUST1042,1016,wallet,network_timeout,25,1,82,0,21,1,1
PAY04559,CUST0703,40505,netbanking,network_timeout,5,3,84,0,11,0,0
PAY04560,CUST1744,28524,wallet,network_timeout,8,8,43,0,7,0,0
PAY04561,CUST0500,32842,card,expired_card,14,5,45,1,23,0,0
PAY04562,CUST0700,36990,upi,expired_card,24,2,20,0,5,0,1
PAY04563,CUST1461,42932,upi,network_timeout,16,5,17,0,14,1,0
PAY04564,CUST2243,334,card,insufficient_balance,13,6,21,1,1,1,1
PAY04565,CUST0234,31375,upi,authentication_failed,4,4,76,0,7,1,0
PAY04566,CUST0978,3650,upi,authentication_failed,24,2,46,0,23,0,0
PAY04567,CUST1993,16523,wallet,insufficient_balance,25,3,71,0,16,1,1
PAY04568,CUST1212,3198,upi,bank_decline,20,6,45,1,6,1,0
PAY04569,CUST0633,48029,netbanking,authentication_failed,16,0,24,0,0,1,1
PAY04570,CUST2624,16789,card,expired_card,17,6,83,0,4,0,1
PAY04571,CUST2111,21027,card,expired_card,1,4,85,1,21,0,0
PAY04572,CUST1371,38409,card,expired_card,3,8,16,0,14,1,0
PAY04573,CUST0698,6966,card,technical_error,1,7,32,1,8,1,1
PAY04574,CUST2345,45377,upi,technical_error,3,1,60,0,15,1,1
PAY04575,CUST2926,747,card,insufficient_balance,22,4,45,1,16,1,1
PAY04576,CUST2171,26060,netbanking,authentication_failed,29,7,26,1,9,1,1
PAY04577,CUST2453,24896,wallet,bank_decline,30,0,56,0,7,1,1
PAY04578,CUST1551,47915,card,expired_card,27,7,33,0,4,0,0
PAY04579,CUST2287,7022,card,insufficient_balance,13,8,76,0,16,0,0
PAY04580,CUST1457,8800,netbanking,network_timeout,9,3,74,0,11,0,1
PAY04581,CUST1648,1293,upi,bank_decline,19,5,61,1,11,0,0
PAY04582,CUST2826,28317,wallet,technical_error,9,8,6,0,21,0,1
PAY04583,CUST1751,12964,wallet,bank_decline,16,1,58,1,4,1,0
PAY04584,CUST2653,36372,card,insufficient_balance,10,3,62,1,8,0,1
PAY04585,CUST2498,33860,upi,technical_error,7,0,26,1,7,1,1
PAY04586,CUST0556,48629,wallet,network_timeout,16,8,44,0,5,1,0
PAY04587,CUST0970,19123,card,network_timeout,2,4,79,1,23,1,1
PAY04588,CUST1865,21664,netbanking,authentication_failed,15,3,86,1,14,0,1
PAY04589,CUST1129,49963,card,technical_error,13,7,68,0,19,1,0
PAY04590,CUST1494,25617,netbanking,technical_error,15,7,29,1,3,0,0
PAY04591,CUST2717,13244,netbanking,network_timeout,10,7,26,1,17,0,1
PAY04592,CUST0210,34105,card,expired_card,25,1,90,1,10,1,1
PAY04593,CUST2560,41985,netbanking,insufficient_balance,1,7,20,0,21,1,0
PAY04594,CUST2711,29848,card,authentication_failed,23,6,73,0,12,1,0
PAY04595,CUST2074,30416,upi,insufficient_balance,13,3,39,0,3,0,1
PAY04596,CUST1081,35360,netbanking,bank_decline,17,6,57,0,4,1,0
PAY04597,CUST1343,31364,upi,technical_error,26,1,70,0,18,0,1
PAY04598,CUST0681,32248,netbanking,authentication_failed,5,4,73,0,19,1,1
PAY04599,CUST0106,41923,netbanking,network_timeout,23,5,86,1,11,0,1
PAY04600,CUST1906,46844,upi,network_timeout,22,4,27,1,13,0,1
PAY04601,CUST0508,34808,netbanking,expired_card,18,6,63,0,15,0,0
PAY04602,CUST1783,49342,netbanking,expired_card,17,1,34,1,0,0,0
PAY04603,CUST0243,49012,netbanking,network_timeout,25,7,47,1,1,0,0
PAY04604,CUST0977,8163,card,authentication_failed,13,4,5,1,19,1,1
PAY04605,CUST0651,38393,wallet,technical_error,23,2,22,1,23,1,1
PAY04606,CUST0631,29817,upi,authentication_failed,8,4,75,1,18,0,0
PAY04607,CUST1536,7630,wallet,authentication_failed,6,6,52,1,8,1,1
PAY04608,CUST1501,33440,wallet,technical_error,22,3,85,1,2,0,1
PAY04609,CUST2871,21242,upi,technical_error,23,2,45,0,13,1,0
PAY04610,CUST1883,7988,netbanking,insufficient_balance,22,6,0,0,15,1,1
PAY04611,CUST0920,46017,card,expired_card,1,2,44,1,1,0,1
PAY04612,CUST1203,8024,upi,network_timeout,13,6,63,1,11,0,1
PAY04613,CUST1968,139,wallet,network_timeout,4,7,73,1,3,1,1
PAY04614,CUST1762,14058,netbanking,network_timeout,13,4,22,1,5,0,1
PAY04615,CUST2817,19374,upi,technical_error,17,1,62,1,14,1,1
PAY04616,CUST0555,11106,wallet,network_timeout,4,5,39,0,2,1,1
PAY04617,CUST2623,15313,card,expired_card,16,4,53,1,15,0,0
PAY04618,CUST1375,27529,card,expired_card,12,7,65,0,20,0,1
PAY04619,CUST2794,13480,wallet,technical_error,0,6,88,0,10,1,0
PAY04620,CUST0135,43558,upi,bank_decline,29,1,30,1,0,1,0
PAY04621,CUST0928,6233,upi,insufficient_balance,25,0,55,1,14,1,1
PAY04622,CUST1663,21266,netbanking,authentication_failed,0,5,29,0,8,0,1
PAY04623,CUST2570,42824,card,authentication_failed,27,6,72,1,7,1,1
PAY04624,CUST0917,46058,upi,technical_error,23,6,9,1,17,0,0
PAY04625,CUST1498,36408,card,insufficient_balance,30,8,4,1,14,0,0
PAY04626,CUST0766,7685,upi,bank_decline,24,7,71,1,9,1,1
PAY04627,CUST1361,24498,upi,bank_decline,3,5,15,0,14,0,0
PAY04628,CUST1425,43720,netbanking,bank_decline,0,5,20,1,1,1,0
PAY04629,CUST2178,32390,netbanking,expired_card,2,2,24,1,21,1,0
PAY04630,CUST2687,11459,netbanking,technical_error,12,2,51,0,10,1,1
PAY04631,CUST0103,2393,wallet,authentication_failed,5,5,85,1,2,1,1
PAY04632,CUST0358,31725,wallet,authentication_failed,30,5,9,0,15,1,1
PAY04633,CUST2409,22026,upi,network_timeout,26,2,58,0,8,1,1
PAY04634,CUST1370,34831,card,authentication_failed,2,7,54,0,3,0,1
PAY04635,CUST1102,27420,card,bank_decline,8,6,9,1,4,1,0
PAY04636,CUST1374,16370,upi,insufficient_balance,4,4,57,0,23,0,0
PAY04637,CUST0010,7126,netbanking,technical_error,22,1,21,1,2,1,1
PAY04638,CUST0179,36508,netbanking,insufficient_balance,14,4,70,0,4,1,1
PAY04639,CUST2111,7306,wallet,technical_error,7,0,1,0,10,0,1
PAY04640,CUST1351,42985,card,technical_error,3,4,2,0,6,1,0
PAY04641,CUST2918,1749,netbanking,network_timeout,17,1,88,0,10,1,0
PAY04642,CUST2909,14606,netbanking,authentication_failed,16,6,75,0,20,0,0
PAY04643,CUST0433,15560,card,network_timeout,13,6,72,1,13,0,0
PAY04644,CUST0562,41805,card,insufficient_balance,29,4,55,1,13,1,1
PAY04645,CUST0591,33242,card,insufficient_balance,22,5,72,0,12,0,0
PAY04646,CUST0212,30052,netbanking,technical_error,16,8,33,1,19,0,0
PAY04647,CUST0706,25579,card,technical_error,4,0,31,0,2,1,1
PAY04648,CUST1773,24311,wallet,authentication_failed,11,7,15,1,12,1,1
PAY04649,CUST2012,33673,card,insufficient_balance,0,4,73,1,1,1,0
PAY04650,CUST0964,32953,wallet,expired_card,20,1,50,1,11,0,1
PAY04651,CUST2165,25371,upi,authentication_failed,22,5,24,0,4,0,1
PAY04652,CUST0095,31017,upi,expired_card,28,8,62,1,8,0,1
PAY04653,CUST0764,27180,card,insufficient_balance,21,5,46,1,8,1,1
PAY04654,CUST2229,26108,card,technical_error,23,0,88,1,16,0,1
PAY04655,CUST2362,16182,netbanking,network_timeout,16,3,47,1,20,1,1
PAY04656,CUST0577,44358,wallet,technical_error,16,5,72,0,18,0,1
PAY04657,CUST0063,28501,wallet,expired_card,12,3,22,1,21,1,0
PAY04658,CUST0582,30147,wallet,authentication_failed,5,2,30,1,17,0,1
PAY04659,CUST0340,11504,wallet,expired_card,7,4,15,0,19,1,0
PAY04660,CUST1390,41700,wallet,technical_error,26,0,20,0,16,0,1
PAY04661,CUST0361,29876,wallet,network_timeout,21,0,53,0,18,1,1
PAY04662,CUST1487,1261,upi,authentication_failed,12,4,34,1,7,1,1
PAY04663,CUST2732,14095,netbanking,network_timeout,28,4,89,0,19,0,1
PAY04664,CUST0126,48792,upi,insufficient_balance,30,3,89,0,16,1,0
PAY04665,CUST2716,49148,wallet,bank_decline,27,0,54,1,20,1,0
PAY04666,CUST1053,30947,wallet,authentication_failed,20,2,6,0,2,0,1
PAY04667,CUST1210,200,upi,technical_error,8,3,59,0,12,0,1
PAY04668,CUST0348,42201,wallet,bank_decline,22,7,79,1,20,0,1
PAY04669,CUST0772,49053,netbanking,insufficient_balance,4,5,27,0,19,0,0
PAY04670,CUST0549,17380,upi,expired_card,28,7,61,1,5,1,1
PAY04671,CUST1869,16631,netbanking,bank_decline,21,5,6,0,3,1,0
PAY04672,CUST0765,6210,card,expired_card,16,4,55,0,7,1,0
PAY04673,CUST0777,34915,upi,technical_error,26,6,68,1,17,1,0
PAY04674,CUST0723,1136,netbanking,bank_decline,10,8,31,1,21,1,0
PAY04675,CUST1832,49436,wallet,network_timeout,28,6,73,0,21,0,1
PAY04676,CUST2156,22404,upi,insufficient_balance,20,0,19,1,9,1,1
PAY04677,CUST0333,27604,wallet,technical_error,30,4,52,1,20,1,1
PAY04678,CUST2152,43649,card,technical_error,24,8,55,0,22,1,0
PAY04679,CUST0322,14834,netbanking,technical_error,22,4,81,1,18,0,1
PAY04680,CUST2885,4336,card,authentication_failed,17,5,56,0,7,1,0
PAY04681,CUST2582,3485,card,technical_error,8,7,27,1,15,1,1
PAY04682,CUST0564,26381,upi,technical_error,29,6,45,1,18,1,1
PAY04683,CUST2782,30558,card,authentication_failed,15,8,80,0,4,0,1
PAY04684,CUST0181,36154,card,network_timeout,25,0,12,1,5,1,1
PAY04685,CUST2736,27377,card,bank_decline,5,5,10,1,15,1,1
PAY04686,CUST2401,22395,card,expired_card,27,0,72,1,14,0,1
PAY04687,CUST2591,45797,card,authentication_failed,16,0,0,1,20,1,1
PAY04688,CUST2109,45623,wallet,insufficient_balance,8,2,84,0,15,1,1
PAY04689,CUST2952,45468,wallet,bank_decline,11,2,79,1,16,0,1
PAY04690,CUST0184,22731,card,bank_decline,3,7,19,1,2,0,1
PAY04691,CUST2673,14330,netbanking,insufficient_balance,24,3,41,0,13,1,1
PAY04692,CUST1529,44370,wallet,authentication_failed,15,7,56,0,8,0,0
PAY04693,CUST1590,22041,wallet,expired_card,1,3,85,0,0,1,0
PAY04694,CUST2904,42505,wallet,technical_error,2,4,0,1,15,0,1
PAY04695,CUST2579,45039,upi,technical_error,0,6,10,0,15,1,0
PAY04696,CUST1616,25858,wallet,technical_error,24,7,85,1,15,0,0
PAY04697,CUST0370,30211,card,insufficient_balance,9,3,47,1,13,0,1
PAY04698,CUST0207,14388,upi,expired_card,24,3,49,1,22,0,1
PAY04699,CUST1485,21459,wallet,authentication_failed,23,6,62,0,10,0,0
PAY04700,CUST1944,36815,card,authentication_failed,1,7,22,0,20,1,1
PAY04701,CUST1890,25397,netbanking,authentication_failed,13,1,23,1,2,1,1
PAY04702,CUST2497,45822,upi,authentication_failed,12,3,13,1,5,1,1
PAY04703,CUST1368,25951,netbanking,expired_card,7,0,74,1,2,1,1
PAY04704,CUST1611,26373,upi,network_timeout,1,6,25,1,4,0,0
PAY04705,CUST0221,23607,card,bank_decline,8,0,57,1,23,0,1
PAY04706,CUST1231,32961,card,network_timeout,6,5,25,1,23,0,1
PAY04707,CUST2476,27337,netbanking,insufficient_balance,15,2,76,1,18,1,1
PAY04708,CUST1805,30299,wallet,authentication_failed,1,5,46,1,16,0,1
PAY04709,CUST1943,5943,upi,authentication_failed,18,6,77,0,10,1,1
PAY04710,CUST2883,36085,upi,bank_decline,0,0,84,0,18,0,1
PAY04711,CUST0889,45674,card,insufficient_balance,4,6,65,0,15,1,0
PAY04712,CUST1724,1391,upi,network_timeout,7,6,69,1,2,1,1
PAY04713,CUST2047,31690,card,authentication_failed,4,1,67,1,5,1,1
PAY04714,CUST0259,47445,netbanking,bank_decline,24,1,60,1,21,1,0
PAY04715,CUST1377,36667,upi,insufficient_balance,7,5,46,0,22,1,1
PAY04716,CUST2279,32228,card,bank_decline,6,0,85,0,4,0,1
PAY04717,CUST2492,14701,upi,expired_card,30,2,69,1,16,1,1
PAY04718,CUST0426,24647,upi,expired_card,25,6,38,1,5,1,1
PAY04719,CUST2156,43628,netbanking,authentication_failed,15,4,52,1,21,1,1
PAY04720,CUST1315,2316,wallet,authentication_failed,4,8,31,0,0,0,1
PAY04721,CUST2256,23261,card,technical_error,17,0,69,1,10,1,1
PAY04722,CUST1272,23078,card,authentication_failed,21,5,69,0,20,0,1
PAY04723,CUST1311,34819,card,network_timeout,0,8,82,1,15,1,1
PAY04724,CUST1065,16722,wallet,bank_decline,2,3,57,1,12,0,0
PAY04725,CUST1574,41649,netbanking,bank_decline,24,5,31,0,7,1,0
PAY04726,CUST1820,29111,netbanking,authentication_failed,18,6,29,0,15,0,0
PAY04727,CUST0640,45476,wallet,insufficient_balance,16,1,78,0,11,0,0
PAY04728,CUST0743,14424,wallet,expired_card,6,8,81,1,7,1,1
PAY04729,CUST1283,3395,netbanking,insufficient_balance,3,4,1,1,20,0,0
PAY04730,CUST1035,31114,upi,bank_decline,0,7,82,1,5,0,0
PAY04731,CUST1105,23391,wallet,bank_decline,7,6,48,0,18,1,0
PAY04732,CUST2379,7626,card,bank_decline,24,4,62,0,12,1,0
PAY04733,CUST1495,13533,wallet,authentication_failed,16,8,44,1,9,1,0
PAY04734,CUST2682,23837,wallet,network_timeout,7,1,80,1,8,1,1
PAY04735,CUST2961,39482,wallet,network_timeout,29,6,31,1,5,1,1
PAY04736,CUST1962,16547,wallet,bank_decline,15,4,30,1,20,0,1
PAY04737,CUST0326,9380,upi,technical_error,8,8,58,1,11,1,1
PAY04738,CUST0298,40787,card,technical_error,24,8,60,1,11,1,1
PAY04739,CUST2428,43931,upi,insufficient_balance,23,2,76,0,20,0,1
PAY04740,CUST0245,21313,card,expired_card,9,5,14,1,7,1,0
PAY04741,CUST1320,36179,netbanking,expired_card,1,5,72,0,18,0,1
PAY04742,CUST1136,19951,upi,expired_card,13,2,84,1,3,0,1
PAY04743,CUST0772,40081,upi,insufficient_balance,30,0,52,1,7,0,1
PAY04744,CUST1524,12863,netbanking,technical_error,30,7,40,0,18,1,0
PAY04745,CUST0641,33115,upi,authentication_failed,22,1,76,1,0,1,1
PAY04746,CUST2295,32133,netbanking,authentication_failed,15,8,83,0,22,1,0
PAY04747,CUST0780,30578,wallet,insufficient_balance,1,7,58,0,18,0,0
PAY04748,CUST1792,25319,wallet,network_timeout,18,7,84,1,16,1,1
PAY04749,CUST1373,829,card,authentication_failed,20,4,35,1,21,0,1
PAY04750,CUST1818,46254,upi,technical_error,12,2,78,0,21,0,1
PAY04751,CUST0071,29030,upi,authentication_failed,5,2,51,1,4,1,1
PAY04752,CUST2117,10476,netbanking,expired_card,12,3,2,1,19,1,1
PAY04753,CUST2748,5238,netbanking,bank_decline,15,1,8,1,14,1,1
PAY04754,CUST0833,38376,wallet,insufficient_balance,8,5,70,0,22,1,1
PAY04755,CUST2747,2347,netbanking,network_timeout,15,5,40,0,22,0,0
PAY04756,CUST1494,12931,wallet,expired_card,19,7,18,1,16,0,1
PAY04757,CUST2537,24411,card,bank_decline,23,0,44,0,6,0,1
PAY04758,CUST1675,39815,wallet,bank_decline,5,1,16,0,10,1,0
PAY04759,CUST2243,15981,wallet,network_timeout,26,2,61,1,7,1,1
PAY04760,CUST2332,36586,upi,network_timeout,9,2,39,0,7,1,0
PAY04761,CUST0424,31520,upi,network_timeout,27,6,88,0,18,0,1
PAY04762,CUST2168,24478,upi,network_timeout,13,8,33,0,13,0,0
PAY04763,CUST1735,29135,upi,insufficient_balance,17,6,54,1,21,1,0
PAY04764,CUST0189,26254,wallet,bank_decline,11,5,72,1,14,0,1
PAY04765,CUST1340,19145,card,network_timeout,10,7,61,0,11,0,1
PAY04766,CUST1203,2662,upi,expired_card,22,8,83,0,0,1,1
PAY04767,CUST1333,34742,wallet,insufficient_balance,6,5,62,1,11,1,0
PAY04768,CUST2578,9863,card,technical_error,0,2,36,0,0,1,1
PAY04769,CUST0351,24338,card,bank_decline,23,4,74,0,3,1,1
PAY04770,CUST1553,1002,card,bank_decline,24,1,11,1,20,1,1
PAY04771,CUST2580,25161,wallet,network_timeout,7,4,2,1,14,1,1
PAY04772,CUST0185,2858,card,expired_card,10,8,38,0,20,0,0
PAY04773,CUST0533,41138,wallet,network_timeout,12,0,83,1,9,1,1
PAY04774,CUST2556,15959,netbanking,bank_decline,20,5,89,0,21,0,1
PAY04775,CUST2685,25904,upi,technical_error,6,6,37,1,4,0,1
PAY04776,CUST1247,23877,netbanking,technical_error,29,1,62,0,16,0,1
PAY04777,CUST0966,23003,card,expired_card,27,2,33,1,20,1,1
PAY04778,CUST1645,46129,upi,authentication_failed,19,0,5,0,8,1,1
PAY04779,CUST0868,38877,card,expired_card,22,8,69,1,15,0,0
PAY04780,CUST1296,6947,netbanking,network_timeout,21,6,14,1,1,1,1
PAY04781,CUST0864,4917,wallet,network_timeout,30,8,14,1,13,0,1
PAY04782,CUST0913,1267,upi,authentication_failed,17,4,48,0,21,0,1
PAY04783,CUST2251,6386,netbanking,network_timeout,3,6,32,1,8,1,0
PAY04784,CUST1578,10157,netbanking,bank_decline,7,1,19,1,7,1,1
PAY04785,CUST0443,8438,wallet,bank_decline,18,8,57,1,5,0,0
PAY04786,CUST2393,23342,wallet,authentication_failed,20,4,62,1,11,0,1
PAY04787,CUST2275,4027,wallet,network_timeout,14,3,83,0,2,1,0
PAY04788,CUST2032,6263,wallet,network_timeout,28,4,22,1,2,1,0
PAY04789,CUST1035,29446,card,bank_decline,10,0,33,1,3,1,1
PAY04790,CUST0760,28289,netbanking,expired_card,30,5,87,0,19,1,1
PAY04791,CUST2442,18830,netbanking,expired_card,2,1,28,1,17,0,1
PAY04792,CUST1042,39089,wallet,bank_decline,4,0,77,0,17,0,1
PAY04793,CUST1820,16256,wallet,expired_card,23,2,39,0,15,1,1
PAY04794,CUST0010,46305,wallet,expired_card,21,1,39,1,8,1,1
PAY04795,CUST0014,11264,wallet,authentication_failed,3,3,45,0,9,0,0
PAY04796,CUST1334,23248,netbanking,bank_decline,2,8,25,0,13,0,0
PAY04797,CUST0362,13719,netbanking,network_timeout,27,5,44,0,0,1,1
PAY04798,CUST1119,8785,netbanking,insufficient_balance,27,7,43,0,11,1,0
PAY04799,CUST2217,33085,card,technical_error,28,4,82,0,22,0,1
PAY04800,CUST1797,10346,wallet,network_timeout,4,6,24,0,9,0,1
PAY04801,CUST2836,43613,upi,authentication_failed,19,3,62,0,23,0,1
PAY04802,CUST0621,26754,wallet,insufficient_balance,14,3,31,0,13,0,1
PAY04803,CUST1839,29404,wallet,bank_decline,9,6,78,1,16,0,1
PAY04804,CUST2379,41686,netbanking,bank_decline,17,7,81,1,9,0,0
PAY04805,CUST2356,19074,netbanking,technical_error,19,3,9,0,13,1,0
PAY04806,CUST1420,41859,wallet,insufficient_balance,27,6,52,1,22,0,1
PAY04807,CUST2813,21748,upi,bank_decline,20,6,56,0,5,0,0
PAY04808,CUST0784,5057,wallet,network_timeout,28,3,13,1,14,0,0
PAY04809,CUST1399,16046,netbanking,network_timeout,29,3,70,0,6,0,1
PAY04810,CUST0418,42972,netbanking,authentication_failed,30,1,65,0,3,1,0
PAY04811,CUST1650,18420,card,insufficient_balance,7,6,17,0,3,0,0
PAY04812,CUST2052,34736,netbanking,insufficient_balance,2,1,45,1,21,0,0
PAY04813,CUST2308,31821,card,expired_card,15,3,33,0,10,0,1
PAY04814,CUST0089,44254,wallet,bank_decline,0,8,53,0,7,1,0
PAY04815,CUST1447,4006,netbanking,bank_decline,1,2,52,0,4,1,1
PAY04816,CUST2026,36288,upi,insufficient_balance,29,5,13,0,13,0,0
PAY04817,CUST1003,22208,card,bank_decline,4,1,7,1,1,0,0
PAY04818,CUST1324,31561,wallet,authentication_failed,0,6,17,0,1,1,1
PAY04819,CUST2632,23287,upi,bank_decline,16,6,53,1,1,0,1
PAY04820,CUST1716,36298,card,bank_decline,17,2,14,1,1,1,1
PAY04821,CUST0926,30970,upi,network_timeout,16,7,10,1,6,0,1
PAY04822,CUST0799,40674,card,technical_error,28,2,3,0,10,1,1
PAY04823,CUST0726,26170,card,bank_decline,0,2,83,1,15,1,1
PAY04824,CUST2104,21488,wallet,technical_error,16,8,67,0,2,0,1
PAY04825,CUST0690,30367,upi,technical_error,3,5,22,0,19,0,1
PAY04826,CUST0709,8959,wallet,authentication_failed,21,2,41,1,1,0,1
PAY04827,CUST1216,38940,upi,technical_error,21,4,62,1,9,0,1
PAY04828,CUST2626,5691,wallet,expired_card,11,4,58,0,1,1,1
PAY04829,CUST2578,37716,upi,authentication_failed,8,6,27,1,13,0,0
PAY04830,CUST1959,23062,netbanking,authentication_failed,20,5,82,0,8,1,1
PAY04831,CUST2229,16091,wallet,expired_card,1,0,63,1,1,0,0
PAY04832,CUST2998,12439,card,bank_decline,25,2,12,0,7,1,0
PAY04833,CUST2407,46408,card,expired_card,6,3,30,0,11,1,1
PAY04834,CUST2379,27659,netbanking,network_timeout,3,0,10,1,12,0,1
PAY04835,CUST0372,40606,upi,insufficient_balance,10,2,0,1,5,0,1
PAY04836,CUST1570,3675,upi,network_timeout,12,4,16,1,12,0,1
PAY04837,CUST0947,7765,wallet,network_timeout,9,0,70,0,6,0,1
PAY04838,CUST0032,4281,wallet,network_timeout,22,7,15,1,10,1,1
PAY04839,CUST1025,3127,netbanking,network_timeout,19,5,3,0,19,0,1
PAY04840,CUST0024,49716,netbanking,bank_decline,24,7,29,1,5,1,0
PAY04841,CUST0926,24007,netbanking,network_timeout,15,6,30,1,5,1,0
PAY04842,CUST0449,15816,card,insufficient_balance,22,2,67,1,15,0,0
PAY04843,CUST0223,26108,wallet,expired_card,23,6,2,0,9,0,0
PAY04844,CUST0792,24107,wallet,bank_decline,14,4,10,1,18,0,1
PAY04845,CUST1505,30955,card,bank_decline,10,3,19,0,22,1,0
PAY04846,CUST2795,40997,wallet,authentication_failed,25,5,20,1,3,1,1
PAY04847,CUST2159,30547,card,bank_decline,26,8,31,0,15,0,1
PAY04848,CUST1300,7526,card,network_timeout,8,2,33,0,5,1,1
PAY04849,CUST2875,32917,netbanking,expired_card,28,4,53,1,6,0,0
PAY04850,CUST2756,13462,wallet,network_timeout,29,7,33,0,18,0,1
PAY04851,CUST2796,26961,wallet,technical_error,10,4,40,0,17,1,0
PAY04852,CUST1949,48614,card,insufficient_balance,8,0,15,0,15,1,1
PAY04853,CUST0366,30345,card,bank_decline,3,3,83,0,3,0,1
PAY04854,CUST2753,8339,wallet,insufficient_balance,17,3,11,0,14,0,1
PAY04855,CUST0122,16116,netbanking,bank_decline,18,6,45,1,8,0,0
PAY04856,CUST0126,4271,card,authentication_failed,24,5,37,0,12,0,1
PAY04857,CUST2907,28784,upi,expired_card,2,1,53,1,6,1,1
PAY04858,CUST2821,11406,netbanking,authentication_failed,22,1,15,1,15,1,0
PAY04859,CUST1195,43280,wallet,bank_decline,4,4,67,0,4,0,1
PAY04860,CUST0256,42319,wallet,expired_card,4,1,10,1,16,1,0
PAY04861,CUST1640,3692,upi,technical_error,25,5,12,1,19,0,1
PAY04862,CUST0976,18389,wallet,bank_decline,10,2,8,1,9,1,0
PAY04863,CUST1054,21382,upi,insufficient_balance,3,6,34,1,0,1,0
PAY04864,CUST0139,21306,netbanking,network_timeout,3,3,60,0,7,1,1
PAY04865,CUST2625,27971,upi,authentication_failed,3,0,63,0,20,1,1
PAY04866,CUST2194,28164,netbanking,bank_decline,23,6,6,0,17,0,0
PAY04867,CUST0057,18075,card,authentication_failed,21,5,81,1,20,1,1
PAY04868,CUST2001,20182,wallet,insufficient_balance,7,4,89,0,11,1,1
PAY04869,CUST1019,28412,wallet,network_timeout,3,6,64,1,4,1,0
PAY04870,CUST0989,5113,wallet,expired_card,1,4,0,0,15,0,1
PAY04871,CUST0339,49096,card,technical_error,10,6,71,1,8,0,1
PAY04872,CUST2541,23592,upi,technical_error,0,5,84,1,1,1,1
PAY04873,CUST1979,37489,upi,technical_error,2,8,34,1,23,0,1
PAY04874,CUST1600,26197,card,bank_decline,30,3,77,0,9,0,0
PAY04875,CUST1745,41744,card,network_timeout,19,5,34,0,22,1,1
PAY04876,CUST0728,48575,wallet,technical_error,20,0,65,0,12,0,1
PAY04877,CUST0365,8143,upi,authentication_failed,26,1,58,1,19,0,1
PAY04878,CUST2271,9833,upi,insufficient_balance,7,1,23,1,12,1,1
PAY04879,CUST2042,9078,netbanking,network_timeout,26,3,66,1,13,0,1
PAY04880,CUST1740,11559,wallet,authentication_failed,3,4,11,0,8,0,1
PAY04881,CUST2035,42875,wallet,insufficient_balance,4,3,40,1,7,1,1
PAY04882,CUST1042,11889,card,authentication_failed,28,4,19,0,19,1,1
PAY04883,CUST0759,2373,wallet,technical_error,7,7,33,0,11,1,0
PAY04884,CUST0269,40575,netbanking,insufficient_balance,10,0,84,1,18,0,1
PAY04885,CUST2717,21727,upi,authentication_failed,25,0,73,1,11,1,1
PAY04886,CUST2025,39932,upi,bank_decline,9,2,62,0,14,1,0
PAY04887,CUST1859,9862,upi,technical_error,23,1,54,0,4,0,1
PAY04888,CUST0349,15786,netbanking,network_timeout,3,1,30,0,1,0,1
PAY04889,CUST0121,31257,netbanking,insufficient_balance,11,0,22,1,12,1,1
PAY04890,CUST2152,18997,card,insufficient_balance,6,2,16,0,7,0,1
PAY04891,CUST0137,36650,wallet,insufficient_balance,16,5,90,1,1,1,1
PAY04892,CUST0849,38423,card,insufficient_balance,15,0,67,1,17,1,1
PAY04893,CUST2127,13541,wallet,technical_error,5,1,28,0,13,0,1
PAY04894,CUST0576,24727,card,technical_error,0,3,57,0,11,0,1
PAY04895,CUST2559,15296,card,bank_decline,26,8,38,1,22,0,0
PAY04896,CUST2214,304,upi,bank_decline,20,4,83,1,23,0,1
PAY04897,CUST2228,8180,card,insufficient_balance,25,3,57,0,21,1,1
PAY04898,CUST2355,17570,wallet,insufficient_balance,9,5,40,1,0,1,1
PAY04899,CUST2000,1099,card,expired_card,29,3,45,1,20,0,1
PAY04900,CUST0838,17388,card,authentication_failed,3,8,3,0,18,0,1
PAY04901,CUST2120,21203,card,insufficient_balance,23,8,35,1,15,0,1
PAY04902,CUST1396,33880,wallet,authentication_failed,11,3,59,0,11,1,1
PAY04903,CUST1208,6674,netbanking,insufficient_balance,6,0,57,0,12,1,1
PAY04904,CUST1705,44734,wallet,network_timeout,20,6,27,0,2,0,1
PAY04905,CUST2348,4627,wallet,authentication_failed,2,1,75,1,10,0,0
PAY04906,CUST0105,39091,upi,bank_decline,6,1,24,1,21,0,1
PAY04907,CUST0944,32059,wallet,technical_error,2,7,1,0,15,0,1
PAY04908,CUST0113,27242,card,technical_error,18,2,6,0,9,1,1
PAY04909,CUST2120,8592,card,bank_decline,4,1,50,0,8,1,1
PAY04910,CUST2838,19667,upi,expired_card,13,8,34,1,7,0,0
PAY04911,CUST1476,21154,card,bank_decline,30,5,17,0,10,0,1
PAY04912,CUST1576,29011,card,insufficient_balance,0,7,20,0,19,1,0
PAY04913,CUST1953,36061,card,insufficient_balance,10,5,1,0,18,1,1
PAY04914,CUST2211,49085,netbanking,expired_card,10,6,41,1,23,0,0
PAY04915,CUST2987,29411,netbanking,expired_card,5,0,40,1,1,1,1
PAY04916,CUST0348,24342,netbanking,bank_decline,15,4,1,0,1,0,1
PAY04917,CUST2988,25892,wallet,expired_card,19,3,4,0,2,0,1
PAY04918,CUST1055,41235,card,expired_card,27,0,44,0,12,1,1
PAY04919,CUST0079,37515,card,expired_card,25,4,55,1,9,1,0
PAY04920,CUST0023,3312,card,network_timeout,28,4,4,0,9,1,1
PAY04921,CUST1044,23613,netbanking,technical_error,14,6,67,0,9,1,0
PAY04922,CUST1438,11267,netbanking,bank_decline,0,4,70,0,9,1,1
PAY04923,CUST1741,8917,netbanking,bank_decline,13,0,10,0,16,0,1
PAY04924,CUST2854,30935,netbanking,authentication_failed,2,1,64,0,5,0,0
PAY04925,CUST1574,23227,upi,authentication_failed,21,5,7,0,11,1,1
PAY04926,CUST2465,1574,netbanking,insufficient_balance,3,5,2,1,2,1,1
PAY04927,CUST1052,4763,wallet,authentication_failed,8,7,61,1,6,0,0
PAY04928,CUST2564,2712,upi,insufficient_balance,22,3,15,1,12,1,1
PAY04929,CUST0238,10727,netbanking,expired_card,30,6,12,1,16,1,1
PAY04930,CUST1199,18323,wallet,technical_error,13,4,46,0,8,1,0
PAY04931,CUST0345,43634,upi,insufficient_balance,16,1,11,0,14,0,1
PAY04932,CUST1114,48982,netbanking,bank_decline,29,2,74,1,23,1,1
PAY04933,CUST2354,6150,netbanking,expired_card,16,4,2,0,18,1,0
PAY04934,CUST1575,22366,netbanking,bank_decline,7,2,82,1,17,1,1
PAY04935,CUST2295,1298,wallet,insufficient_balance,15,6,85,1,13,1,1
PAY04936,CUST2344,30903,upi,bank_decline,16,0,41,0,8,0,1
PAY04937,CUST1437,7408,card,technical_error,14,1,54,0,17,1,1
PAY04938,CUST1256,29036,wallet,bank_decline,13,6,88,1,1,0,0
PAY04939,CUST2410,7996,upi,expired_card,5,6,32,0,10,0,1
PAY04940,CUST0464,29481,wallet,technical_error,15,0,67,1,13,1,1
PAY04941,CUST1305,37793,card,network_timeout,20,5,83,1,23,0,1
PAY04942,CUST2422,42837,wallet,bank_decline,1,4,35,1,15,1,0
PAY04943,CUST0455,17905,card,expired_card,25,7,59,0,4,1,1
PAY04944,CUST0075,45792,card,expired_card,11,4,32,1,1,1,1
PAY04945,CUST1878,21318,upi,expired_card,12,3,62,1,8,1,0
PAY04946,CUST1463,22161,netbanking,authentication_failed,21,7,49,1,6,0,0
PAY04947,CUST1386,45309,netbanking,insufficient_balance,0,5,3,1,6,0,0
PAY04948,CUST2810,29546,upi,bank_decline,29,7,16,0,15,1,1
PAY04949,CUST2343,21529,wallet,network_timeout,30,8,74,1,5,1,0
PAY04950,CUST1652,1597,upi,bank_decline,29,6,78,0,20,0,1
PAY04951,CUST1904,28619,netbanking,expired_card,17,2,82,1,6,1,1
PAY04952,CUST0190,3811,wallet,technical_error,26,6,13,1,11,0,1
PAY04953,CUST1959,32588,wallet,authentication_failed,16,4,17,1,15,0,1
PAY04954,CUST1721,18969,card,technical_error,3,6,24,1,18,1,0
PAY04955,CUST0089,45096,wallet,insufficient_balance,10,2,44,0,3,1,1
PAY04956,CUST2484,4946,netbanking,bank_decline,19,7,67,0,15,0,1
PAY04957,CUST0853,3604,wallet,authentication_failed,1,0,67,0,6,0,1
PAY04958,CUST1262,48397,card,insufficient_balance,6,7,38,0,5,1,1
PAY04959,CUST2352,47030,upi,expired_card,19,4,12,0,2,1,1
PAY04960,CUST2756,37928,netbanking,technical_error,19,1,15,0,18,1,1
PAY04961,CUST1723,17325,card,insufficient_balance,2,1,69,0,17,1,1
PAY04962,CUST2456,6288,netbanking,bank_decline,29,5,75,1,3,0,1
PAY04963,CUST2677,9608,card,insufficient_balance,26,3,72,0,11,1,1
PAY04964,CUST1771,44662,wallet,authentication_failed,18,4,19,0,18,1,0
PAY04965,CUST0774,36644,upi,authentication_failed,15,5,86,1,5,1,1
PAY04966,CUST1577,15981,wallet,authentication_failed,15,3,39,1,1,0,1
PAY04967,CUST0040,48008,upi,bank_decline,15,2,87,0,14,0,0
PAY04968,CUST0306,26381,upi,expired_card,1,5,45,0,5,1,1
PAY04969,CUST1817,40561,upi,expired_card,27,4,86,0,22,1,0
PAY04970,CUST0589,25958,wallet,authentication_failed,15,3,65,1,19,0,1
PAY04971,CUST0703,34609,wallet,bank_decline,5,8,62,1,8,1,0
PAY04972,CUST2206,25236,card,network_timeout,9,0,56,1,22,0,1
PAY04973,CUST2445,24817,wallet,expired_card,5,4,12,1,15,0,1
PAY04974,CUST0305,43728,card,insufficient_balance,0,4,2,1,2,0,0
PAY04975,CUST1885,6803,card,insufficient_balance,19,4,31,0,14,0,1
PAY04976,CUST0738,27778,netbanking,bank_decline,16,1,37,1,7,1,1
PAY04977,CUST1302,2063,card,technical_error,6,5,26,0,21,0,1
PAY04978,CUST0125,7558,netbanking,technical_error,9,5,50,1,7,0,1
PAY04979,CUST0897,31370,card,authentication_failed,1,1,85,1,8,0,1
PAY04980,CUST0378,29657,netbanking,bank_decline,30,0,63,0,0,0,1
PAY04981,CUST0425,46345,wallet,insufficient_balance,14,3,30,1,20,0,0
PAY04982,CUST0342,473,card,authentication_failed,28,4,72,0,13,0,1
PAY04983,CUST0315,36249,upi,insufficient_balance,30,4,1,0,13,0,1
PAY04984,CUST0855,34455,wallet,expired_card,8,6,51,0,5,1,1
PAY04985,CUST0349,17850,upi,expired_card,17,0,35,1,2,0,1
PAY04986,CUST2282,46710,card,network_timeout,30,4,43,0,2,1,1
PAY04987,CUST0993,4690,card,technical_error,30,5,78,1,1,0,1
PAY04988,CUST1974,26722,upi,authentication_failed,27,4,63,1,19,1,1
PAY04989,CUST1709,3356,netbanking,expired_card,29,8,42,1,4,1,1
PAY04990,CUST1935,23033,card,expired_card,5,2,39,1,8,0,0
PAY04991,CUST1585,38809,netbanking,authentication_failed,23,8,53,0,23,1,1
PAY04992,CUST1383,16998,card,authentication_failed,16,2,63,1,3,0,1
PAY04993,CUST1230,36915,card,bank_decline,1,5,71,0,2,1,0
PAY04994,CUST2750,21747,netbanking,bank_decline,1,8,21,1,15,1,0
PAY04995,CUST1336,3156,netbanking,expired_card,23,4,11,1,8,0,1
PAY04996,CUST2557,17177,upi,authentication_failed,12,7,80,0,16,0,1
PAY04997,CUST2868,22811,card,network_timeout,10,1,29,1,21,1,1
PAY04998,CUST0725,27016,netbanking,technical_error,30,7,5,1,4,1,1
PAY04999,CUST0258,27034,card,expired_card,4,0,56,1,21,0,0
PAY05000,CUST1799,42919,card,network_timeout,13,8,9,1,7,1,1
PAY05001,CUST1475,37899,wallet,insufficient_balance,21,3,76,1,12,1,1
PAY05002,CUST0430,44872,card,expired_card,8,1,58,0,10,0,1
PAY05003,CUST0120,32495,wallet,network_timeout,2,7,44,0,22,0,1
PAY05004,CUST0023,29511,wallet,technical_error,8,2,64,1,11,1,1
PAY05005,CUST1871,28726,card,technical_error,20,6,61,1,1,1,0
PAY05006,CUST1753,32088,upi,authentication_failed,2,2,22,0,9,0,1
PAY05007,CUST1061,13554,card,authentication_failed,18,2,14,1,5,1,1
PAY05008,CUST0724,48945,netbanking,technical_error,15,8,28,0,13,1,0
PAY05009,CUST1149,45196,card,technical_error,21,1,21,0,11,1,1
PAY05010,CUST1174,45193,wallet,authentication_failed,28,6,75,0,2,0,0
PAY05011,CUST2750,10924,netbanking,bank_decline,25,2,7,0,13,0,1
PAY05012,CUST0060,36757,card,insufficient_balance,11,7,84,0,2,1,0
PAY05013,CUST2659,11136,card,authentication_failed,20,6,30,1,1,0,0
PAY05014,CUST1523,22188,netbanking,technical_error,3,5,15,1,14,1,1
PAY05015,CUST0315,28647,wallet,insufficient_balance,18,6,44,1,23,0,1
PAY05016,CUST1581,3661,upi,expired_card,7,6,65,1,6,0,0
PAY05017,CUST0249,40655,upi,insufficient_balance,10,4,46,0,17,0,1
PAY05018,CUST1587,40368,netbanking,network_timeout,19,7,71,1,6,1,1
PAY05019,CUST0397,35215,upi,authentication_failed,28,4,15,0,1,0,1
PAY05020,CUST1791,25626,netbanking,technical_error,9,8,36,0,22,0,0
PAY05021,CUST0112,49675,card,expired_card,13,0,28,1,20,1,1
PAY05022,CUST0006,46559,wallet,network_timeout,12,4,72,0,15,1,1
PAY05023,CUST2556,448,netbanking,expired_card,14,0,81,1,23,0,0
PAY05024,CUST0237,17323,wallet,network_timeout,4,7,83,0,5,1,1
PAY05025,CUST1743,17328,netbanking,network_timeout,6,0,87,0,10,0,0
PAY05026,CUST0485,40940,netbanking,bank_decline,10,4,61,0,17,0,0
PAY05027,CUST2220,18630,upi,bank_decline,9,0,48,0,16,0,1
PAY05028,CUST2054,21432,card,bank_decline,5,5,40,0,5,0,0
PAY05029,CUST1518,45547,upi,technical_error,11,1,40,1,1,0,1
PAY05030,CUST0773,21692,upi,expired_card,14,1,11,1,17,1,1
PAY05031,CUST2755,49957,netbanking,network_timeout,23,5,15,0,19,0,1
PAY05032,CUST2174,41722,netbanking,network_timeout,16,0,45,0,9,0,1
PAY05033,CUST0521,1546,card,bank_decline,8,0,35,1,2,1,1
PAY05034,CUST1753,38142,upi,insufficient_balance,25,2,60,1,22,0,1
PAY05035,CUST1568,36915,netbanking,bank_decline,7,8,59,0,1,0,0
PAY05036,CUST2763,24324,upi,insufficient_balance,19,0,48,0,11,1,1
PAY05037,CUST0814,27065,card,bank_decline,2,2,38,0,6,1,1
PAY05038,CUST0841,40060,netbanking,technical_error,2,2,82,1,17,0,0
PAY05039,CUST2325,14637,wallet,bank_decline,18,4,24,1,9,0,0
PAY05040,CUST1752,23033,upi,network_timeout,21,4,40,1,11,1,0
PAY05041,CUST2261,49948,card,expired_card,1,8,74,1,3,1,1
PAY05042,CUST1563,46056,upi,authentication_failed,29,1,68,1,19,1,1
PAY05043,CUST1683,15059,upi,authentication_failed,24,0,16,0,0,1,1
PAY05044,CUST0638,13875,upi,insufficient_balance,22,8,67,0,3,1,0
PAY05045,CUST0017,9614,netbanking,network_timeout,19,2,63,0,8,0,1
PAY05046,CUST0100,20438,upi,technical_error,29,6,48,1,16,1,1
PAY05047,CUST1915,2728,wallet,authentication_failed,4,6,5,0,14,1,0
PAY05048,CUST1953,48183,wallet,bank_decline,6,6,64,0,11,0,0
PAY05049,CUST1989,12783,card,technical_error,24,8,18,0,6,0,1
PAY05050,CUST2312,30272,card,network_timeout,19,8,21,1,14,1,1
PAY05051,CUST0207,41446,wallet,expired_card,3,8,88,1,4,0,0
PAY05052,CUST0014,37025,wallet,insufficient_balance,12,7,67,0,16,0,0
PAY05053,CUST1736,35780,wallet,network_timeout,0,6,51,0,5,1,0
PAY05054,CUST2409,3176,netbanking,authentication_failed,27,2,47,0,17,1,1
PAY05055,CUST1546,21237,card,bank_decline,17,1,86,1,19,0,1
PAY05056,CUST0643,41472,netbanking,network_timeout,21,7,77,1,0,0,1
PAY05057,CUST0506,2805,card,technical_error,6,4,71,0,19,1,1
PAY05058,CUST2972,17039,netbanking,technical_error,14,8,73,0,8,0,1
PAY05059,CUST0789,16810,wallet,expired_card,17,6,88,1,23,0,1
PAY05060,CUST1585,4024,upi,network_timeout,6,1,85,0,13,1,1
PAY05061,CUST2979,27298,netbanking,network_timeout,10,7,81,1,7,0,0
PAY05062,CUST2176,32782,card,authentication_failed,6,7,67,0,20,1,1
PAY05063,CUST2892,15907,wallet,network_timeout,4,6,67,1,0,1,1
PAY05064,CUST0329,21965,netbanking,bank_decline,17,1,30,1,6,0,1
PAY05065,CUST1163,11050,card,bank_decline,21,5,49,0,8,1,1
PAY05066,CUST2434,39571,netbanking,authentication_failed,8,3,25,0,15,0,1
PAY05067,CUST1842,14913,card,expired_card,20,7,52,1,4,0,0
PAY05068,CUST2163,20344,card,bank_decline,16,4,51,1,0,0,1
PAY05069,CUST1361,29081,wallet,expired_card,13,6,17,0,19,1,1
PAY05070,CUST2094,43498,netbanking,bank_decline,10,2,40,1,21,1,1
PAY05071,CUST0614,17340,netbanking,technical_error,25,6,51,1,5,0,1
PAY05072,CUST2346,39887,card,bank_decline,5,2,53,1,19,1,0
PAY05073,CUST0179,28506,card,network_timeout,10,4,13,0,16,0,1
PAY05074,CUST1796,47106,upi,technical_error,13,8,67,0,7,0,1
PAY05075,CUST0832,35252,wallet,insufficient_balance,4,5,82,1,13,1,0
PAY05076,CUST0765,36996,wallet,bank_decline,2,0,29,1,12,1,1
PAY05077,CUST2037,17708,card,technical_error,29,4,25,1,20,0,1
PAY05078,CUST2892,20115,upi,bank_decline,4,7,29,1,0,1,0
PAY05079,CUST0129,3526,card,insufficient_balance,26,6,52,1,12,0,1
PAY05080,CUST2399,28538,card,expired_card,19,0,72,0,0,0,1
PAY05081,CUST2447,7071,wallet,bank_decline,11,5,39,1,9,0,1
PAY05082,CUST0159,3683,card,bank_decline,28,8,34,1,4,1,0
PAY05083,CUST2979,19637,upi,network_timeout,29,5,23,0,10,1,0
PAY05084,CUST2812,13043,card,bank_decline,24,3,20,0,13,1,0
PAY05085,CUST1530,26305,card,network_timeout,23,7,7,1,2,0,1
PAY05086,CUST2027,6208,upi,authentication_failed,29,4,0,0,11,0,1
PAY05087,CUST0092,26782,netbanking,insufficient_balance,4,7,53,1,7,1,1
PAY05088,CUST2357,42459,netbanking,authentication_failed,13,5,17,1,21,1,1
PAY05089,CUST0250,21063,upi,expired_card,15,7,86,1,2,0,1
PAY05090,CUST1685,1074,upi,technical_error,11,5,24,1,10,1,1
PAY05091,CUST2456,41998,wallet,expired_card,18,2,7,1,23,0,1
PAY05092,CUST2758,22661,netbanking,insufficient_balance,30,8,21,0,1,0,1
PAY05093,CUST1636,18042,upi,network_timeout,29,3,80,0,19,1,0
PAY05094,CUST1876,46296,netbanking,expired_card,20,4,29,0,22,0,1
PAY05095,CUST2430,46120,netbanking,expired_card,21,7,67,1,15,1,0
PAY05096,CUST2898,3625,netbanking,bank_decline,30,7,16,1,20,1,0
PAY05097,CUST2947,18053,wallet,insufficient_balance,25,8,27,1,3,0,0
PAY05098,CUST1680,29635,card,network_timeout,1,7,71,1,9,0,1
PAY05099,CUST2514,33383,upi,technical_error,18,3,8,1,20,1,1
PAY05100,CUST0538,8036,upi,technical_error,4,6,45,1,19,1,1
PAY05101,CUST0207,11892,netbanking,technical_error,18,1,0,1,20,1,1
PAY05102,CUST1924,37046,card,expired_card,24,8,33,0,8,1,0
PAY05103,CUST1552,23055,card,authentication_failed,4,3,36,0,8,1,1
PAY05104,CUST0229,47071,wallet,authentication_failed,0,8,2,1,20,0,0
PAY05105,CUST0292,48186,upi,technical_error,10,4,30,1,14,1,1
PAY05106,CUST1336,40691,card,authentication_failed,15,3,88,0,4,0,1
PAY05107,CUST0301,41857,card,network_timeout,5,6,39,0,3,0,1
PAY05108,CUST1309,16879,netbanking,bank_decline,17,8,74,0,14,1,0
PAY05109,CUST0213,32054,card,expired_card,27,0,56,0,19,1,0
PAY05110,CUST2644,47386,card,authentication_failed,12,2,49,0,5,1,0
PAY05111,CUST1658,11850,netbanking,authentication_failed,21,3,16,1,10,1,0
PAY05112,CUST0627,317,wallet,technical_error,16,0,32,1,1,1,1
PAY05113,CUST2103,40831,upi,bank_decline,19,8,63,1,21,1,0
PAY05114,CUST0668,45999,upi,technical_error,18,6,24,1,18,0,0
PAY05115,CUST2127,19796,netbanking,expired_card,8,1,86,0,16,1,1
PAY05116,CUST1853,47168,upi,technical_error,5,6,18,0,3,1,0
PAY05117,CUST1442,6958,netbanking,technical_error,23,5,21,1,9,1,1
PAY05118,CUST2226,48661,wallet,network_timeout,11,5,28,0,6,0,1
PAY05119,CUST2653,29327,upi,network_timeout,25,3,82,1,15,1,1
PAY05120,CUST1569,4266,wallet,authentication_failed,3,7,48,1,20,0,0
PAY05121,CUST0584,7476,card,network_timeout,25,0,21,1,16,1,1
PAY05122,CUST1261,43544,netbanking,technical_error,21,7,7,0,11,0,0
PAY05123,CUST2608,8307,netbanking,insufficient_balance,16,0,83,1,6,0,1
PAY05124,CUST2516,45986,card,expired_card,28,3,63,1,19,0,1
PAY05125,CUST0699,47953,wallet,authentication_failed,18,2,90,1,9,1,0
PAY05126,CUST0768,11830,wallet,technical_error,21,7,40,0,2,0,0
PAY05127,CUST1426,10816,netbanking,insufficient_balance,17,7,17,0,14,1,0
PAY05128,CUST1828,39591,upi,authentication_failed,3,4,83,1,8,1,1
PAY05129,CUST0472,39009,wallet,authentication_failed,8,5,86,1,5,1,1
PAY05130,CUST2741,13371,netbanking,network_timeout,30,2,63,1,21,0,1
PAY05131,CUST1454,29621,upi,authentication_failed,20,6,67,1,0,1,0
PAY05132,CUST0241,21103,card,technical_error,4,5,11,0,0,0,1
PAY05133,CUST0368,42896,wallet,bank_decline,4,0,61,1,18,0,1
PAY05134,CUST1122,18307,netbanking,bank_decline,13,1,79,1,12,1,1
PAY05135,CUST2812,24770,card,network_timeout,23,5,6,1,7,1,0
PAY05136,CUST0007,5419,card,insufficient_balance,12,5,43,1,12,1,1
PAY05137,CUST1891,24357,wallet,authentication_failed,27,6,46,1,6,0,0
PAY05138,CUST2409,42232,wallet,bank_decline,9,1,7,1,0,1,1
PAY05139,CUST2129,21361,card,authentication_failed,4,3,31,0,19,1,1
PAY05140,CUST1746,49956,upi,network_timeout,9,7,81,0,13,0,0
PAY05141,CUST1537,22016,upi,bank_decline,7,0,41,0,9,0,0
PAY05142,CUST2225,39186,card,bank_decline,22,8,8,1,4,0,0
PAY05143,CUST0256,37816,wallet,network_timeout,11,0,61,0,1,1,1
PAY05144,CUST1631,8079,wallet,technical_error,1,3,55,1,1,1,0
PAY05145,CUST2361,3940,netbanking,network_timeout,3,7,84,1,14,1,1
PAY05146,CUST2764,13386,card,technical_error,18,4,52,1,1,1,0
PAY05147,CUST2758,3290,wallet,expired_card,19,6,8,0,4,0,1
PAY05148,CUST0076,33727,wallet,technical_error,16,4,60,1,18,0,0
PAY05149,CUST1049,14307,wallet,expired_card,19,6,67,1,17,1,1
PAY05150,CUST0725,29394,netbanking,technical_error,5,3,1,0,18,1,1
PAY05151,CUST0266,21363,netbanking,bank_decline,26,5,75,1,0,0,1
PAY05152,CUST0797,49979,upi,bank_decline,14,2,84,0,2,1,1
PAY05153,CUST1565,29334,card,expired_card,0,8,20,0,9,1,1
PAY05154,CUST1264,40019,card,authentication_failed,7,7,10,1,10,0,1
PAY05155,CUST2327,18355,upi,authentication_failed,25,3,84,0,11,1,0
PAY05156,CUST2617,15554,wallet,technical_error,2,3,15,0,11,0,1
PAY05157,CUST2100,47752,card,authentication_failed,7,6,74,0,0,1,0
PAY05158,CUST1803,39037,card,expired_card,13,4,36,1,1,1,0
PAY05159,CUST2795,35904,card,expired_card,3,3,78,1,4,1,0
PAY05160,CUST2293,37103,card,authentication_failed,20,1,79,0,13,0,1
PAY05161,CUST0087,40970,wallet,authentication_failed,1,6,66,0,9,1,0
PAY05162,CUST0331,28208,wallet,authentication_failed,12,1,13,1,14,0,1
PAY05163,CUST2496,18339,upi,network_timeout,13,7,6,0,10,1,1
PAY05164,CUST2271,10164,netbanking,authentication_failed,0,4,79,1,15,1,1
PAY05165,CUST2875,31830,upi,expired_card,0,0,29,0,6,0,1
PAY05166,CUST1498,4327,wallet,network_timeout,14,5,75,1,5,0,0
PAY05167,CUST2811,20423,netbanking,authentication_failed,29,7,53,1,20,0,1
PAY05168,CUST2499,17826,netbanking,technical_error,29,3,23,1,2,0,1
PAY05169,CUST0339,756,upi,bank_decline,7,3,33,0,4,1,0
PAY05170,CUST1992,45802,wallet,network_timeout,17,5,73,1,21,0,1
PAY05171,CUST1732,33271,upi,insufficient_balance,19,5,47,1,6,1,1
PAY05172,CUST1049,35372,upi,network_timeout,7,8,81,0,3,0,0
PAY05173,CUST1284,42564,netbanking,bank_decline,12,4,12,1,3,0,1
PAY05174,CUST2551,35860,netbanking,expired_card,25,3,20,0,15,1,1
PAY05175,CUST0058,33145,upi,technical_error,15,3,15,1,10,0,1
PAY05176,CUST1310,9907,upi,insufficient_balance,8,3,32,0,3,0,0
PAY05177,CUST2331,23000,wallet,technical_error,28,6,41,1,5,0,0
PAY05178,CUST2011,13028,upi,expired_card,0,0,53,1,22,1,1
PAY05179,CUST1336,47314,card,expired_card,25,8,21,1,1,1,0
PAY05180,CUST2781,35558,upi,technical_error,12,2,46,1,16,1,1
PAY05181,CUST0737,37884,upi,authentication_failed,23,7,2,1,5,1,1
PAY05182,CUST2076,30445,upi,bank_decline,0,8,7,1,11,0,1
PAY05183,CUST2771,9005,wallet,insufficient_balance,24,3,90,0,13,1,1
PAY05184,CUST1529,1416,card,network_timeout,11,3,17,1,23,0,0
PAY05185,CUST0881,19809,card,expired_card,29,7,61,1,12,1,1
PAY05186,CUST0867,48341,wallet,network_timeout,7,7,75,1,0,0,0
PAY05187,CUST2828,21908,upi,technical_error,5,8,74,0,5,0,0
PAY05188,CUST2682,14714,wallet,expired_card,14,5,24,1,12,1,1
PAY05189,CUST1181,21869,card,insufficient_balance,20,5,49,0,5,0,0
PAY05190,CUST0050,35597,upi,expired_card,24,6,32,1,4,1,0
PAY05191,CUST0500,13842,card,bank_decline,2,8,86,1,1,1,0
PAY05192,CUST2336,38938,upi,technical_error,19,4,43,0,1,1,1
PAY05193,CUST2696,34786,upi,technical_error,23,2,78,0,2,1,1
PAY05194,CUST0597,38256,wallet,network_timeout,9,2,62,1,22,1,1
PAY05195,CUST0434,49265,card,insufficient_balance,13,3,81,0,11,1,1
PAY05196,CUST2452,21927,wallet,insufficient_balance,10,0,87,1,19,1,1
PAY05197,CUST0301,9286,upi,expired_card,5,8,67,0,21,1,1
PAY05198,CUST0128,34525,card,network_timeout,28,0,58,0,9,0,1
PAY05199,CUST0837,46236,wallet,network_timeout,7,6,65,0,16,1,1
PAY05200,CUST2288,43507,netbanking,expired_card,25,4,26,1,4,0,1
PAY05201,CUST0813,11489,wallet,authentication_failed,22,7,63,1,6,0,1
PAY05202,CUST0298,46965,card,authentication_failed,29,8,7,1,7,1,0
PAY05203,CUST2861,15873,card,technical_error,15,7,42,1,16,1,1
PAY05204,CUST0724,7783,card,technical_error,24,0,8,1,8,1,1
PAY05205,CUST0681,39315,card,authentication_failed,30,3,13,0,5,1,0
PAY05206,CUST1462,40674,wallet,expired_card,12,0,27,0,4,0,1
PAY05207,CUST0438,8811,card,bank_decline,16,1,57,0,9,0,0
PAY05208,CUST2881,16123,upi,bank_decline,27,5,67,0,2,1,0
PAY05209,CUST2503,11028,card,bank_decline,6,0,33,0,12,1,0
PAY05210,CUST0534,29822,upi,bank_decline,2,8,72,0,0,1,0
PAY05211,CUST0923,6448,card,network_timeout,28,1,58,0,10,0,0
PAY05212,CUST0924,26114,upi,insufficient_balance,6,8,83,0,2,0,0
PAY05213,CUST2714,29511,card,insufficient_balance,0,8,11,1,0,0,0
PAY05214,CUST1136,25538,wallet,network_timeout,27,3,51,0,14,1,1
PAY05215,CUST0586,32273,upi,network_timeout,20,4,46,0,22,0,1
PAY05216,CUST1778,48322,upi,authentication_failed,21,5,29,0,6,1,1
PAY05217,CUST0112,7442,wallet,authentication_failed,5,6,16,1,2,0,0
PAY05218,CUST1280,37861,netbanking,bank_decline,30,1,62,0,1,1,0
PAY05219,CUST2727,4990,netbanking,network_timeout,6,3,84,0,0,1,1
PAY05220,CUST1816,13404,card,technical_error,26,2,37,0,15,1,1
PAY05221,CUST0383,41893,upi,expired_card,18,6,53,1,7,0,0
PAY05222,CUST2308,3369,upi,bank_decline,7,8,46,1,8,0,0
PAY05223,CUST0907,39750,card,technical_error,10,8,2,0,0,1,1
PAY05224,CUST0418,25780,upi,authentication_failed,12,7,46,0,2,1,0
PAY05225,CUST1764,34146,upi,authentication_failed,3,4,50,1,0,0,1
PAY05226,CUST0923,37950,netbanking,authentication_failed,28,5,46,1,12,1,1
PAY05227,CUST2634,10673,card,network_timeout,16,1,82,0,4,0,1
PAY05228,CUST0693,243,card,bank_decline,11,1,76,0,12,0,0
PAY05229,CUST2433,7446,wallet,expired_card,1,7,43,0,23,0,0
PAY05230,CUST1597,30343,wallet,authentication_failed,11,0,35,1,3,1,1
PAY05231,CUST2653,10552,upi,authentication_failed,20,8,80,1,6,1,0
PAY05232,CUST1417,27951,wallet,insufficient_balance,0,2,0,1,17,1,1
PAY05233,CUST0330,2057,upi,bank_decline,25,5,29,1,15,1,0
PAY05234,CUST1210,5892,netbanking,expired_card,25,2,90,1,3,1,1
PAY05235,CUST1211,22193,upi,network_timeout,27,4,46,1,11,0,1
PAY05236,CUST2294,3437,card,insufficient_balance,20,0,54,1,9,1,1
PAY05237,CUST0802,20752,wallet,expired_card,4,7,88,0,18,1,0
PAY05238,CUST0833,27155,card,network_timeout,30,0,72,0,8,1,1
PAY05239,CUST0233,42369,card,expired_card,22,6,85,1,14,0,0
PAY05240,CUST0618,13083,wallet,network_timeout,14,4,14,1,1,1,1
PAY05241,CUST0053,11071,upi,expired_card,5,5,41,0,21,0,1
PAY05242,CUST0771,16785,card,bank_decline,13,2,23,0,18,1,1
PAY05243,CUST1226,4639,wallet,expired_card,8,0,12,1,7,1,1
PAY05244,CUST2516,2470,netbanking,technical_error,8,8,21,0,14,0,0
PAY05245,CUST2514,13480,upi,technical_error,23,6,79,0,0,0,0
PAY05246,CUST2397,27840,netbanking,bank_decline,30,1,17,0,12,1,1
PAY05247,CUST1583,18304,wallet,bank_decline,12,4,59,1,12,0,0
PAY05248,CUST1356,3228,netbanking,expired_card,1,1,83,1,7,0,0
PAY05249,CUST1459,30804,card,technical_error,18,2,65,1,3,0,1
PAY05250,CUST0591,34242,netbanking,authentication_failed,10,1,32,0,16,0,1
PAY05251,CUST1321,44892,netbanking,insufficient_balance,0,3,23,1,10,0,1
PAY05252,CUST2199,8107,card,expired_card,5,8,26,0,10,0,1
PAY05253,CUST0062,28481,wallet,insufficient_balance,28,0,85,0,1,0,1
PAY05254,CUST2303,34656,netbanking,network_timeout,3,6,81,1,14,1,1
PAY05255,CUST2427,9427,card,technical_error,27,1,2,1,0,1,1
PAY05256,CUST0416,38021,wallet,network_timeout,19,5,62,1,9,1,1
PAY05257,CUST2895,18276,card,bank_decline,18,1,39,0,16,1,1
PAY05258,CUST1778,30955,upi,technical_error,20,4,31,0,22,1,1
PAY05259,CUST1527,27176,wallet,bank_decline,19,5,76,1,19,0,1
PAY05260,CUST2307,24815,upi,authentication_failed,13,3,21,1,6,0,0
PAY05261,CUST1084,15065,wallet,network_timeout,6,1,73,0,10,1,1
PAY05262,CUST1661,21146,card,expired_card,2,3,39,0,0,1,1
PAY05263,CUST1627,34071,upi,insufficient_balance,30,8,56,1,22,0,1
PAY05264,CUST2626,41588,wallet,network_timeout,29,5,80,0,18,0,1
PAY05265,CUST1929,587,upi,authentication_failed,8,2,30,1,23,0,0
PAY05266,CUST1809,16507,upi,bank_decline,7,8,5,0,6,0,0
PAY05267,CUST2153,17322,upi,expired_card,2,3,44,1,22,0,0
PAY05268,CUST1792,49226,upi,bank_decline,3,1,13,1,14,1,1
PAY05269,CUST0699,1749,wallet,insufficient_balance,8,7,68,1,7,1,0
PAY05270,CUST1279,8032,netbanking,expired_card,29,5,53,1,14,0,1
PAY05271,CUST0264,42823,card,bank_decline,16,8,41,0,12,1,0
PAY05272,CUST0948,31125,card,network_timeout,17,8,77,1,7,0,1
PAY05273,CUST0186,8264,netbanking,technical_error,21,5,60,0,12,1,1
PAY05274,CUST1776,740,card,authentication_failed,25,4,8,0,21,0,0
PAY05275,CUST1153,18734,wallet,authentication_failed,5,8,67,0,13,0,0
PAY05276,CUST1915,13549,netbanking,authentication_failed,12,0,69,1,6,1,1
PAY05277,CUST0826,5224,netbanking,technical_error,6,1,66,0,6,1,1
PAY05278,CUST0548,10042,upi,technical_error,23,0,39,1,0,0,1
PAY05279,CUST0014,42186,upi,expired_card,18,1,83,0,12,1,0
PAY05280,CUST2008,27128,netbanking,technical_error,5,7,25,1,17,0,1
PAY05281,CUST0834,15426,wallet,authentication_failed,4,2,81,1,22,0,0
PAY05282,CUST2287,5027,netbanking,expired_card,28,3,84,0,11,0,1
PAY05283,CUST0140,11562,card,insufficient_balance,12,7,8,1,1,0,1
PAY05284,CUST1001,33107,netbanking,network_timeout,29,7,66,1,12,0,0
PAY05285,CUST0633,33582,wallet,expired_card,19,0,60,0,13,1,1
PAY05286,CUST2174,33445,card,network_timeout,10,0,31,0,13,1,1
PAY05287,CUST2200,4984,upi,technical_error,16,3,56,0,19,1,0
PAY05288,CUST2598,37280,upi,network_timeout,24,8,19,0,14,0,1
PAY05289,CUST1122,27998,netbanking,insufficient_balance,18,5,31,1,18,0,1
PAY05290,CUST0996,11525,card,bank_decline,5,4,65,1,3,0,1
PAY05291,CUST1396,28399,upi,insufficient_balance,1,6,63,0,2,1,0
PAY05292,CUST1580,32292,card,network_timeout,8,1,19,0,8,1,1
PAY05293,CUST1793,6993,upi,network_timeout,17,3,53,0,9,1,1
PAY05294,CUST1260,33116,netbanking,bank_decline,5,3,57,1,22,0,0
PAY05295,CUST1965,14607,upi,bank_decline,14,6,3,1,6,1,1
PAY05296,CUST2624,4442,upi,bank_decline,17,0,54,1,15,1,1
PAY05297,CUST0305,45846,wallet,technical_error,17,4,82,0,13,1,1
PAY05298,CUST2902,16070,upi,bank_decline,23,5,53,0,16,1,1
PAY05299,CUST1449,14611,netbanking,bank_decline,14,7,63,1,18,0,0
PAY05300,CUST2819,40036,netbanking,expired_card,16,3,52,0,17,0,1
PAY05301,CUST1802,19212,netbanking,technical_error,28,2,24,1,1,1,1
PAY05302,CUST0535,17707,netbanking,expired_card,0,2,44,1,15,0,1
PAY05303,CUST0637,7999,wallet,technical_error,5,5,75,0,12,0,0
PAY05304,CUST2963,320,upi,bank_decline,23,6,26,0,18,1,1
PAY05305,CUST0011,14700,card,expired_card,6,7,32,0,20,0,0
PAY05306,CUST1791,40138,card,technical_error,23,6,40,1,3,0,1
PAY05307,CUST2147,27179,card,technical_error,26,7,0,1,23,0,1
PAY05308,CUST2559,13641,card,insufficient_balance,4,4,4,0,21,1,1
PAY05309,CUST1504,38638,netbanking,insufficient_balance,11,0,8,1,11,1,1
PAY05310,CUST1493,24013,netbanking,bank_decline,9,8,48,0,20,0,1
PAY05311,CUST2275,4768,card,authentication_failed,29,7,85,0,10,1,0
PAY05312,CUST0243,22210,netbanking,bank_decline,6,8,80,1,3,0,0
PAY05313,CUST2344,26624,card,network_timeout,23,6,48,0,13,0,0
PAY05314,CUST2704,22570,upi,network_timeout,14,6,51,0,22,0,0
PAY05315,CUST1202,19228,netbanking,bank_decline,19,7,89,0,16,0,0
PAY05316,CUST1202,14054,upi,authentication_failed,28,6,79,1,10,1,1
PAY05317,CUST1362,23820,netbanking,bank_decline,25,0,49,0,8,0,1
PAY05318,CUST1712,1502,netbanking,insufficient_balance,7,8,69,0,20,1,1
PAY05319,CUST2491,46265,wallet,technical_error,12,6,6,0,16,1,1
PAY05320,CUST1312,34016,card,expired_card,3,4,81,0,6,1,0
PAY05321,CUST0914,20141,wallet,expired_card,10,1,17,1,3,0,1
PAY05322,CUST1844,40238,card,insufficient_balance,5,3,2,1,9,0,1
PAY05323,CUST0288,45090,upi,network_timeout,25,3,35,1,10,1,1
PAY05324,CUST2485,40131,card,network_timeout,15,2,43,1,12,1,0
PAY05325,CUST0538,16453,card,bank_decline,20,3,53,1,14,0,1
PAY05326,CUST1811,45830,card,authentication_failed,21,5,13,0,9,0,1
PAY05327,CUST0968,26244,wallet,bank_decline,15,6,62,1,18,0,0
PAY05328,CUST0527,47254,upi,expired_card,27,6,61,0,14,0,0
PAY05329,CUST2414,27734,wallet,expired_card,10,7,74,0,4,0,0
PAY05330,CUST2478,20136,netbanking,expired_card,21,0,20,1,9,0,1
PAY05331,CUST2294,48384,upi,bank_decline,26,7,51,1,3,0,0
PAY05332,CUST2766,25570,wallet,bank_decline,8,8,66,1,16,1,0
PAY05333,CUST2468,634,wallet,technical_error,13,3,72,0,9,0,1
PAY05334,CUST2209,45496,upi,expired_card,18,0,79,1,19,0,1
PAY05335,CUST2814,18545,netbanking,expired_card,14,4,23,1,1,1,0
PAY05336,CUST0565,23843,netbanking,expired_card,10,2,61,1,2,0,0
PAY05337,CUST2465,21992,netbanking,bank_decline,26,2,70,1,8,0,1
PAY05338,CUST1870,20914,card,technical_error,7,1,32,1,0,0,1
PAY05339,CUST1839,35891,upi,technical_error,30,0,29,1,13,0,1
PAY05340,CUST2769,1319,netbanking,technical_error,15,7,58,0,23,1,1
PAY05341,CUST1468,2026,card,insufficient_balance,18,3,76,0,10,1,0
PAY05342,CUST1851,40205,wallet,authentication_failed,24,4,86,1,7,0,0
PAY05343,CUST1963,31713,card,technical_error,12,2,52,1,23,1,1
PAY05344,CUST2161,27045,card,bank_decline,28,3,28,1,6,0,1
PAY05345,CUST0991,778,upi,insufficient_balance,23,6,16,1,21,1,0
PAY05346,CUST1242,1884,netbanking,bank_decline,12,5,35,1,14,0,0
PAY05347,CUST1282,14845,wallet,expired_card,8,3,32,1,9,0,1
PAY05348,CUST0541,7239,wallet,bank_decline,5,0,69,0,2,0,1
PAY05349,CUST2176,40453,upi,expired_card,29,8,20,0,0,0,0
PAY05350,CUST0077,23388,upi,bank_decline,10,0,36,1,12,1,0
PAY05351,CUST2536,27544,card,network_timeout,29,1,76,0,6,0,1
PAY05352,CUST0367,20818,upi,expired_card,0,4,15,1,20,1,1
PAY05353,CUST1340,33787,netbanking,authentication_failed,25,2,59,1,16,1,1
PAY05354,CUST0382,42806,upi,bank_decline,14,3,30,0,7,1,0
PAY05355,CUST1786,40440,netbanking,insufficient_balance,0,1,70,1,8,1,1
PAY05356,CUST1834,25904,wallet,network_timeout,13,2,73,1,1,1,1
PAY05357,CUST1153,4381,card,insufficient_balance,2,8,39,0,20,1,0
PAY05358,CUST1007,43902,upi,authentication_failed,13,5,17,0,8,1,0
PAY05359,CUST1514,46049,netbanking,expired_card,13,1,16,0,7,1,0
PAY05360,CUST1685,29916,upi,bank_decline,8,4,86,0,2,0,0
PAY05361,CUST2890,33532,card,expired_card,21,3,42,0,10,1,0
PAY05362,CUST0738,22569,wallet,insufficient_balance,26,8,85,1,23,0,1
PAY05363,CUST2034,45553,card,insufficient_balance,25,8,36,1,10,0,1
PAY05364,CUST1003,48529,netbanking,network_timeout,14,4,79,0,16,1,1
PAY05365,CUST0076,24630,upi,authentication_failed,8,0,44,1,8,1,1
PAY05366,CUST2919,23124,card,insufficient_balance,1,6,78,0,21,1,1
PAY05367,CUST0446,6372,netbanking,technical_error,14,3,81,1,4,1,1
PAY05368,CUST0977,169,upi,network_timeout,10,8,34,1,9,0,1
PAY05369,CUST2441,16501,netbanking,insufficient_balance,17,0,88,1,8,0,1
PAY05370,CUST0251,38402,upi,authentication_failed,24,3,13,1,1,1,1
PAY05371,CUST2295,32639,upi,network_timeout,28,5,87,0,18,0,1
PAY05372,CUST0156,15821,netbanking,authentication_failed,23,3,23,0,12,0,1
PAY05373,CUST0103,21780,netbanking,authentication_failed,11,5,48,0,16,1,1
PAY05374,CUST2487,32725,netbanking,bank_decline,25,5,56,0,7,0,1
PAY05375,CUST2468,38140,netbanking,insufficient_balance,2,0,74,1,2,1,1
PAY05376,CUST1823,35944,wallet,technical_error,29,2,67,0,21,1,1
PAY05377,CUST1976,11903,upi,technical_error,14,8,25,0,21,0,1
PAY05378,CUST2298,39586,wallet,expired_card,20,8,37,1,20,0,0
PAY05379,CUST1847,49493,netbanking,expired_card,27,6,20,1,21,1,1
PAY05380,CUST2623,30754,card,insufficient_balance,29,2,57,0,17,1,1
PAY05381,CUST1461,34205,wallet,expired_card,1,8,4,0,1,1,0
PAY05382,CUST1399,43551,upi,network_timeout,8,6,74,0,14,1,1
PAY05383,CUST0853,38177,card,authentication_failed,12,4,68,1,15,1,1
PAY05384,CUST0779,40331,upi,network_timeout,4,4,80,1,8,0,1
PAY05385,CUST2794,31404,upi,authentication_failed,3,7,10,0,3,0,0
PAY05386,CUST0741,3896,upi,bank_decline,15,2,78,0,23,1,1
PAY05387,CUST2533,41400,netbanking,insufficient_balance,28,6,10,1,13,1,1
PAY05388,CUST1125,31781,card,network_timeout,15,3,44,0,14,1,0
PAY05389,CUST1722,24130,upi,authentication_failed,22,0,69,0,3,0,1
PAY05390,CUST0047,42791,card,network_timeout,23,6,10,0,5,0,0
PAY05391,CUST1354,10476,card,network_timeout,26,7,37,0,23,1,1
PAY05392,CUST1547,46718,netbanking,insufficient_balance,30,0,70,1,0,1,1
PAY05393,CUST0608,36552,upi,network_timeout,12,7,17,0,4,1,0
PAY05394,CUST1565,48562,netbanking,expired_card,15,1,4,1,1,1,1
PAY05395,CUST0252,28284,wallet,authentication_failed,7,7,58,0,2,1,1
PAY05396,CUST0501,35711,card,network_timeout,1,7,20,0,16,1,0
PAY05397,CUST1929,40775,card,authentication_failed,3,1,58,0,23,1,1
PAY05398,CUST1601,17888,wallet,authentication_failed,27,6,42,1,14,1,1
PAY05399,CUST1843,38934,card,insufficient_balance,25,3,51,1,23,1,1
PAY05400,CUST2594,38705,netbanking,bank_decline,29,1,2,0,23,1,0
PAY05401,CUST2168,18604,wallet,expired_card,5,3,5,0,9,1,0
PAY05402,CUST0877,12787,netbanking,insufficient_balance,0,4,78,0,0,1,0
PAY05403,CUST0133,240,card,insufficient_balance,12,7,44,1,8,1,0
PAY05404,CUST1423,13359,wallet,expired_card,25,1,54,0,16,0,1
PAY05405,CUST1399,5386,card,bank_decline,27,2,81,0,1,0,1
PAY05406,CUST1430,33323,upi,network_timeout,15,2,49,0,21,0,1
PAY05407,CUST0120,35757,card,authentication_failed,29,4,70,0,17,1,0
PAY05408,CUST2846,5282,card,insufficient_balance,24,5,64,0,9,1,1
PAY05409,CUST2876,15282,card,bank_decline,10,7,61,0,2,0,0
PAY05410,CUST0547,29278,card,authentication_failed,12,8,13,0,18,0,0
PAY05411,CUST2702,29845,wallet,bank_decline,7,5,16,0,10,0,1
PAY05412,CUST1714,31819,upi,authentication_failed,14,1,9,0,14,0,1
PAY05413,CUST1618,35104,wallet,technical_error,20,6,35,1,23,1,0
PAY05414,CUST0414,19159,wallet,insufficient_balance,11,4,54,1,6,1,1
PAY05415,CUST1196,12272,netbanking,insufficient_balance,10,7,56,1,17,1,1
PAY05416,CUST2939,31713,upi,authentication_failed,26,5,11,1,20,1,1
PAY05417,CUST0140,14816,upi,authentication_failed,20,3,84,1,23,0,1
PAY05418,CUST0409,17469,card,technical_error,11,0,86,1,20,0,1
PAY05419,CUST1439,42313,card,technical_error,19,6,85,0,4,0,1
PAY05420,CUST0238,42731,netbanking,bank_decline,29,7,19,1,22,1,0
PAY05421,CUST0309,46107,card,expired_card,20,5,87,0,7,1,1
PAY05422,CUST0376,25891,upi,authentication_failed,26,0,55,0,17,0,1
PAY05423,CUST1315,47262,wallet,bank_decline,1,3,3,0,11,0,1
PAY05424,CUST2617,34308,upi,expired_card,29,3,35,0,13,0,1
PAY05425,CUST1318,28615,card,authentication_failed,29,8,63,1,19,0,1
PAY05426,CUST1165,32031,upi,expired_card,28,4,12,1,14,1,1
PAY05427,CUST0591,6282,wallet,authentication_failed,9,3,2,1,9,1,0
PAY05428,CUST1235,8651,upi,insufficient_balance,12,8,30,1,16,1,1
PAY05429,CUST0100,39686,upi,technical_error,27,5,13,1,21,0,1
PAY05430,CUST2295,46601,card,technical_error,9,5,33,0,12,0,0
PAY05431,CUST1795,31346,upi,insufficient_balance,3,2,43,0,4,1,1
PAY05432,CUST1612,26473,upi,expired_card,0,4,13,1,23,1,0
PAY05433,CUST1071,30745,wallet,expired_card,22,2,16,1,12,1,1
PAY05434,CUST2114,21797,card,bank_decline,18,2,8,1,11,0,1
PAY05435,CUST1890,6936,upi,expired_card,22,2,80,1,10,1,1
PAY05436,CUST2632,29871,card,authentication_failed,20,5,0,0,11,1,0
PAY05437,CUST1065,44857,netbanking,authentication_failed,16,0,62,1,13,1,1
PAY05438,CUST2191,30222,netbanking,network_timeout,7,8,85,0,3,0,0
PAY05439,CUST1869,28654,card,bank_decline,17,3,25,1,19,1,1
PAY05440,CUST2215,11664,upi,expired_card,11,2,36,0,12,0,0
PAY05441,CUST2718,12486,netbanking,insufficient_balance,9,1,62,1,22,1,1
PAY05442,CUST1276,26798,card,expired_card,3,1,82,0,1,0,1
PAY05443,CUST1200,44243,wallet,insufficient_balance,18,1,80,0,18,0,1
PAY05444,CUST1284,34164,netbanking,expired_card,17,0,86,0,4,1,0
PAY05445,CUST1945,4915,upi,bank_decline,15,1,41,1,20,1,1
PAY05446,CUST0798,39524,card,technical_error,3,7,36,1,15,1,1
PAY05447,CUST0058,34582,card,authentication_failed,6,0,68,0,5,0,1
PAY05448,CUST1649,17232,card,technical_error,19,6,41,1,1,0,1
PAY05449,CUST2845,37130,upi,bank_decline,13,4,41,0,13,1,0
PAY05450,CUST2274,29765,upi,technical_error,0,2,30,1,10,1,1
PAY05451,CUST0731,27235,card,network_timeout,17,0,46,0,21,0,1
PAY05452,CUST2154,36256,card,network_timeout,22,3,0,0,10,0,1
PAY05453,CUST1869,35363,upi,technical_error,12,8,61,0,23,0,1
PAY05454,CUST0210,49629,upi,network_timeout,14,1,7,0,13,0,1
PAY05455,CUST0682,13539,wallet,bank_decline,30,6,21,0,11,1,0
PAY05456,CUST0284,22932,card,technical_error,17,0,57,0,21,0,1
PAY05457,CUST1861,48193,upi,technical_error,21,2,88,1,4,1,1
PAY05458,CUST0888,21866,upi,expired_card,18,2,90,1,6,1,1
PAY05459,CUST2642,43026,netbanking,technical_error,10,5,77,0,1,0,0
PAY05460,CUST0941,15812,netbanking,expired_card,27,8,64,1,14,0,1
PAY05461,CUST2112,42662,upi,expired_card,12,3,82,0,13,0,0
PAY05462,CUST2715,39413,card,expired_card,10,8,62,1,6,0,0
PAY05463,CUST2860,41796,upi,technical_error,13,1,34,0,21,1,1
PAY05464,CUST0265,28188,wallet,technical_error,10,2,83,0,5,1,1
PAY05465,CUST2441,33393,card,expired_card,10,4,69,0,2,0,1
PAY05466,CUST1939,41147,upi,technical_error,8,5,66,1,17,1,1
PAY05467,CUST1108,38563,netbanking,network_timeout,26,0,73,0,13,0,1
PAY05468,CUST2264,33966,wallet,expired_card,23,8,2,1,21,0,1
PAY05469,CUST0088,3757,card,expired_card,14,0,10,1,9,0,0
PAY05470,CUST2694,43641,netbanking,bank_decline,10,2,84,0,10,1,1
PAY05471,CUST2857,49867,netbanking,authentication_failed,13,8,3,1,13,0,0
PAY05472,CUST0006,6911,netbanking,authentication_failed,20,8,14,0,6,1,0
PAY05473,CUST0625,18004,upi,expired_card,19,4,61,0,0,0,1
PAY05474,CUST1413,7708,card,bank_decline,28,7,17,1,22,1,1
PAY05475,CUST1741,3417,netbanking,bank_decline,22,7,20,1,17,1,0
PAY05476,CUST1985,19029,wallet,bank_decline,7,0,87,0,10,1,1
PAY05477,CUST0541,43967,card,technical_error,3,0,4,1,7,1,1
PAY05478,CUST2626,30259,netbanking,authentication_failed,24,1,64,0,8,0,1
PAY05479,CUST0187,44530,upi,insufficient_balance,6,0,40,1,11,1,1
PAY05480,CUST1021,14177,wallet,technical_error,24,2,64,1,12,1,1
PAY05481,CUST1841,23687,netbanking,expired_card,4,5,65,1,17,1,1
PAY05482,CUST1574,35529,netbanking,network_timeout,23,6,49,1,16,1,1
PAY05483,CUST2151,11097,wallet,expired_card,27,8,60,0,7,0,0
PAY05484,CUST0211,3622,upi,expired_card,11,4,51,1,10,0,0
PAY05485,CUST0978,18824,wallet,technical_error,16,5,17,1,20,1,1
PAY05486,CUST1179,29926,card,expired_card,26,1,88,1,11,0,0
PAY05487,CUST1348,43770,wallet,insufficient_balance,24,3,61,0,13,1,1
PAY05488,CUST2658,7040,card,technical_error,3,6,82,0,6,1,1
PAY05489,CUST1491,43023,netbanking,expired_card,18,4,20,0,18,0,0
PAY05490,CUST2725,12614,upi,authentication_failed,4,4,9,1,14,0,0
PAY05491,CUST0332,34165,card,network_timeout,22,6,56,1,9,0,1
PAY05492,CUST1553,3481,netbanking,technical_error,19,0,75,1,19,0,1
PAY05493,CUST1797,6611,netbanking,insufficient_balance,21,6,73,1,15,1,1
PAY05494,CUST2476,13567,netbanking,bank_decline,12,8,68,0,22,1,0
PAY05495,CUST0334,25722,card,authentication_failed,29,8,85,1,14,1,1
PAY05496,CUST1258,47756,netbanking,technical_error,21,0,69,1,6,0,1
PAY05497,CUST2533,27248,netbanking,insufficient_balance,23,1,88,1,18,0,1
PAY05498,CUST2623,1915,netbanking,insufficient_balance,21,1,17,1,0,1,1
PAY05499,CUST1305,45772,wallet,expired_card,1,2,80,1,10,1,1
PAY05500,CUST2203,29055,wallet,technical_error,10,5,72,0,20,0,1
PAY05501,CUST1703,33906,card,insufficient_balance,1,7,66,0,14,0,0
PAY05502,CUST0448,34192,upi,expired_card,18,4,13,0,23,0,1
PAY05503,CUST1072,21581,upi,insufficient_balance,5,5,88,0,23,0,1
PAY05504,CUST1184,22875,netbanking,bank_decline,2,1,49,0,22,1,0
PAY05505,CUST1106,13709,netbanking,network_timeout,29,4,76,0,16,1,1
PAY05506,CUST0824,8868,wallet,authentication_failed,1,2,26,0,14,1,1
PAY05507,CUST2597,2282,upi,technical_error,23,1,5,1,0,1,1
PAY05508,CUST1589,15331,netbanking,expired_card,6,3,35,1,0,0,1
PAY05509,CUST2661,49075,wallet,insufficient_balance,7,5,50,1,2,1,1
PAY05510,CUST2615,11845,wallet,network_timeout,25,2,42,0,3,1,1
PAY05511,CUST2954,47420,card,expired_card,21,3,44,0,15,0,1
PAY05512,CUST2661,13075,wallet,technical_error,11,0,33,1,17,1,1
PAY05513,CUST0695,25558,card,authentication_failed,28,2,31,1,9,1,0
PAY05514,CUST0630,11140,netbanking,network_timeout,28,5,46,0,1,1,1
PAY05515,CUST0315,7697,upi,technical_error,0,0,34,1,20,0,1
PAY05516,CUST1939,23941,upi,insufficient_balance,8,0,64,1,1,1,1
PAY05517,CUST1716,36958,upi,insufficient_balance,10,5,45,1,7,1,0
PAY05518,CUST2417,36460,card,technical_error,24,2,71,1,6,1,1
PAY05519,CUST1217,34825,wallet,technical_error,17,0,5,1,22,1,1
PAY05520,CUST2001,46724,upi,insufficient_balance,29,8,0,1,19,0,0
PAY05521,CUST1664,41365,wallet,network_timeout,18,4,1,1,8,1,1
PAY05522,CUST1517,1818,card,bank_decline,25,5,1,1,13,1,0
PAY05523,CUST1422,21283,card,authentication_failed,12,5,68,1,18,1,1
PAY05524,CUST2916,46799,upi,insufficient_balance,6,2,37,0,1,1,1
PAY05525,CUST0984,1289,card,bank_decline,7,1,73,0,1,1,1
PAY05526,CUST2309,30858,card,authentication_failed,27,3,48,0,10,0,1
PAY05527,CUST2752,6057,netbanking,authentication_failed,4,0,19,1,3,0,1
PAY05528,CUST0592,14275,upi,technical_error,13,1,34,0,22,0,1
PAY05529,CUST2606,18945,netbanking,expired_card,4,2,33,0,5,1,1
PAY05530,CUST0983,1565,upi,insufficient_balance,22,2,89,0,0,0,1
PAY05531,CUST0396,12596,upi,bank_decline,16,2,69,0,8,0,1
PAY05532,CUST1364,4122,wallet,technical_error,3,3,42,0,5,1,1
PAY05533,CUST1560,7739,wallet,bank_decline,5,4,89,1,13,1,1
PAY05534,CUST1540,18835,card,technical_error,24,7,58,1,6,1,0
PAY05535,CUST0284,18127,card,technical_error,6,0,82,1,1,0,1
PAY05536,CUST1607,16220,upi,bank_decline,1,2,62,0,3,1,0
PAY05537,CUST1733,30894,upi,bank_decline,2,7,25,1,5,0,0
PAY05538,CUST1194,21153,wallet,authentication_failed,14,7,25,0,22,1,1
PAY05539,CUST0796,33028,upi,network_timeout,8,6,21,0,5,0,1
PAY05540,CUST0658,34839,upi,insufficient_balance,16,1,25,1,5,0,1
PAY05541,CUST0891,22241,card,bank_decline,4,7,87,0,18,1,0
PAY05542,CUST0174,47226,card,expired_card,9,1,21,1,10,0,1
PAY05543,CUST0760,38783,upi,expired_card,25,5,49,1,21,0,0
PAY05544,CUST2140,43703,upi,technical_error,22,3,89,1,1,1,1
PAY05545,CUST1700,10341,upi,insufficient_balance,20,7,35,0,11,0,0
PAY05546,CUST1401,36329,upi,insufficient_balance,22,8,57,1,19,0,1
PAY05547,CUST2996,40038,card,expired_card,7,0,74,1,10,1,1
PAY05548,CUST1481,37480,netbanking,network_timeout,16,2,44,1,4,0,1
PAY05549,CUST0746,48665,upi,network_timeout,0,7,0,1,2,1,1
PAY05550,CUST2470,19990,netbanking,bank_decline,21,7,36,1,23,1,0
PAY05551,CUST0689,48803,card,expired_card,17,3,46,1,11,0,1
PAY05552,CUST2278,41913,wallet,technical_error,4,2,58,0,23,0,1
PAY05553,CUST1364,8631,netbanking,authentication_failed,21,4,80,0,3,0,0
PAY05554,CUST1508,23370,wallet,insufficient_balance,20,4,9,0,13,1,1
PAY05555,CUST1826,27682,card,authentication_failed,29,4,6,1,18,1,0
PAY05556,CUST1238,31811,card,insufficient_balance,6,6,34,0,9,1,1
PAY05557,CUST0814,46967,upi,network_timeout,13,5,34,0,4,1,1
PAY05558,CUST2597,4500,netbanking,insufficient_balance,9,0,89,0,15,0,1
PAY05559,CUST1415,9888,netbanking,insufficient_balance,25,1,5,0,10,1,1
PAY05560,CUST2186,16317,card,technical_error,29,5,30,0,23,0,1
PAY05561,CUST0670,23919,upi,authentication_failed,27,6,35,1,9,1,1
PAY05562,CUST2249,30478,card,bank_decline,14,6,37,1,5,1,1
PAY05563,CUST2570,15353,card,bank_decline,21,0,58,0,23,0,1
PAY05564,CUST2998,4634,card,network_timeout,4,4,37,0,11,1,1
PAY05565,CUST2483,42054,netbanking,insufficient_balance,3,1,65,1,9,0,0
PAY05566,CUST0105,18415,netbanking,technical_error,2,0,84,0,14,0,1
PAY05567,CUST2862,12705,card,authentication_failed,26,4,72,0,0,1,0
PAY05568,CUST2329,39483,upi,network_timeout,22,6,37,0,8,0,0
PAY05569,CUST0533,4909,card,bank_decline,1,4,87,0,2,0,1
PAY05570,CUST1426,24379,card,insufficient_balance,2,5,66,1,17,1,0
PAY05571,CUST0160,25464,wallet,network_timeout,24,6,56,1,20,0,0
PAY05572,CUST1095,7703,netbanking,technical_error,7,5,9,1,12,0,1
PAY05573,CUST2322,23114,card,expired_card,23,2,58,1,1,0,0
PAY05574,CUST0267,22563,upi,technical_error,12,1,13,1,3,0,1
PAY05575,CUST0325,46588,wallet,insufficient_balance,27,7,12,1,6,1,0
PAY05576,CUST2525,12735,netbanking,network_timeout,1,6,13,1,10,0,1
PAY05577,CUST2588,16795,wallet,insufficient_balance,30,5,44,0,3,0,1
PAY05578,CUST2035,13211,wallet,network_timeout,5,2,0,1,4,1,0
PAY05579,CUST0131,35865,netbanking,expired_card,26,2,38,0,17,1,0
PAY05580,CUST2946,2359,wallet,authentication_failed,18,2,40,0,7,1,1
PAY05581,CUST0160,6596,card,technical_error,23,3,9,0,22,1,1
PAY05582,CUST0242,1786,card,insufficient_balance,26,7,90,0,18,0,1
PAY05583,CUST2711,46027,upi,technical_error,16,7,39,0,10,1,0
PAY05584,CUST2551,9931,netbanking,expired_card,20,3,38,1,1,0,0
PAY05585,CUST1660,28042,netbanking,authentication_failed,5,7,31,1,20,1,0
PAY05586,CUST1792,18349,card,network_timeout,1,5,8,0,18,0,1
PAY05587,CUST2863,30792,upi,expired_card,6,0,54,1,15,1,1
PAY05588,CUST2530,33959,upi,authentication_failed,12,7,58,0,0,1,0
PAY05589,CUST0013,33567,upi,expired_card,30,0,64,0,20,1,0
PAY05590,CUST0341,47014,upi,insufficient_balance,23,1,45,1,18,0,1
PAY05591,CUST0225,36926,upi,authentication_failed,7,6,49,0,22,1,0
PAY05592,CUST2634,10846,card,network_timeout,14,2,75,1,23,0,1
PAY05593,CUST2783,9302,wallet,authentication_failed,26,6,7,1,18,1,1
PAY05594,CUST0453,5830,card,technical_error,8,0,86,0,19,0,0
PAY05595,CUST2327,11931,wallet,bank_decline,28,7,27,1,0,1,0
PAY05596,CUST0937,13651,upi,technical_error,19,5,5,1,12,1,1
PAY05597,CUST2633,32424,wallet,network_timeout,25,5,45,0,16,0,1
PAY05598,CUST2657,2519,netbanking,network_timeout,21,0,70,0,1,1,1
PAY05599,CUST2564,40856,upi,expired_card,1,8,4,1,11,1,0
PAY05600,CUST1209,20522,card,technical_error,18,4,8,0,8,0,1
PAY05601,CUST1712,4414,wallet,network_timeout,11,0,89,0,19,0,1
PAY05602,CUST1804,26244,card,technical_error,3,8,14,1,19,0,1
PAY05603,CUST1692,32429,netbanking,technical_error,0,3,17,0,14,1,1
PAY05604,CUST1144,37028,card,network_timeout,24,7,55,1,10,1,1
PAY05605,CUST0096,45523,card,expired_card,6,7,43,0,23,0,0
PAY05606,CUST1362,29314,netbanking,authentication_failed,30,2,22,1,1,0,1
PAY05607,CUST2290,25899,card,insufficient_balance,30,0,27,1,15,1,1
PAY05608,CUST2275,28237,wallet,expired_card,28,6,60,1,6,1,1
PAY05609,CUST0308,20775,upi,expired_card,21,7,36,0,19,0,0
PAY05610,CUST2034,168,card,insufficient_balance,1,7,69,0,22,0,0
PAY05611,CUST0850,32381,card,network_timeout,3,0,31,0,0,0,1
PAY05612,CUST0981,16948,card,bank_decline,0,0,73,1,11,1,0
PAY05613,CUST2885,34195,netbanking,network_timeout,28,6,51,0,18,0,0
PAY05614,CUST2043,26068,netbanking,expired_card,8,0,35,0,18,1,1
PAY05615,CUST2751,46374,wallet,authentication_failed,2,6,82,0,4,0,0
PAY05616,CUST1910,45307,wallet,insufficient_balance,13,1,2,1,8,0,1
PAY05617,CUST0694,47559,wallet,network_timeout,23,2,66,1,13,1,1
PAY05618,CUST2954,21798,upi,network_timeout,22,8,75,1,12,1,1
PAY05619,CUST1025,41044,upi,insufficient_balance,21,7,35,1,6,0,1
PAY05620,CUST2181,2895,upi,insufficient_balance,17,4,71,1,13,0,1
PAY05621,CUST2618,20005,netbanking,expired_card,7,3,85,1,7,1,1
PAY05622,CUST2639,42433,card,technical_error,27,0,65,1,14,1,1
PAY05623,CUST0913,48476,wallet,technical_error,9,7,50,0,3,0,0
PAY05624,CUST2679,16806,upi,authentication_failed,18,0,1,0,9,0,1
PAY05625,CUST2631,32029,netbanking,insufficient_balance,27,3,37,1,23,0,1
PAY05626,CUST1300,4647,upi,network_timeout,24,6,62,1,23,0,0
PAY05627,CUST2143,39980,wallet,network_timeout,2,0,48,1,10,1,1
PAY05628,CUST2057,44512,upi,authentication_failed,9,2,47,1,11,0,1
PAY05629,CUST2362,14421,netbanking,expired_card,22,0,80,1,23,1,1
PAY05630,CUST2565,22169,card,authentication_failed,7,8,51,0,16,0,0
PAY05631,CUST1040,24807,wallet,technical_error,24,0,66,0,8,1,1
PAY05632,CUST2487,34903,wallet,network_timeout,4,6,42,0,5,0,1
PAY05633,CUST0315,22680,upi,network_timeout,15,0,59,0,19,0,1
PAY05634,CUST1194,46333,wallet,technical_error,13,0,9,1,1,0,1
PAY05635,CUST0978,18263,netbanking,network_timeout,5,8,19,1,11,1,1
PAY05636,CUST0357,33389,upi,insufficient_balance,24,7,71,0,9,1,1
PAY05637,CUST2902,20256,upi,expired_card,0,7,39,0,16,0,0
PAY05638,CUST0188,13207,netbanking,authentication_failed,1,0,56,1,14,1,0
PAY05639,CUST1364,21992,card,network_timeout,24,5,24,1,15,1,1
PAY05640,CUST2921,4009,upi,bank_decline,27,7,26,0,12,0,0
PAY05641,CUST1103,11946,netbanking,bank_decline,8,1,45,0,13,0,0
PAY05642,CUST0614,40458,netbanking,bank_decline,13,1,82,1,16,0,0
PAY05643,CUST2865,17429,upi,bank_decline,9,8,43,0,14,0,0
PAY05644,CUST2849,29565,netbanking,authentication_failed,15,7,25,0,12,0,0
PAY05645,CUST1067,25725,card,network_timeout,15,4,11,1,9,0,1
PAY05646,CUST2973,4044,card,authentication_failed,18,2,41,1,21,0,1
PAY05647,CUST2773,21730,wallet,insufficient_balance,14,8,31,1,15,1,1
PAY05648,CUST1567,21627,netbanking,network_timeout,4,3,38,1,3,1,0
PAY05649,CUST1412,7602,upi,bank_decline,8,0,16,0,13,1,0
PAY05650,CUST2642,28381,netbanking,insufficient_balance,18,3,85,1,15,1,1
PAY05651,CUST1592,11814,wallet,expired_card,24,4,43,1,0,0,0
PAY05652,CUST1250,38382,upi,technical_error,14,5,79,1,10,0,1
PAY05653,CUST1636,43137,netbanking,authentication_failed,30,2,23,0,18,1,1
PAY05654,CUST1795,2303,netbanking,expired_card,28,4,63,1,11,0,1
PAY05655,CUST2500,43456,card,network_timeout,30,8,83,1,12,0,1
PAY05656,CUST1828,4191,netbanking,insufficient_balance,16,8,42,0,16,1,1
PAY05657,CUST0258,23246,upi,expired_card,20,4,28,0,4,1,0
PAY05658,CUST2937,15832,netbanking,expired_card,8,2,35,0,4,1,0
PAY05659,CUST2194,585,netbanking,authentication_failed,13,8,67,1,22,0,0
PAY05660,CUST2209,46773,wallet,bank_decline,6,4,84,0,15,0,0
PAY05661,CUST1259,28883,wallet,network_timeout,3,5,57,1,6,1,1
PAY05662,CUST2200,5675,netbanking,bank_decline,3,6,20,0,23,1,0
PAY05663,CUST0867,24878,wallet,network_timeout,7,8,63,0,2,1,0
PAY05664,CUST0083,45889,upi,network_timeout,18,1,50,1,13,0,1
PAY05665,CUST1738,11215,netbanking,authentication_failed,21,6,79,1,15,1,0
PAY05666,CUST0706,48370,card,technical_error,4,2,39,1,18,0,1
PAY05667,CUST0516,16984,wallet,bank_decline,20,8,54,1,1,1,1
PAY05668,CUST0420,25817,wallet,network_timeout,20,4,66,1,14,0,1
PAY05669,CUST1368,29991,netbanking,authentication_failed,5,3,40,0,19,0,1
PAY05670,CUST0107,40747,upi,expired_card,24,1,28,1,7,1,1
PAY05671,CUST1398,17754,upi,expired_card,15,1,8,1,10,0,0
PAY05672,CUST0741,4439,card,technical_error,10,1,56,0,19,0,1
PAY05673,CUST1848,1804,wallet,bank_decline,15,6,85,0,3,0,0
PAY05674,CUST0399,25737,netbanking,expired_card,7,8,25,0,12,1,0
PAY05675,CUST0661,22957,netbanking,network_timeout,27,3,46,0,7,0,0
PAY05676,CUST0363,2266,card,insufficient_balance,10,4,89,1,14,1,1
PAY05677,CUST2441,4622,netbanking,technical_error,18,5,73,1,15,0,1
PAY05678,CUST0953,6345,wallet,network_timeout,11,6,68,0,11,0,1
PAY05679,CUST0765,2794,card,expired_card,25,3,42,1,11,1,0
PAY05680,CUST0791,26055,wallet,technical_error,16,8,87,0,13,1,1
PAY05681,CUST0964,27582,netbanking,authentication_failed,9,4,74,0,0,1,1
PAY05682,CUST0795,49356,upi,bank_decline,27,7,24,0,20,0,0
PAY05683,CUST1545,46610,card,expired_card,4,4,18,0,2,0,1
PAY05684,CUST2516,11563,netbanking,bank_decline,8,3,82,1,1,1,0
PAY05685,CUST2467,43596,wallet,technical_error,28,2,7,0,16,1,1
PAY05686,CUST0551,7876,card,insufficient_balance,29,0,27,0,23,0,1
PAY05687,CUST2407,49691,card,network_timeout,11,0,85,1,19,1,1
PAY05688,CUST1221,32217,wallet,network_timeout,13,8,7,1,16,0,0
PAY05689,CUST0973,2598,netbanking,authentication_failed,30,0,0,1,21,1,1
PAY05690,CUST1721,34231,card,network_timeout,25,3,15,1,6,0,1
PAY05691,CUST1706,163,netbanking,bank_decline,8,3,23,0,23,0,0
PAY05692,CUST0491,22646,netbanking,technical_error,10,2,73,0,21,1,1
PAY05693,CUST2439,48295,card,technical_error,12,0,77,0,7,1,1
PAY05694,CUST1200,4409,wallet,authentication_failed,13,5,89,0,0,1,1
PAY05695,CUST2351,19933,upi,bank_decline,0,0,9,1,16,0,0
PAY05696,CUST0440,49666,card,expired_card,28,3,53,0,19,1,1
PAY05697,CUST1196,13876,netbanking,expired_card,20,3,83,1,19,1,1
PAY05698,CUST0851,8364,card,network_timeout,27,6,4,0,11,0,1
PAY05699,CUST1372,13302,card,expired_card,7,2,44,1,23,0,0
PAY05700,CUST1263,44478,card,expired_card,19,7,5,1,13,1,0
PAY05701,CUST2259,46039,netbanking,expired_card,11,1,87,1,18,0,1
PAY05702,CUST0668,47121,netbanking,network_timeout,26,5,81,1,21,1,1
PAY05703,CUST0409,5379,upi,expired_card,6,1,80,0,7,0,1
PAY05704,CUST2842,26081,wallet,bank_decline,14,0,79,1,4,0,1
PAY05705,CUST2079,21875,wallet,technical_error,28,0,33,0,19,1,1
PAY05706,CUST0592,38760,card,network_timeout,25,8,86,0,10,1,1
PAY05707,CUST1983,33780,upi,technical_error,22,8,5,0,15,0,0
PAY05708,CUST0878,29735,wallet,insufficient_balance,24,1,19,0,11,1,1
PAY05709,CUST2322,42204,netbanking,technical_error,11,3,88,0,14,1,1
PAY05710,CUST2132,30164,card,insufficient_balance,8,0,75,1,22,0,0
PAY05711,CUST1122,1034,netbanking,network_timeout,23,1,70,0,7,1,1
PAY05712,CUST0308,32492,card,network_timeout,1,4,65,1,9,0,0
PAY05713,CUST2965,48663,upi,authentication_failed,6,4,64,0,0,1,1
PAY05714,CUST2779,21422,upi,expired_card,10,3,89,1,4,1,0
PAY05715,CUST1480,28369,card,expired_card,8,1,19,1,1,0,1
PAY05716,CUST0240,40218,upi,authentication_failed,4,1,42,0,18,1,1
PAY05717,CUST0442,32622,wallet,network_timeout,3,1,39,0,5,1,1
PAY05718,CUST2882,2576,wallet,authentication_failed,10,2,86,1,2,0,1
PAY05719,CUST0506,25528,wallet,authentication_failed,18,4,66,0,22,0,1
PAY05720,CUST0008,5147,card,insufficient_balance,22,3,28,0,3,1,1
PAY05721,CUST1863,38091,wallet,expired_card,11,6,83,1,7,0,0
PAY05722,CUST0907,36036,upi,bank_decline,16,4,12,1,7,1,1
PAY05723,CUST1154,25860,upi,insufficient_balance,25,8,2,1,8,0,0
PAY05724,CUST1286,13188,card,expired_card,23,5,0,1,5,0,1
PAY05725,CUST1786,35712,upi,bank_decline,4,5,57,1,5,0,0
PAY05726,CUST0108,45984,wallet,insufficient_balance,14,4,15,0,11,0,1
PAY05727,CUST1433,48672,wallet,technical_error,16,1,47,1,10,0,1
PAY05728,CUST2261,20546,netbanking,authentication_failed,25,5,21,1,8,0,1
PAY05729,CUST2568,20903,upi,insufficient_balance,3,7,25,0,17,1,0
PAY05730,CUST0580,17433,wallet,authentication_failed,21,2,72,0,21,0,0
PAY05731,CUST0093,10252,card,authentication_failed,29,7,22,1,10,0,0
PAY05732,CUST2678,42558,upi,authentication_failed,8,2,4,1,20,1,1
PAY05733,CUST2010,33896,card,insufficient_balance,3,4,46,1,4,1,0
PAY05734,CUST0931,4068,upi,network_timeout,28,2,35,0,7,0,1
PAY05735,CUST0063,7673,card,insufficient_balance,2,4,54,1,9,0,0
PAY05736,CUST0343,18580,upi,bank_decline,20,7,64,0,11,1,0
PAY05737,CUST2719,40546,upi,authentication_failed,4,7,60,0,21,0,0
PAY05738,CUST1751,3578,netbanking,technical_error,14,6,79,1,19,1,1
PAY05739,CUST2851,12147,netbanking,bank_decline,21,6,82,1,2,0,0
PAY05740,CUST0868,22884,card,bank_decline,22,6,37,1,14,0,0
PAY05741,CUST2870,29409,wallet,insufficient_balance,6,6,64,0,1,1,1
PAY05742,CUST0464,7044,netbanking,bank_decline,10,0,84,1,20,0,1
PAY05743,CUST0525,3080,card,network_timeout,4,7,1,1,4,0,0
PAY05744,CUST2866,24304,upi,insufficient_balance,20,2,26,0,9,0,0
PAY05745,CUST0870,7420,wallet,network_timeout,13,6,79,1,9,1,1
PAY05746,CUST1693,38256,wallet,network_timeout,15,1,14,1,2,0,1
PAY05747,CUST0483,24353,wallet,technical_error,28,7,16,0,18,0,0
PAY05748,CUST0808,32521,card,expired_card,20,5,66,1,0,0,0
PAY05749,CUST1648,19854,upi,insufficient_balance,12,2,38,1,16,1,0
PAY05750,CUST2914,24762,upi,bank_decline,2,4,59,1,11,0,1
PAY05751,CUST2127,44012,card,expired_card,20,7,80,0,2,1,0
PAY05752,CUST2166,17019,netbanking,expired_card,1,0,19,1,8,1,0
PAY05753,CUST0697,18199,netbanking,insufficient_balance,14,3,51,1,13,0,1
PAY05754,CUST1174,20387,wallet,authentication_failed,14,1,15,0,13,0,0
PAY05755,CUST2155,11162,wallet,authentication_failed,14,3,37,1,14,1,0
PAY05756,CUST2409,27469,wallet,technical_error,23,4,47,0,14,0,1
PAY05757,CUST2833,15982,card,authentication_failed,16,8,13,1,13,1,0
PAY05758,CUST1340,18771,card,insufficient_balance,25,5,35,1,10,1,1
PAY05759,CUST2447,30035,card,authentication_failed,14,0,60,1,20,0,1
PAY05760,CUST1265,41447,netbanking,expired_card,30,3,3,0,2,1,1
PAY05761,CUST0803,6907,netbanking,network_timeout,4,7,22,1,18,0,0
PAY05762,CUST0445,41932,upi,technical_error,20,8,45,1,14,0,0
PAY05763,CUST1059,3525,netbanking,expired_card,10,2,41,0,15,1,0
PAY05764,CUST1183,41692,netbanking,bank_decline,10,2,83,1,9,0,1
PAY05765,CUST1105,14257,wallet,expired_card,4,8,17,0,0,0,1
PAY05766,CUST0521,3461,netbanking,network_timeout,0,6,37,1,1,1,0
PAY05767,CUST0664,24740,netbanking,insufficient_balance,22,0,87,0,23,1,1
PAY05768,CUST2104,30333,wallet,network_timeout,19,6,57,0,14,0,1
PAY05769,CUST1532,2298,card,technical_error,7,2,15,1,12,0,1
PAY05770,CUST0735,3980,netbanking,authentication_failed,0,6,44,0,12,1,1
PAY05771,CUST2574,7539,netbanking,technical_error,16,4,34,1,4,0,1
PAY05772,CUST1626,16486,netbanking,network_timeout,3,0,4,0,1,1,1
PAY05773,CUST2014,26570,card,expired_card,1,6,18,0,5,0,0
PAY05774,CUST1486,7952,wallet,expired_card,3,6,60,0,18,1,0
PAY05775,CUST0113,22206,wallet,expired_card,7,1,34,0,8,0,1
PAY05776,CUST0736,2249,wallet,network_timeout,28,4,27,0,21,0,1
PAY05777,CUST1866,30077,upi,insufficient_balance,4,8,59,1,19,1,1
PAY05778,CUST2076,37220,upi,authentication_failed,12,7,37,0,17,1,0
PAY05779,CUST0136,5476,wallet,bank_decline,28,7,85,1,6,0,1
PAY05780,CUST0484,6904,card,insufficient_balance,1,5,22,0,6,0,1
PAY05781,CUST1492,10874,upi,insufficient_balance,14,7,42,0,8,1,0
PAY05782,CUST2148,2064,wallet,authentication_failed,7,2,33,1,17,1,1
PAY05783,CUST2249,16506,wallet,network_timeout,8,1,21,1,3,1,1
PAY05784,CUST2966,48830,netbanking,expired_card,20,4,16,1,18,0,1
PAY05785,CUST0805,43267,wallet,network_timeout,4,1,38,1,2,1,1
PAY05786,CUST2510,48876,card,expired_card,15,6,9,0,4,1,1
PAY05787,CUST2712,49766,netbanking,expired_card,9,1,75,0,8,0,1
PAY05788,CUST2005,30568,card,insufficient_balance,19,6,58,0,10,0,0
PAY05789,CUST0843,21162,wallet,insufficient_balance,7,7,23,1,12,1,0
PAY05790,CUST1334,26132,card,expired_card,17,5,11,0,18,0,1
PAY05791,CUST1658,21086,wallet,authentication_failed,7,2,23,1,15,0,1
PAY05792,CUST0473,5142,wallet,technical_error,10,1,23,1,19,0,1
PAY05793,CUST2792,29860,upi,technical_error,2,6,76,1,4,0,0
PAY05794,CUST0536,39875,upi,expired_card,7,8,32,0,17,1,1
PAY05795,CUST1354,31452,wallet,network_timeout,15,6,47,1,5,0,1
PAY05796,CUST2744,17031,netbanking,technical_error,28,8,30,1,13,0,0
PAY05797,CUST2047,38458,upi,insufficient_balance,21,4,6,0,23,0,1
PAY05798,CUST1933,33604,upi,bank_decline,27,1,45,0,12,1,0
PAY05799,CUST2140,26695,wallet,authentication_failed,16,0,69,0,15,1,0
PAY05800,CUST1709,22113,upi,network_timeout,0,0,23,0,15,1,1
PAY05801,CUST0056,40464,upi,authentication_failed,13,0,35,1,0,0,1
PAY05802,CUST2296,2436,upi,insufficient_balance,14,1,33,0,21,0,1
PAY05803,CUST0885,31050,netbanking,bank_decline,26,2,63,0,18,0,1
PAY05804,CUST2585,9529,wallet,authentication_failed,22,8,79,1,18,1,0
PAY05805,CUST1066,10441,wallet,bank_decline,23,2,78,0,23,0,1
PAY05806,CUST1619,48004,upi,insufficient_balance,24,4,3,1,5,0,1
PAY05807,CUST2528,22750,card,authentication_failed,29,6,9,0,18,0,0
PAY05808,CUST2457,35113,card,expired_card,0,3,29,1,23,0,1
PAY05809,CUST1793,9707,netbanking,expired_card,10,2,23,1,11,1,1
PAY05810,CUST0558,25639,wallet,insufficient_balance,25,2,88,1,5,0,1
PAY05811,CUST0605,6778,netbanking,expired_card,7,2,40,0,3,1,1
PAY05812,CUST2534,38010,upi,insufficient_balance,18,7,32,1,3,0,0
PAY05813,CUST2887,43688,wallet,expired_card,26,1,54,0,17,1,0
PAY05814,CUST0711,19509,netbanking,network_timeout,7,3,74,1,13,0,1
PAY05815,CUST1397,30527,netbanking,insufficient_balance,20,6,50,1,15,0,1
PAY05816,CUST2787,6227,card,insufficient_balance,29,2,84,0,14,0,1
PAY05817,CUST0792,48388,card,technical_error,22,1,68,1,12,1,1
PAY05818,CUST1495,3653,wallet,insufficient_balance,13,8,43,0,12,1,0
PAY05819,CUST1723,42620,netbanking,expired_card,19,1,76,1,13,1,0
PAY05820,CUST1663,4126,upi,insufficient_balance,6,6,35,1,18,1,1
PAY05821,CUST2812,6924,netbanking,insufficient_balance,14,0,34,0,21,1,1
PAY05822,CUST0636,19548,card,bank_decline,4,6,25,0,15,1,0
PAY05823,CUST1923,17898,netbanking,insufficient_balance,5,2,12,0,21,1,1
PAY05824,CUST0538,42417,card,authentication_failed,25,7,24,0,21,0,1
PAY05825,CUST0953,16967,wallet,insufficient_balance,3,7,41,0,1,0,0
PAY05826,CUST2421,24043,upi,authentication_failed,17,5,1,0,7,0,1
PAY05827,CUST1942,6727,card,expired_card,10,3,41,0,6,1,0
PAY05828,CUST2664,28050,upi,authentication_failed,22,4,28,0,22,1,1
PAY05829,CUST0319,39778,card,bank_decline,7,3,44,1,14,0,0
PAY05830,CUST2874,23595,netbanking,insufficient_balance,7,8,21,1,9,0,0
PAY05831,CUST1986,26980,upi,authentication_failed,21,2,4,1,17,0,0
PAY05832,CUST2334,42368,netbanking,expired_card,24,8,88,0,5,1,0
PAY05833,CUST1420,30303,card,authentication_failed,17,6,73,0,18,0,1
PAY05834,CUST1750,48829,upi,expired_card,30,4,76,0,3,1,1
PAY05835,CUST1320,16405,wallet,expired_card,3,3,27,1,3,0,1
PAY05836,CUST1697,30636,netbanking,bank_decline,2,6,12,1,0,1,0
PAY05837,CUST1117,15894,upi,bank_decline,21,0,61,0,12,1,0
PAY05838,CUST0321,8426,wallet,authentication_failed,8,7,0,1,19,1,0
PAY05839,CUST0981,5218,upi,network_timeout,14,8,76,1,0,1,1
PAY05840,CUST2547,29660,upi,technical_error,13,7,18,0,8,0,0
PAY05841,CUST2272,28282,upi,technical_error,6,1,78,0,20,1,1
PAY05842,CUST1818,36272,wallet,expired_card,23,8,49,1,15,1,0
PAY05843,CUST0059,7769,upi,authentication_failed,11,5,31,0,14,1,1
PAY05844,CUST1337,179,netbanking,bank_decline,26,1,55,0,9,0,1
PAY05845,CUST2218,48149,netbanking,network_timeout,7,7,16,1,15,1,0
PAY05846,CUST1153,22755,wallet,bank_decline,26,0,74,1,2,1,1
PAY05847,CUST0531,23416,card,technical_error,11,6,25,1,21,0,1
PAY05848,CUST0894,33487,netbanking,authentication_failed,10,2,64,0,6,0,1
PAY05849,CUST0861,9836,wallet,bank_decline,16,3,39,0,11,1,0
PAY05850,CUST2530,38042,card,technical_error,14,7,52,0,16,1,1
PAY05851,CUST2097,25777,upi,insufficient_balance,10,4,29,1,22,1,1
PAY05852,CUST0804,27686,wallet,insufficient_balance,16,7,12,0,14,0,0
PAY05853,CUST1791,24408,upi,authentication_failed,10,5,44,0,19,1,0
PAY05854,CUST1513,3223,wallet,authentication_failed,18,8,78,1,16,0,0
PAY05855,CUST2486,17379,wallet,insufficient_balance,25,0,77,1,22,0,1
PAY05856,CUST2133,21957,netbanking,authentication_failed,20,4,15,1,18,0,0
PAY05857,CUST2871,40486,netbanking,insufficient_balance,2,4,72,0,8,0,1
PAY05858,CUST0292,23445,netbanking,expired_card,23,0,74,1,14,1,1
PAY05859,CUST0603,20500,upi,technical_error,30,5,63,1,1,1,1
PAY05860,CUST0093,24351,upi,authentication_failed,21,7,81,1,0,0,0
PAY05861,CUST1509,16581,wallet,bank_decline,12,3,6,1,21,1,1
PAY05862,CUST2337,39923,wallet,expired_card,2,0,74,0,12,1,1
PAY05863,CUST0404,40827,netbanking,network_timeout,15,2,29,1,13,0,1
PAY05864,CUST1486,47704,card,expired_card,3,1,63,0,16,0,1
PAY05865,CUST2309,10031,upi,network_timeout,18,2,40,0,22,0,1
PAY05866,CUST2533,1959,card,insufficient_balance,18,5,5,0,23,0,1
PAY05867,CUST1245,29014,netbanking,authentication_failed,26,7,22,0,22,1,1
PAY05868,CUST1517,21202,upi,insufficient_balance,15,8,24,0,8,1,1
PAY05869,CUST1413,31563,netbanking,expired_card,12,8,36,1,4,1,1
PAY05870,CUST0950,12917,upi,insufficient_balance,24,8,69,1,23,1,1
PAY05871,CUST1404,4439,card,insufficient_balance,22,4,71,0,1,0,1
PAY05872,CUST1207,5945,upi,network_timeout,3,6,6,1,21,1,1
PAY05873,CUST2710,48552,netbanking,technical_error,1,3,46,0,9,0,0
PAY05874,CUST1988,44851,wallet,authentication_failed,28,3,26,1,22,0,0
PAY05875,CUST2903,41419,card,authentication_failed,26,7,14,0,3,0,0
PAY05876,CUST0377,25194,card,bank_decline,21,3,72,0,7,0,0
PAY05877,CUST2164,24755,wallet,authentication_failed,21,8,14,0,21,0,1
PAY05878,CUST2229,4081,upi,insufficient_balance,29,8,71,0,12,1,0
PAY05879,CUST0026,44385,upi,authentication_failed,25,5,57,1,7,1,1
PAY05880,CUST1733,20390,netbanking,authentication_failed,2,1,77,0,11,1,1
PAY05881,CUST1849,45579,upi,technical_error,12,3,75,1,5,1,1
PAY05882,CUST0069,43587,upi,insufficient_balance,16,4,79,0,1,0,1
PAY05883,CUST0289,31222,netbanking,technical_error,2,4,41,0,19,0,1
PAY05884,CUST2464,42220,card,authentication_failed,6,5,61,0,16,1,0
PAY05885,CUST2522,15928,netbanking,insufficient_balance,18,1,3,1,22,1,1
PAY05886,CUST0928,14529,upi,technical_error,5,7,49,1,6,1,1
PAY05887,CUST2213,43998,card,insufficient_balance,22,4,73,1,12,0,1
PAY05888,CUST0965,36625,netbanking,technical_error,11,5,23,0,2,0,0
PAY05889,CUST2786,7433,netbanking,authentication_failed,9,4,39,1,15,0,0
PAY05890,CUST0017,29367,netbanking,network_timeout,11,1,88,1,0,0,1
PAY05891,CUST2780,8925,upi,network_timeout,23,7,58,1,19,0,0
PAY05892,CUST0549,22670,netbanking,authentication_failed,28,8,30,0,0,0,1
PAY05893,CUST0721,508,netbanking,network_timeout,23,0,29,1,4,0,1
PAY05894,CUST0225,9942,wallet,insufficient_balance,19,5,57,1,11,0,1
PAY05895,CUST0638,28366,upi,bank_decline,1,0,63,1,20,0,1
PAY05896,CUST0852,46102,card,insufficient_balance,5,5,13,1,12,1,1
PAY05897,CUST1790,35000,upi,network_timeout,28,2,62,1,13,0,1
PAY05898,CUST0405,13725,upi,expired_card,11,5,71,0,20,1,1
PAY05899,CUST1630,23067,wallet,insufficient_balance,2,2,76,1,19,0,0
PAY05900,CUST2390,48201,netbanking,expired_card,2,4,63,1,6,1,0
PAY05901,CUST1752,12943,wallet,technical_error,29,2,44,1,9,1,1
PAY05902,CUST2226,28176,netbanking,bank_decline,13,6,74,1,21,1,0
PAY05903,CUST2773,32649,wallet,authentication_failed,0,5,15,1,11,0,1
PAY05904,CUST1624,30506,wallet,expired_card,27,5,8,0,11,0,1
PAY05905,CUST1283,40486,upi,expired_card,13,8,58,0,9,0,0
PAY05906,CUST1740,17292,wallet,technical_error,15,5,5,0,9,1,1
PAY05907,CUST1669,540,wallet,insufficient_balance,16,2,64,1,1,1,1
PAY05908,CUST0419,27463,upi,bank_decline,10,0,80,0,0,0,0
PAY05909,CUST0740,22030,upi,network_timeout,5,3,71,0,5,1,1
PAY05910,CUST1088,45971,wallet,insufficient_balance,28,7,48,0,10,0,1
PAY05911,CUST1203,33621,wallet,expired_card,18,7,80,0,10,0,0
PAY05912,CUST0539,44200,netbanking,expired_card,11,8,76,0,23,1,1
PAY05913,CUST0916,41523,upi,expired_card,16,4,73,0,13,1,0
PAY05914,CUST0913,22918,netbanking,insufficient_balance,4,8,60,1,2,0,0
PAY05915,CUST0029,37543,card,network_timeout,17,1,63,1,18,1,1
PAY05916,CUST1022,4246,card,network_timeout,9,6,30,0,13,0,1
PAY05917,CUST2313,35671,card,network_timeout,10,0,36,1,19,1,0
PAY05918,CUST2602,6784,wallet,authentication_failed,30,4,7,0,22,1,0
PAY05919,CUST2528,32261,netbanking,technical_error,6,4,86,1,11,1,1
PAY05920,CUST0689,5933,card,authentication_failed,9,2,2,1,2,0,1
PAY05921,CUST2234,41203,wallet,expired_card,8,0,59,1,5,1,1
PAY05922,CUST1348,2382,netbanking,expired_card,3,5,15,0,18,0,1
PAY05923,CUST1876,24326,wallet,bank_decline,0,7,74,1,21,0,0
PAY05924,CUST2793,26440,card,authentication_failed,13,4,14,0,11,0,0
PAY05925,CUST0704,35618,netbanking,technical_error,6,6,76,1,11,1,1
PAY05926,CUST2205,10593,wallet,bank_decline,23,0,88,1,18,0,0
PAY05927,CUST0559,27353,card,expired_card,12,4,76,0,13,0,0
PAY05928,CUST2146,42370,upi,bank_decline,13,1,2,0,5,0,0
PAY05929,CUST1451,5143,upi,network_timeout,29,4,46,1,18,0,1
PAY05930,CUST1370,30858,upi,authentication_failed,8,4,24,1,20,1,0
PAY05931,CUST0821,13503,wallet,expired_card,18,8,88,1,18,0,0
PAY05932,CUST0995,48097,wallet,authentication_failed,16,7,0,0,17,0,0
PAY05933,CUST2580,43505,card,network_timeout,23,3,29,1,19,1,1
PAY05934,CUST2739,10575,upi,insufficient_balance,3,4,30,0,8,0,0
PAY05935,CUST2579,29078,card,authentication_failed,14,1,18,1,16,1,1
PAY05936,CUST2465,27379,upi,insufficient_balance,23,8,62,0,16,0,0
PAY05937,CUST0787,44341,upi,insufficient_balance,23,0,64,0,5,0,1
PAY05938,CUST1251,18576,netbanking,authentication_failed,26,3,40,0,19,1,1
PAY05939,CUST2110,36916,card,bank_decline,28,4,75,1,15,0,1
PAY05940,CUST0141,19165,upi,authentication_failed,27,5,79,0,0,0,1
PAY05941,CUST2094,19410,upi,insufficient_balance,8,1,63,0,22,0,1
PAY05942,CUST2209,42926,upi,authentication_failed,25,1,30,1,15,1,1
PAY05943,CUST0859,16971,card,insufficient_balance,28,0,43,1,18,0,1
PAY05944,CUST1361,46447,card,bank_decline,7,3,31,1,16,0,1
PAY05945,CUST0953,26871,upi,insufficient_balance,1,1,80,1,4,1,0
PAY05946,CUST2525,27523,netbanking,expired_card,12,2,10,0,12,1,1
PAY05947,CUST0036,41641,card,bank_decline,5,0,65,0,3,0,1
PAY05948,CUST1098,746,wallet,authentication_failed,12,6,36,1,21,0,1
PAY05949,CUST1593,10085,upi,network_timeout,24,3,42,0,20,0,1
PAY05950,CUST0430,15816,netbanking,expired_card,29,6,69,1,0,0,1
PAY05951,CUST2308,5514,netbanking,technical_error,30,4,45,1,21,1,1
PAY05952,CUST2433,28881,upi,expired_card,9,7,18,0,9,1,0
PAY05953,CUST1027,20195,upi,authentication_failed,3,7,46,1,7,1,1
PAY05954,CUST2404,224,netbanking,bank_decline,10,1,36,1,8,1,1
PAY05955,CUST1723,45566,netbanking,bank_decline,9,8,8,1,23,1,0
PAY05956,CUST0656,20879,upi,authentication_failed,28,8,65,1,9,1,0
PAY05957,CUST1303,1225,upi,network_timeout,8,3,10,1,17,1,1
PAY05958,CUST0636,5109,upi,technical_error,3,3,55,1,10,1,1
PAY05959,CUST2159,14438,upi,bank_decline,15,7,16,1,23,0,1
PAY05960,CUST1483,16573,upi,insufficient_balance,8,1,21,1,0,0,1
PAY05961,CUST2159,44494,upi,expired_card,24,1,23,1,15,0,1
PAY05962,CUST0740,15145,wallet,insufficient_balance,1,7,38,0,19,1,1
PAY05963,CUST1416,14290,wallet,network_timeout,30,0,54,0,5,0,1
PAY05964,CUST2441,39692,wallet,bank_decline,6,3,47,0,3,0,1
PAY05965,CUST2175,22478,upi,authentication_failed,14,5,45,0,13,0,1
PAY05966,CUST0652,5841,netbanking,expired_card,28,1,7,1,16,0,0
PAY05967,CUST2162,8125,card,technical_error,19,4,23,0,15,0,0
PAY05968,CUST1169,8941,card,bank_decline,8,3,25,1,10,0,0
PAY05969,CUST1265,12910,upi,expired_card,18,7,12,1,4,0,1
PAY05970,CUST1108,3408,upi,insufficient_balance,9,2,35,0,20,0,0
PAY05971,CUST0101,40267,card,authentication_failed,23,7,28,0,12,0,1
PAY05972,CUST0908,8867,netbanking,authentication_failed,7,0,84,1,5,1,1
PAY05973,CUST1043,31565,upi,technical_error,23,0,62,0,4,0,1
PAY05974,CUST0685,24073,wallet,technical_error,25,8,75,1,19,0,0
PAY05975,CUST0205,9700,netbanking,network_timeout,18,8,84,0,15,0,1
PAY05976,CUST1151,19163,netbanking,insufficient_balance,1,7,49,0,11,0,1
PAY05977,CUST2214,13895,card,network_timeout,29,7,63,1,3,1,1
PAY05978,CUST1662,23580,card,network_timeout,28,8,6,0,11,1,1
PAY05979,CUST1216,1465,upi,bank_decline,14,6,7,0,21,0,0
PAY05980,CUST0911,6476,wallet,insufficient_balance,10,7,47,0,0,0,0
PAY05981,CUST0080,14229,wallet,bank_decline,24,8,44,1,9,0,1
PAY05982,CUST2399,31215,upi,technical_error,8,7,81,0,23,1,1
PAY05983,CUST1500,33059,card,bank_decline,7,0,22,0,5,0,0
PAY05984,CUST2196,10516,upi,bank_decline,6,7,17,1,3,0,0
PAY05985,CUST0571,39143,card,authentication_failed,27,3,11,0,4,1,1
PAY05986,CUST0627,15335,wallet,network_timeout,11,0,49,1,21,1,1
PAY05987,CUST2282,47462,upi,authentication_failed,11,2,19,0,10,1,1
PAY05988,CUST1612,22163,netbanking,bank_decline,12,3,9,1,19,0,0
PAY05989,CUST1217,24386,netbanking,technical_error,30,0,26,1,10,0,1
PAY05990,CUST1455,49112,netbanking,insufficient_balance,26,3,56,0,8,1,0
PAY05991,CUST1738,29715,wallet,authentication_failed,27,2,21,1,22,1,1
PAY05992,CUST1597,4941,wallet,expired_card,20,7,75,0,8,1,0
PAY05993,CUST1374,10987,upi,expired_card,23,2,88,0,11,1,1
PAY05994,CUST1068,9754,netbanking,expired_card,19,7,68,0,12,1,0
PAY05995,CUST0940,31707,card,technical_error,26,6,5,0,9,1,1
PAY05996,CUST0910,4628,card,bank_decline,1,1,44,1,10,0,0
PAY05997,CUST2319,39617,netbanking,insufficient_balance,29,1,12,1,8,0,1
PAY05998,CUST1045,416,card,expired_card,0,4,27,1,19,0,1
PAY05999,CUST2883,34485,wallet,technical_error,0,8,65,0,10,1,0
PAY06000,CUST1443,33042,upi,bank_decline,8,5,33,1,11,1,0
PAY06001,CUST2353,37137,wallet,expired_card,4,5,37,0,20,0,1
PAY06002,CUST2996,19973,upi,bank_decline,16,2,61,1,12,1,1
PAY06003,CUST2397,32523,netbanking,network_timeout,25,7,66,1,15,0,0
PAY06004,CUST1301,15341,card,technical_error,3,5,67,0,17,1,0
PAY06005,CUST1799,34338,netbanking,expired_card,3,1,77,0,21,0,1
PAY06006,CUST1161,27148,wallet,network_timeout,20,2,59,1,5,0,0
PAY06007,CUST1799,7014,card,network_timeout,23,2,79,1,19,1,1
PAY06008,CUST0781,20951,card,technical_error,27,7,44,1,1,1,1
PAY06009,CUST0836,11970,card,technical_error,22,3,48,0,7,0,1
PAY06010,CUST0267,19007,netbanking,bank_decline,8,1,79,1,5,1,1
PAY06011,CUST0291,43207,card,insufficient_balance,13,7,41,0,12,0,0
PAY06012,CUST0630,46575,netbanking,network_timeout,2,1,58,0,6,0,0
PAY06013,CUST1018,46427,wallet,network_timeout,19,7,12,1,13,1,0
PAY06014,CUST2421,3840,wallet,bank_decline,25,3,60,0,20,0,0
PAY06015,CUST1705,37528,upi,bank_decline,11,2,62,1,13,0,1
PAY06016,CUST0346,2926,card,bank_decline,20,7,60,1,1,0,1
PAY06017,CUST2435,45256,wallet,network_timeout,2,8,27,0,11,1,0
PAY06018,CUST1562,48837,card,technical_error,0,6,12,0,16,1,0
PAY06019,CUST0999,29838,card,network_timeout,15,0,2,0,0,0,1
PAY06020,CUST0576,8777,card,insufficient_balance,22,6,71,0,19,0,1
PAY06021,CUST1306,6378,card,network_timeout,29,1,69,0,23,1,1
PAY06022,CUST2320,12940,netbanking,authentication_failed,18,1,0,1,14,1,0
PAY06023,CUST2524,34058,wallet,network_timeout,1,1,36,1,2,0,0
PAY06024,CUST1744,15132,upi,technical_error,4,2,46,0,18,1,1
PAY06025,CUST1054,8955,netbanking,technical_error,20,6,15,1,14,0,1
PAY06026,CUST0445,4223,wallet,network_timeout,27,2,41,1,9,1,1
PAY06027,CUST1295,21519,card,insufficient_balance,22,4,20,0,16,0,0
PAY06028,CUST1334,17360,card,expired_card,22,7,44,1,0,0,0
PAY06029,CUST1206,9383,netbanking,authentication_failed,24,2,53,0,7,1,1
PAY06030,CUST0735,14986,card,authentication_failed,14,5,36,1,15,0,1
PAY06031,CUST2812,12833,upi,network_timeout,4,0,51,0,22,0,1
PAY06032,CUST2522,41884,upi,network_timeout,7,1,67,1,14,1,1
PAY06033,CUST2999,30393,netbanking,expired_card,16,2,22,1,17,0,0
PAY06034,CUST2044,12899,card,network_timeout,29,4,78,1,7,0,1
PAY06035,CUST2859,38019,wallet,bank_decline,12,7,55,0,18,1,0
PAY06036,CUST0130,41569,upi,authentication_failed,19,6,83,1,19,0,1
PAY06037,CUST2611,2823,netbanking,authentication_failed,15,1,53,1,19,1,1
PAY06038,CUST1053,21119,netbanking,authentication_failed,9,6,44,1,14,0,1
PAY06039,CUST1005,45180,wallet,network_timeout,11,3,32,0,14,0,1
PAY06040,CUST2604,11536,wallet,insufficient_balance,4,2,59,1,13,1,0
PAY06041,CUST1053,49657,netbanking,insufficient_balance,15,4,76,1,13,1,1
PAY06042,CUST1404,41257,netbanking,authentication_failed,1,3,3,0,4,0,0
PAY06043,CUST1230,15414,wallet,bank_decline,10,4,45,0,17,0,0
PAY06044,CUST0881,9042,upi,expired_card,25,5,31,0,11,1,1
PAY06045,CUST1709,33831,upi,insufficient_balance,24,8,76,1,11,1,0
PAY06046,CUST2748,24255,netbanking,technical_error,28,2,85,0,7,0,1
PAY06047,CUST0464,13327,upi,authentication_failed,14,6,9,0,11,1,0
PAY06048,CUST1974,626,card,expired_card,28,1,14,0,11,0,1
PAY06049,CUST2608,25033,upi,insufficient_balance,2,5,31,1,5,0,0
PAY06050,CUST0464,23574,wallet,authentication_failed,29,6,43,0,18,0,1
PAY06051,CUST1542,13337,wallet,authentication_failed,11,0,47,1,23,0,1
PAY06052,CUST0495,24390,card,network_timeout,20,8,11,0,0,1,0
PAY06053,CUST1208,14580,card,network_timeout,4,7,62,0,4,0,0
PAY06054,CUST2775,24680,netbanking,bank_decline,18,4,18,1,20,1,1
PAY06055,CUST2575,12466,card,authentication_failed,16,2,48,0,5,1,0
PAY06056,CUST1824,27440,upi,authentication_failed,20,1,11,1,7,0,1
PAY06057,CUST0252,30167,netbanking,insufficient_balance,27,8,60,0,8,0,1
PAY06058,CUST1091,12286,wallet,authentication_failed,28,4,17,0,0,1,1
PAY06059,CUST2746,16960,wallet,network_timeout,9,3,64,0,23,0,0
PAY06060,CUST1692,32685,netbanking,authentication_failed,23,2,88,1,9,0,1
PAY06061,CUST1458,34984,netbanking,authentication_failed,15,4,31,1,15,1,1
PAY06062,CUST0548,33411,wallet,insufficient_balance,20,4,42,1,18,0,1
PAY06063,CUST0767,18957,netbanking,expired_card,22,4,3,1,4,0,1
PAY06064,CUST0088,717,card,expired_card,20,6,15,0,15,1,0
PAY06065,CUST2158,21184,netbanking,expired_card,6,0,44,1,22,1,1
PAY06066,CUST1575,8492,wallet,technical_error,5,3,30,1,7,0,0
PAY06067,CUST0134,48993,upi,authentication_failed,11,5,25,1,21,0,1
PAY06068,CUST2620,24298,wallet,authentication_failed,6,7,62,0,3,0,0
PAY06069,CUST1470,10462,netbanking,expired_card,16,7,4,0,7,0,0
PAY06070,CUST0480,4196,wallet,expired_card,3,7,30,0,11,0,0
PAY06071,CUST1685,9410,netbanking,technical_error,20,2,15,1,2,1,1
PAY06072,CUST1757,38054,netbanking,expired_card,7,8,63,1,2,1,0
PAY06073,CUST0281,15237,netbanking,authentication_failed,28,3,44,0,1,1,1
PAY06074,CUST1142,35392,upi,expired_card,13,2,61,0,19,1,1
PAY06075,CUST1150,13148,upi,network_timeout,13,1,19,0,20,0,1
PAY06076,CUST2251,27670,wallet,technical_error,9,2,85,1,15,1,1
PAY06077,CUST0422,20710,upi,bank_decline,21,7,17,0,22,1,0
PAY06078,CUST1449,2467,wallet,bank_decline,19,1,87,0,23,1,1
PAY06079,CUST1622,34046,netbanking,technical_error,27,4,37,0,13,1,1
PAY06080,CUST2343,15604,upi,network_timeout,24,1,11,1,12,1,1
PAY06081,CUST1279,1966,upi,bank_decline,23,2,12,0,12,0,1
PAY06082,CUST2932,16190,wallet,insufficient_balance,5,3,87,1,23,0,0
PAY06083,CUST2253,21421,upi,insufficient_balance,19,1,54,1,12,0,1
PAY06084,CUST0817,45664,card,bank_decline,23,3,79,1,2,1,1
PAY06085,CUST2094,19048,netbanking,expired_card,9,3,3,0,14,1,0
PAY06086,CUST1381,44367,wallet,authentication_failed,15,7,37,0,20,1,0
PAY06087,CUST1721,49138,netbanking,network_timeout,16,3,12,1,7,0,1
PAY06088,CUST0717,24144,upi,insufficient_balance,22,6,25,0,10,1,1
PAY06089,CUST1447,30464,wallet,bank_decline,27,0,58,0,5,1,0
PAY06090,CUST0096,30016,wallet,bank_decline,13,0,49,1,0,1,1
PAY06091,CUST2916,9798,wallet,network_timeout,30,0,53,1,11,1,1
PAY06092,CUST0857,9009,wallet,expired_card,15,4,13,1,2,0,0
PAY06093,CUST2755,17927,card,authentication_failed,24,4,25,1,16,1,1
PAY06094,CUST2109,13885,netbanking,technical_error,25,6,6,0,0,0,1
PAY06095,CUST2262,43359,upi,network_timeout,28,8,62,0,12,0,1
PAY06096,CUST2176,36236,card,technical_error,6,2,61,0,18,0,1
PAY06097,CUST2073,38924,upi,technical_error,26,1,78,1,19,0,1
PAY06098,CUST0395,27187,netbanking,network_timeout,3,8,9,1,23,1,0
PAY06099,CUST1871,27689,card,network_timeout,16,0,66,1,22,1,1
PAY06100,CUST2801,21032,upi,insufficient_balance,13,2,39,0,10,0,0
PAY06101,CUST2811,34069,upi,insufficient_balance,16,1,51,1,10,0,1
PAY06102,CUST1997,32162,upi,network_timeout,6,1,78,1,9,0,1
PAY06103,CUST0474,15782,netbanking,insufficient_balance,22,7,86,1,5,1,1
PAY06104,CUST1404,40525,upi,bank_decline,13,5,8,0,16,0,1
PAY06105,CUST1313,28758,wallet,authentication_failed,24,5,14,1,6,0,1
PAY06106,CUST1867,11208,wallet,network_timeout,24,5,32,0,13,0,1
PAY06107,CUST2192,6194,upi,expired_card,3,3,42,0,6,0,0
PAY06108,CUST1161,26461,card,authentication_failed,15,4,75,1,20,1,1
PAY06109,CUST1335,29319,netbanking,authentication_failed,23,4,54,1,9,1,1
PAY06110,CUST2208,9432,card,technical_error,27,7,27,0,3,0,0
PAY06111,CUST1352,21463,wallet,bank_decline,8,0,44,0,6,0,0
PAY06112,CUST1395,4444,upi,expired_card,24,6,47,0,17,1,0
PAY06113,CUST1324,45536,wallet,technical_error,18,6,88,0,17,1,0
PAY06114,CUST1092,19312,wallet,bank_decline,2,3,39,0,5,1,0
PAY06115,CUST0977,42122,upi,expired_card,27,1,3,1,11,1,1
PAY06116,CUST0555,40134,wallet,bank_decline,26,6,46,1,5,0,1
PAY06117,CUST1725,32791,card,insufficient_balance,28,3,27,1,14,1,1
PAY06118,CUST1861,16872,netbanking,network_timeout,1,8,32,0,18,1,1
PAY06119,CUST0500,49209,card,technical_error,5,0,1,0,21,1,1
PAY06120,CUST0145,40881,upi,expired_card,23,8,23,1,23,0,1
PAY06121,CUST1990,13082,upi,network_timeout,6,1,85,0,13,1,1
PAY06122,CUST1617,18544,wallet,authentication_failed,11,1,64,1,15,1,1
PAY06123,CUST2934,42206,wallet,technical_error,17,8,38,1,16,1,1
PAY06124,CUST2537,48102,netbanking,bank_decline,22,7,10,0,9,0,1
PAY06125,CUST1877,39527,netbanking,bank_decline,2,0,48,0,7,1,1
PAY06126,CUST0395,1459,upi,insufficient_balance,24,7,85,1,12,1,0
PAY06127,CUST2221,43372,netbanking,insufficient_balance,0,0,29,0,12,1,1
PAY06128,CUST0248,42139,upi,network_timeout,28,5,17,1,3,0,1
PAY06129,CUST1117,49573,upi,network_timeout,23,7,52,1,3,0,1
PAY06130,CUST0885,22205,upi,technical_error,9,5,60,1,1,0,1
PAY06131,CUST2917,41416,wallet,authentication_failed,2,0,69,1,20,0,1
PAY06132,CUST2943,38804,wallet,network_timeout,9,5,26,1,17,1,1
PAY06133,CUST1632,4678,upi,authentication_failed,24,7,52,1,12,0,0
PAY06134,CUST0466,41825,upi,expired_card,9,5,51,0,8,0,0
PAY06135,CUST0494,22673,upi,authentication_failed,29,8,80,0,21,1,0
PAY06136,CUST2288,42092,netbanking,insufficient_balance,29,1,22,0,1,1,1
PAY06137,CUST2364,2888,netbanking,network_timeout,24,0,22,1,3,1,1
PAY06138,CUST0132,14185,wallet,authentication_failed,8,2,31,1,23,0,0
PAY06139,CUST0892,5187,upi,expired_card,26,2,39,0,9,1,1
PAY06140,CUST0508,33692,wallet,bank_decline,5,1,61,1,19,1,0
PAY06141,CUST2981,9347,upi,network_timeout,1,1,63,0,15,1,1
PAY06142,CUST2220,8841,card,authentication_failed,10,1,61,1,0,1,1
PAY06143,CUST2802,37287,wallet,insufficient_balance,2,3,18,1,21,0,1
PAY06144,CUST2714,47716,netbanking,technical_error,12,1,79,1,22,1,1
PAY06145,CUST0378,40098,wallet,bank_decline,5,7,11,1,11,1,1
PAY06146,CUST0212,27894,netbanking,authentication_failed,17,6,64,1,5,0,1
PAY06147,CUST1810,33622,netbanking,authentication_failed,24,7,59,0,21,1,0
PAY06148,CUST0504,11761,card,technical_error,18,3,88,0,15,1,1
PAY06149,CUST2955,48785,wallet,network_timeout,21,7,81,0,0,0,0
PAY06150,CUST0702,42481,wallet,technical_error,27,6,20,1,9,1,0
PAY06151,CUST0750,29096,netbanking,insufficient_balance,0,0,28,1,16,0,1
PAY06152,CUST1721,18898,wallet,expired_card,26,4,76,0,21,1,0
PAY06153,CUST2224,42405,netbanking,technical_error,20,8,62,1,19,0,1
PAY06154,CUST2863,11792,card,insufficient_balance,23,2,21,1,17,1,1
PAY06155,CUST2053,30954,card,authentication_failed,21,3,60,1,11,1,1
PAY06156,CUST2177,24219,netbanking,expired_card,15,6,41,0,0,0,0
PAY06157,CUST1068,49071,wallet,expired_card,6,0,64,0,7,0,0
PAY06158,CUST0615,11457,netbanking,bank_decline,11,0,33,0,4,0,0
PAY06159,CUST1727,25871,netbanking,insufficient_balance,22,5,0,1,10,1,1
PAY06160,CUST2650,42324,wallet,insufficient_balance,3,4,72,0,21,1,0
PAY06161,CUST1729,11720,upi,authentication_failed,8,7,56,1,0,0,0
PAY06162,CUST2276,10075,card,bank_decline,30,1,7,0,4,1,1
PAY06163,CUST1295,34546,wallet,expired_card,3,7,83,0,19,1,0
PAY06164,CUST2510,31448,upi,authentication_failed,27,3,78,0,7,0,1
PAY06165,CUST2968,12939,wallet,bank_decline,17,8,26,1,16,0,0
PAY06166,CUST1416,33701,card,bank_decline,6,8,55,0,12,1,0
PAY06167,CUST0740,48778,upi,insufficient_balance,10,0,62,0,15,1,1
PAY06168,CUST0954,48121,netbanking,insufficient_balance,3,8,3,1,16,1,1
PAY06169,CUST2445,26568,card,authentication_failed,6,3,37,0,19,1,1
PAY06170,CUST0236,35566,wallet,bank_decline,4,2,52,1,5,0,1
PAY06171,CUST0232,29559,wallet,bank_decline,14,7,68,1,14,0,0
PAY06172,CUST2873,39536,wallet,network_timeout,17,1,77,0,11,1,1
PAY06173,CUST1085,28293,upi,insufficient_balance,1,5,27,1,8,0,1
PAY06174,CUST2739,27917,upi,expired_card,4,6,15,0,22,0,1
PAY06175,CUST0990,10023,netbanking,technical_error,22,7,63,0,12,1,1
PAY06176,CUST0446,34712,netbanking,technical_error,3,8,52,1,2,0,1
PAY06177,CUST0579,38131,netbanking,network_timeout,12,3,46,1,5,1,1
PAY06178,CUST1914,26508,upi,technical_error,17,5,60,0,12,1,1
PAY06179,CUST0142,836,wallet,insufficient_balance,17,4,29,1,16,0,1
PAY06180,CUST0111,38041,wallet,bank_decline,28,2,89,1,20,1,1
PAY06181,CUST2827,1175,netbanking,network_timeout,27,4,78,0,9,1,1
PAY06182,CUST0916,22692,wallet,expired_card,8,3,36,1,7,1,1
PAY06183,CUST1203,40642,wallet,network_timeout,22,0,62,1,23,1,1
PAY06184,CUST1870,9433,upi,insufficient_balance,4,6,39,1,23,0,1
PAY06185,CUST1327,15957,upi,network_timeout,0,2,63,0,4,1,1
PAY06186,CUST1489,48737,card,bank_decline,26,6,78,1,22,1,1
PAY06187,CUST2842,36996,upi,technical_error,22,0,40,0,8,1,1
PAY06188,CUST0985,36412,wallet,authentication_failed,19,0,14,1,16,0,1
PAY06189,CUST0635,2556,wallet,expired_card,27,0,6,0,12,0,1
PAY06190,CUST1426,24082,netbanking,technical_error,7,2,18,1,8,1,1
PAY06191,CUST1458,28682,netbanking,insufficient_balance,6,2,16,0,9,1,1
PAY06192,CUST1146,5599,upi,technical_error,25,5,83,0,14,1,1
PAY06193,CUST2311,39401,upi,insufficient_balance,30,0,30,0,10,1,1
PAY06194,CUST2392,21539,card,bank_decline,0,5,84,1,19,1,1
PAY06195,CUST2902,4370,card,bank_decline,26,3,52,0,20,0,1
PAY06196,CUST0575,34106,wallet,expired_card,1,8,82,0,2,1,0
PAY06197,CUST0782,1729,wallet,technical_error,25,3,67,0,2,1,1
PAY06198,CUST1287,8772,wallet,technical_error,18,6,17,0,0,0,0
PAY06199,CUST2264,18902,card,expired_card,4,1,64,1,1,1,1
PAY06200,CUST1571,3520,upi,authentication_failed,3,1,19,1,1,1,1
PAY06201,CUST2875,47912,netbanking,authentication_failed,16,6,41,1,19,0,0
PAY06202,CUST2245,17914,netbanking,network_timeout,19,3,69,1,11,1,1
PAY06203,CUST1881,4647,upi,bank_decline,20,0,87,1,8,1,0
PAY06204,CUST1254,34800,wallet,network_timeout,10,6,48,0,7,0,0
PAY06205,CUST2977,3199,netbanking,bank_decline,0,4,34,1,3,1,0
PAY06206,CUST0044,6482,upi,authentication_failed,24,3,42,0,13,1,0
PAY06207,CUST2574,24674,wallet,bank_decline,26,0,46,0,11,0,1
PAY06208,CUST2095,23743,netbanking,authentication_failed,14,6,42,1,17,0,1
PAY06209,CUST1951,37647,upi,technical_error,3,4,62,1,7,1,1
PAY06210,CUST0623,37255,card,authentication_failed,6,5,19,0,22,1,1
PAY06211,CUST0075,38929,card,network_timeout,4,7,54,1,15,0,1
PAY06212,CUST1264,12374,netbanking,authentication_failed,20,3,21,0,3,0,1
PAY06213,CUST2591,38169,card,insufficient_balance,13,6,86,0,7,1,1
PAY06214,CUST1844,12692,card,insufficient_balance,30,3,0,0,3,1,1
PAY06215,CUST1516,10748,upi,bank_decline,17,0,26,1,12,0,0
PAY06216,CUST0804,48452,upi,technical_error,14,4,81,0,11,1,0
PAY06217,CUST1311,26537,wallet,bank_decline,24,8,4,1,17,0,0
PAY06218,CUST0129,3351,netbanking,technical_error,18,5,89,0,17,0,1
PAY06219,CUST1342,30844,netbanking,network_timeout,29,1,40,1,7,1,1
PAY06220,CUST1860,35519,card,technical_error,20,0,61,1,19,1,1
PAY06221,CUST2537,47547,card,expired_card,28,8,66,0,11,0,1
PAY06222,CUST1209,17866,wallet,bank_decline,2,5,32,0,14,0,0
PAY06223,CUST0146,344,wallet,expired_card,13,2,50,1,13,1,1
PAY06224,CUST1190,20658,netbanking,insufficient_balance,24,6,28,1,15,1,1
PAY06225,CUST1776,23730,netbanking,technical_error,19,0,21,0,8,1,1
PAY06226,CUST0544,15369,card,bank_decline,5,2,48,1,8,1,0
PAY06227,CUST2515,42451,card,technical_error,20,6,12,1,12,0,1
PAY06228,CUST2248,33964,upi,bank_decline,6,5,68,0,21,1,1
PAY06229,CUST0847,13257,card,authentication_failed,11,1,80,0,2,0,0
PAY06230,CUST1416,28344,card,network_timeout,30,7,0,0,15,1,1
PAY06231,CUST1945,12398,netbanking,expired_card,14,3,57,0,23,0,0
PAY06232,CUST0929,40771,card,bank_decline,24,6,9,1,17,0,1
PAY06233,CUST0697,22791,netbanking,authentication_failed,30,8,34,0,3,0,1
PAY06234,CUST2600,46313,netbanking,authentication_failed,21,7,38,0,16,1,0
PAY06235,CUST1260,29393,netbanking,network_timeout,27,7,24,1,4,1,1
PAY06236,CUST0428,48980,wallet,expired_card,13,5,56,1,18,0,0
PAY06237,CUST1577,8272,upi,authentication_failed,9,4,19,1,3,0,0
PAY06238,CUST2073,2562,netbanking,expired_card,10,5,9,0,9,0,0
PAY06239,CUST1512,8577,wallet,insufficient_balance,9,8,32,0,2,1,1
PAY06240,CUST0357,44064,wallet,network_timeout,28,6,32,0,9,1,0
PAY06241,CUST1333,14016,upi,bank_decline,22,5,22,0,3,1,1
PAY06242,CUST1562,40275,card,expired_card,13,1,48,1,2,1,1
PAY06243,CUST1942,15035,upi,bank_decline,13,8,34,0,23,0,0
PAY06244,CUST0826,17606,card,authentication_failed,15,8,8,0,19,0,1
PAY06245,CUST1995,7392,netbanking,bank_decline,20,1,84,1,11,0,0
PAY06246,CUST1277,38299,netbanking,network_timeout,8,5,41,0,17,1,1
PAY06247,CUST0872,25243,card,bank_decline,5,6,54,0,16,0,0
PAY06248,CUST2192,16958,upi,technical_error,16,1,48,1,16,0,1
PAY06249,CUST1919,46861,upi,insufficient_balance,20,0,76,0,14,0,1
PAY06250,CUST1277,47512,wallet,expired_card,8,5,0,0,0,0,0
PAY06251,CUST1547,44111,card,expired_card,11,1,86,0,16,0,1
PAY06252,CUST2103,31518,upi,insufficient_balance,1,0,22,1,20,1,1
PAY06253,CUST0980,46925,upi,bank_decline,5,2,26,1,7,1,1
PAY06254,CUST2512,21332,card,expired_card,26,3,18,1,1,1,1
PAY06255,CUST2397,3250,netbanking,bank_decline,7,5,26,1,4,0,0
PAY06256,CUST1714,49751,netbanking,expired_card,18,3,6,1,6,1,1
PAY06257,CUST0778,20103,netbanking,network_timeout,6,5,78,1,9,0,1
PAY06258,CUST1724,3982,wallet,network_timeout,22,0,78,1,5,1,1
PAY06259,CUST1046,825,netbanking,network_timeout,8,3,14,1,9,0,0
PAY06260,CUST0283,39946,card,authentication_failed,6,6,46,1,9,0,0
PAY06261,CUST2626,49986,upi,authentication_failed,11,4,22,1,1,0,1
PAY06262,CUST1691,8433,upi,insufficient_balance,6,8,33,0,11,1,1
PAY06263,CUST2496,40471,upi,technical_error,20,5,73,1,11,0,1
PAY06264,CUST0638,21467,card,authentication_failed,15,4,62,1,5,1,0
PAY06265,CUST2551,29276,wallet,expired_card,12,5,40,0,5,1,0
PAY06266,CUST1785,13328,upi,bank_decline,15,6,54,1,14,0,0
PAY06267,CUST0861,5361,card,network_timeout,5,2,80,0,7,0,0
PAY06268,CUST2638,49918,wallet,expired_card,25,3,82,1,5,0,1
PAY06269,CUST1235,18924,upi,expired_card,9,5,58,1,18,0,1
PAY06270,CUST2534,27949,upi,technical_error,22,2,46,0,11,1,1
PAY06271,CUST0882,2453,upi,expired_card,22,3,43,0,2,1,1
PAY06272,CUST0259,32224,upi,authentication_failed,9,6,53,0,13,0,1
PAY06273,CUST1048,30916,card,expired_card,15,5,53,0,0,0,1
PAY06274,CUST2722,5135,card,insufficient_balance,26,0,20,0,3,0,1
PAY06275,CUST0859,38250,netbanking,expired_card,3,2,12,1,19,0,1
PAY06276,CUST0559,12619,upi,technical_error,11,4,12,1,4,0,1
PAY06277,CUST1677,15217,upi,bank_decline,23,2,14,1,8,1,1
PAY06278,CUST0832,31216,card,expired_card,20,0,34,1,3,1,1
PAY06279,CUST2001,35722,wallet,bank_decline,17,8,4,0,21,0,1
PAY06280,CUST2617,23231,card,insufficient_balance,5,6,68,1,5,0,1
PAY06281,CUST0717,46385,wallet,insufficient_balance,10,5,34,1,19,0,0
PAY06282,CUST0851,12699,wallet,authentication_failed,18,3,11,0,10,1,1
PAY06283,CUST0340,37296,wallet,insufficient_balance,5,3,90,0,11,1,0
PAY06284,CUST1396,22286,upi,bank_decline,30,8,60,1,20,0,1
PAY06285,CUST2581,25066,card,insufficient_balance,28,3,42,1,9,0,1
PAY06286,CUST2769,38325,upi,network_timeout,19,8,55,0,19,1,1
PAY06287,CUST0051,31668,wallet,bank_decline,30,6,72,0,21,0,1
PAY06288,CUST2333,42441,card,authentication_failed,18,4,71,1,8,1,1
PAY06289,CUST0483,11459,upi,authentication_failed,2,0,4,0,9,0,0
PAY06290,CUST1484,22175,card,bank_decline,27,5,66,1,6,1,1
PAY06291,CUST0864,21938,upi,insufficient_balance,5,7,4,0,16,1,0
PAY06292,CUST1673,28574,wallet,technical_error,11,8,34,0,2,0,1
PAY06293,CUST1578,10688,card,network_timeout,22,6,45,0,9,1,0
PAY06294,CUST1891,13649,wallet,authentication_failed,11,4,25,0,0,1,1
PAY06295,CUST1449,28866,wallet,network_timeout,21,0,26,0,21,0,1
PAY06296,CUST1889,21762,wallet,network_timeout,17,8,74,1,17,1,0
PAY06297,CUST2498,29680,upi,expired_card,27,8,38,0,8,0,0
PAY06298,CUST0772,6642,netbanking,technical_error,8,5,21,0,5,1,1
PAY06299,CUST2897,36027,wallet,network_timeout,13,2,82,0,19,0,1
PAY06300,CUST2260,3016,netbanking,network_timeout,20,1,40,0,9,0,1
PAY06301,CUST1196,239,netbanking,network_timeout,17,5,1,0,22,0,0
PAY06302,CUST2763,17548,wallet,authentication_failed,8,2,76,1,7,1,1
PAY06303,CUST1044,4829,upi,insufficient_balance,25,6,38,1,4,1,1
PAY06304,CUST2835,17594,upi,authentication_failed,18,2,36,1,6,1,1
PAY06305,CUST0054,19055,upi,expired_card,0,8,10,1,9,1,0
PAY06306,CUST0567,24178,upi,technical_error,22,6,67,1,20,0,1
PAY06307,CUST1853,28444,upi,network_timeout,18,1,70,0,5,0,1
PAY06308,CUST1257,25277,wallet,network_timeout,29,4,20,0,19,1,1
PAY06309,CUST0007,10677,card,technical_error,24,7,75,0,19,1,1
PAY06310,CUST2762,16276,netbanking,network_timeout,26,5,79,0,2,1,0
PAY06311,CUST1400,42658,upi,insufficient_balance,3,7,7,0,21,1,0
PAY06312,CUST0835,15779,wallet,technical_error,15,0,68,1,1,1,1
PAY06313,CUST2651,15544,wallet,bank_decline,29,5,70,1,5,1,0
PAY06314,CUST0813,30717,card,bank_decline,4,0,87,0,10,0,0
PAY06315,CUST0984,14987,card,network_timeout,6,2,43,1,18,1,1
PAY06316,CUST1113,29266,netbanking,network_timeout,6,3,8,0,11,0,0
PAY06317,CUST2437,27268,upi,technical_error,9,8,88,1,5,0,0
PAY06318,CUST1689,43092,wallet,insufficient_balance,2,5,38,0,0,0,0
PAY06319,CUST0846,42176,netbanking,authentication_failed,18,1,31,0,11,1,1
PAY06320,CUST2624,22553,upi,authentication_failed,12,6,63,0,6,1,0
PAY06321,CUST1254,27540,upi,expired_card,2,4,41,0,5,0,0
PAY06322,CUST0871,9222,netbanking,authentication_failed,6,4,65,1,23,0,1
PAY06323,CUST2936,39132,wallet,technical_error,18,3,32,1,11,1,1
PAY06324,CUST1869,20762,upi,authentication_failed,7,5,22,0,21,1,1
PAY06325,CUST0001,44885,wallet,expired_card,0,6,36,0,4,0,0
PAY06326,CUST2835,48470,card,expired_card,8,0,19,1,8,1,1
PAY06327,CUST2061,13493,card,bank_decline,28,5,1,0,12,0,1
PAY06328,CUST0581,32700,card,insufficient_balance,20,4,73,0,8,0,1
PAY06329,CUST0068,44386,netbanking,insufficient_balance,12,6,25,1,9,0,1
PAY06330,CUST1903,10113,card,insufficient_balance,29,6,33,1,9,0,1
PAY06331,CUST1588,31979,wallet,technical_error,20,7,78,1,15,1,1
PAY06332,CUST1597,31514,upi,bank_decline,19,8,52,0,0,0,1
PAY06333,CUST2831,15334,upi,insufficient_balance,4,7,78,0,3,1,0
PAY06334,CUST0005,11307,wallet,authentication_failed,27,7,15,1,2,1,1
PAY06335,CUST2470,18654,card,technical_error,11,1,39,1,11,1,1
PAY06336,CUST0505,27350,card,insufficient_balance,17,4,74,1,22,0,1
PAY06337,CUST1632,2016,wallet,technical_error,28,2,20,1,18,1,1
PAY06338,CUST2911,26574,card,expired_card,24,1,1,1,12,0,1
PAY06339,CUST2755,24257,upi,technical_error,28,3,20,1,14,0,1
PAY06340,CUST2242,33174,netbanking,network_timeout,13,0,24,0,22,0,1
PAY06341,CUST1170,48329,wallet,authentication_failed,26,1,10,0,1,0,1
PAY06342,CUST1921,14031,card,authentication_failed,4,3,67,1,20,1,0
PAY06343,CUST2877,6480,upi,technical_error,20,2,4,1,4,0,1
PAY06344,CUST0807,3095,upi,insufficient_balance,11,8,19,0,7,1,0
PAY06345,CUST0277,7018,card,insufficient_balance,20,7,60,0,17,1,1
PAY06346,CUST2465,10411,wallet,technical_error,14,6,56,0,7,1,1
PAY06347,CUST0032,41703,netbanking,insufficient_balance,4,6,52,1,3,1,0
PAY06348,CUST1048,45077,netbanking,technical_error,12,5,58,1,6,0,0
PAY06349,CUST1651,10272,card,bank_decline,16,1,39,1,18,0,1
PAY06350,CUST2407,33244,wallet,insufficient_balance,1,2,75,0,2,0,0
PAY06351,CUST0042,49855,card,technical_error,8,3,82,0,18,0,1
PAY06352,CUST1187,5616,card,network_timeout,22,7,75,1,7,0,1
PAY06353,CUST0087,41102,netbanking,network_timeout,14,4,73,1,1,1,1
PAY06354,CUST1159,15766,upi,bank_decline,3,2,73,0,4,1,1
PAY06355,CUST2662,17381,card,bank_decline,2,6,75,0,21,1,1
PAY06356,CUST0733,17991,card,technical_error,23,8,42,0,20,1,0
PAY06357,CUST0953,8797,upi,technical_error,3,3,62,0,23,1,1
PAY06358,CUST1978,46756,netbanking,network_timeout,1,3,60,1,5,0,1
PAY06359,CUST1698,47899,netbanking,technical_error,8,1,41,0,11,0,0
PAY06360,CUST2157,23032,card,bank_decline,7,5,63,0,3,1,1
PAY06361,CUST1159,18321,wallet,bank_decline,26,8,35,1,3,0,0
PAY06362,CUST0699,44967,card,network_timeout,24,0,22,0,10,1,1
PAY06363,CUST2807,8015,card,technical_error,11,8,10,0,1,0,1
PAY06364,CUST1169,25264,card,insufficient_balance,6,5,31,1,20,1,1
PAY06365,CUST2087,10782,card,network_timeout,25,4,6,0,4,0,1
PAY06366,CUST1379,28201,upi,network_timeout,12,7,48,1,1,0,1
PAY06367,CUST1856,6331,wallet,technical_error,18,2,59,1,14,1,1
PAY06368,CUST0368,35835,card,technical_error,6,8,29,1,15,1,1
PAY06369,CUST0188,22912,card,network_timeout,20,4,60,0,0,0,1
PAY06370,CUST0757,33992,upi,network_timeout,6,1,90,0,22,1,1
PAY06371,CUST2094,11418,netbanking,authentication_failed,28,1,38,0,0,1,1
PAY06372,CUST1211,20359,wallet,technical_error,14,8,80,1,4,1,1
PAY06373,CUST2305,27146,upi,expired_card,18,0,2,0,18,1,0
PAY06374,CUST1720,34568,upi,insufficient_balance,8,5,0,0,8,0,0
PAY06375,CUST2534,23957,card,authentication_failed,2,3,80,0,6,0,0
PAY06376,CUST1816,25589,wallet,network_timeout,15,0,49,0,12,1,1
PAY06377,CUST2279,48184,netbanking,bank_decline,9,8,86,0,20,0,0
PAY06378,CUST2455,34323,wallet,insufficient_balance,16,4,66,0,16,0,0
PAY06379,CUST2190,25608,wallet,technical_error,4,3,35,1,8,0,0
PAY06380,CUST1338,24340,wallet,insufficient_balance,27,4,63,1,5,0,0
PAY06381,CUST0912,37501,wallet,insufficient_balance,20,6,19,0,22,0,0
PAY06382,CUST1672,598,netbanking,technical_error,21,4,14,1,23,0,1
PAY06383,CUST0794,4574,card,network_timeout,14,0,89,1,13,1,1
PAY06384,CUST0995,28796,upi,network_timeout,22,8,46,0,11,1,1
PAY06385,CUST2977,47260,card,expired_card,15,0,46,1,2,0,1
PAY06386,CUST1707,20916,wallet,expired_card,12,4,12,1,10,1,0
PAY06387,CUST1597,27598,wallet,network_timeout,10,7,14,0,3,0,1
PAY06388,CUST0160,32484,card,network_timeout,16,0,88,1,20,0,1
PAY06389,CUST1505,37434,wallet,bank_decline,20,2,52,0,11,1,1
PAY06390,CUST0563,22722,wallet,bank_decline,2,5,3,0,6,1,0
PAY06391,CUST2488,41262,netbanking,technical_error,1,8,53,0,16,1,0
PAY06392,CUST2754,49907,upi,network_timeout,26,4,26,1,4,0,1
PAY06393,CUST2428,39612,wallet,technical_error,11,3,16,0,22,0,1
PAY06394,CUST0265,46759,upi,insufficient_balance,28,8,72,0,0,0,0
PAY06395,CUST1150,582,card,insufficient_balance,15,6,44,1,23,0,0
PAY06396,CUST0435,20025,card,expired_card,13,5,0,0,11,1,1
PAY06397,CUST2246,32110,card,authentication_failed,23,0,78,1,19,0,1
PAY06398,CUST0586,44808,wallet,authentication_failed,19,0,34,1,6,1,1
PAY06399,CUST2477,4556,card,technical_error,24,3,66,1,8,0,1
PAY06400,CUST1559,8821,wallet,technical_error,29,6,10,1,22,0,0
PAY06401,CUST1593,29268,wallet,network_timeout,14,7,40,0,19,1,0
PAY06402,CUST2933,44735,netbanking,authentication_failed,25,2,88,1,19,0,0
PAY06403,CUST1465,17929,wallet,technical_error,17,1,85,1,3,0,1
PAY06404,CUST1057,21588,upi,bank_decline,24,7,4,1,1,1,1
PAY06405,CUST1384,22249,card,expired_card,13,2,33,1,17,0,1
PAY06406,CUST2227,48780,wallet,bank_decline,16,5,3,0,7,0,1
PAY06407,CUST2364,13266,wallet,network_timeout,14,4,10,1,5,0,1
PAY06408,CUST0415,15878,netbanking,technical_error,26,8,39,0,17,0,1
PAY06409,CUST2236,43599,card,expired_card,0,4,49,0,9,1,0
PAY06410,CUST2183,28769,upi,expired_card,26,7,23,0,13,0,1
PAY06411,CUST1973,14992,upi,network_timeout,16,0,30,1,10,1,1
PAY06412,CUST1270,26102,netbanking,insufficient_balance,30,2,8,0,19,1,1
PAY06413,CUST1213,39507,wallet,technical_error,13,1,62,1,22,0,1
PAY06414,CUST0235,31049,card,technical_error,19,1,88,1,12,1,1
PAY06415,CUST1718,4566,wallet,network_timeout,19,5,15,0,1,0,1
PAY06416,CUST2928,23109,wallet,authentication_failed,5,5,61,1,4,0,1
PAY06417,CUST0233,47693,card,insufficient_balance,16,0,44,1,18,1,1
PAY06418,CUST1531,1627,card,network_timeout,24,4,38,1,2,1,0
PAY06419,CUST1747,25150,upi,network_timeout,30,5,57,0,15,1,1
PAY06420,CUST1777,10242,upi,network_timeout,5,1,57,1,17,0,1
PAY06421,CUST2300,14001,card,expired_card,6,7,3,0,23,0,1
PAY06422,CUST2630,31433,wallet,authentication_failed,23,0,85,1,5,0,1
PAY06423,CUST2752,14291,upi,authentication_failed,8,8,77,0,4,0,0
PAY06424,CUST2655,30607,wallet,expired_card,13,7,60,1,12,1,0
PAY06425,CUST2234,21411,upi,insufficient_balance,8,1,37,1,4,1,1
PAY06426,CUST2661,36901,card,bank_decline,14,5,60,1,13,1,1
PAY06427,CUST2170,22301,wallet,technical_error,11,6,38,1,2,0,0
PAY06428,CUST1135,9114,wallet,technical_error,7,4,49,0,20,1,0
PAY06429,CUST0374,26216,netbanking,insufficient_balance,5,8,62,0,10,0,0
PAY06430,CUST0355,36195,wallet,bank_decline,16,6,30,1,20,0,0
PAY06431,CUST1122,18754,wallet,authentication_failed,15,7,38,1,13,0,0
PAY06432,CUST2393,29314,card,network_timeout,6,1,67,1,5,1,0
PAY06433,CUST1993,37358,wallet,network_timeout,27,6,85,1,14,1,0
PAY06434,CUST2992,11550,card,expired_card,21,0,85,1,15,1,1
PAY06435,CUST1653,11597,upi,network_timeout,12,3,33,1,10,0,1
PAY06436,CUST2177,47366,wallet,expired_card,24,1,44,0,2,0,1
PAY06437,CUST0261,19306,card,authentication_failed,27,3,66,0,20,1,1
PAY06438,CUST2554,3173,wallet,authentication_failed,16,6,40,0,20,1,0
PAY06439,CUST1789,26960,card,network_timeout,15,0,44,0,19,1,1
PAY06440,CUST1897,2524,card,authentication_failed,10,5,88,0,5,1,1
PAY06441,CUST1263,5201,upi,expired_card,12,5,42,0,22,1,1
PAY06442,CUST2943,31971,wallet,insufficient_balance,29,5,14,1,17,0,1
PAY06443,CUST0572,472,upi,insufficient_balance,25,7,15,0,6,0,0
PAY06444,CUST2050,3389,card,insufficient_balance,2,4,76,0,1,1,1
PAY06445,CUST1814,45042,netbanking,expired_card,11,7,87,1,7,1,1
PAY06446,CUST2813,42383,upi,insufficient_balance,17,2,29,0,6,0,1
PAY06447,CUST2714,46376,card,technical_error,25,3,53,1,18,1,0
PAY06448,CUST2555,34016,upi,expired_card,18,8,82,0,16,1,0
PAY06449,CUST1598,39449,wallet,insufficient_balance,4,7,40,1,10,1,0
PAY06450,CUST0581,31176,card,authentication_failed,6,7,6,0,8,1,0
PAY06451,CUST1608,40086,netbanking,expired_card,18,8,78,0,19,0,1
PAY06452,CUST1555,26264,card,technical_error,9,7,67,0,1,1,0
PAY06453,CUST0603,27997,netbanking,bank_decline,23,5,64,1,5,1,1
PAY06454,CUST1098,49851,netbanking,bank_decline,29,3,10,0,23,1,0
PAY06455,CUST0573,45144,card,technical_error,30,2,58,1,18,0,1
PAY06456,CUST2808,37266,card,technical_error,16,1,87,0,4,0,1
PAY06457,CUST0156,12005,card,expired_card,20,1,17,1,2,0,1
PAY06458,CUST1570,33498,netbanking,network_timeout,10,4,13,1,21,1,1
PAY06459,CUST0677,15168,wallet,network_timeout,0,8,57,1,15,1,1
PAY06460,CUST0317,40371,card,network_timeout,6,2,20,1,0,1,1
PAY06461,CUST0991,18904,wallet,technical_error,23,4,30,0,13,1,1
PAY06462,CUST1051,34961,netbanking,bank_decline,8,3,9,0,6,0,1
PAY06463,CUST0895,15301,netbanking,expired_card,7,7,55,1,7,0,1
PAY06464,CUST1457,36012,netbanking,technical_error,5,1,79,1,23,1,1
PAY06465,CUST1398,39586,wallet,technical_error,4,2,34,0,2,0,0
PAY06466,CUST2787,43701,card,insufficient_balance,11,5,64,0,23,0,1
PAY06467,CUST2824,13600,card,bank_decline,17,1,34,0,4,1,1
PAY06468,CUST1915,1459,wallet,bank_decline,28,0,58,1,19,0,1
PAY06469,CUST1230,16723,netbanking,expired_card,23,7,41,1,2,0,1
PAY06470,CUST0945,7320,netbanking,authentication_failed,13,8,62,0,3,0,1
PAY06471,CUST0535,19661,upi,bank_decline,25,4,40,1,7,1,0
PAY06472,CUST1751,34724,netbanking,expired_card,16,3,90,0,0,0,0
PAY06473,CUST0788,22788,netbanking,technical_error,22,7,17,1,6,0,1
PAY06474,CUST2847,31134,netbanking,network_timeout,26,2,62,0,19,0,0
PAY06475,CUST1593,20134,upi,network_timeout,23,0,22,0,17,1,1
PAY06476,CUST0666,33935,card,bank_decline,7,6,53,1,18,1,1
PAY06477,CUST0172,24922,netbanking,technical_error,22,0,87,0,18,1,1
PAY06478,CUST2716,41426,netbanking,insufficient_balance,23,3,44,1,4,0,1
PAY06479,CUST2381,21943,card,insufficient_balance,2,1,15,1,0,0,1
PAY06480,CUST0017,2727,upi,insufficient_balance,4,0,45,0,4,0,1
PAY06481,CUST0175,35606,upi,technical_error,22,5,49,0,16,0,1
PAY06482,CUST1194,27931,wallet,network_timeout,27,7,14,0,2,1,1
PAY06483,CUST1926,35262,upi,expired_card,25,7,45,0,3,1,0
PAY06484,CUST0785,37306,card,bank_decline,13,5,7,1,16,1,1
PAY06485,CUST1893,47087,wallet,network_timeout,5,7,25,0,13,0,1
PAY06486,CUST0978,22931,card,insufficient_balance,22,4,43,0,12,0,1
PAY06487,CUST0519,48727,wallet,network_timeout,29,5,19,1,2,1,0
PAY06488,CUST2493,16953,netbanking,bank_decline,28,4,48,1,12,1,1
PAY06489,CUST1625,41746,netbanking,bank_decline,19,1,35,0,22,1,1
PAY06490,CUST0035,1236,card,network_timeout,26,1,27,1,8,0,1
PAY06491,CUST1833,33561,netbanking,bank_decline,23,1,2,1,7,0,1
PAY06492,CUST0781,11925,upi,expired_card,27,8,88,0,7,1,0
PAY06493,CUST1752,10876,upi,insufficient_balance,23,3,34,1,1,0,1
PAY06494,CUST1403,18184,card,bank_decline,15,6,47,1,17,1,0
PAY06495,CUST1791,5245,card,authentication_failed,20,0,4,0,11,0,0
PAY06496,CUST0503,34812,wallet,insufficient_balance,20,4,63,0,19,0,1
PAY06497,CUST2563,13607,netbanking,technical_error,21,1,36,0,4,1,1
PAY06498,CUST2412,42183,wallet,insufficient_balance,2,5,89,1,20,1,1
PAY06499,CUST2770,34552,card,authentication_failed,0,8,61,1,15,1,0
PAY06500,CUST1888,21628,card,authentication_failed,6,1,65,0,23,0,0
PAY06501,CUST0789,32291,card,authentication_failed,23,8,35,1,8,1,1
PAY06502,CUST2196,41925,netbanking,network_timeout,3,3,80,0,7,1,1
PAY06503,CUST2929,44423,netbanking,network_timeout,17,4,22,0,5,1,1
PAY06504,CUST1147,21279,wallet,network_timeout,2,7,57,0,7,1,0
PAY06505,CUST2708,2591,card,network_timeout,13,5,24,1,1,1,1
PAY06506,CUST1207,47566,wallet,network_timeout,5,7,73,0,2,0,0
PAY06507,CUST2188,10310,wallet,insufficient_balance,20,7,59,1,13,0,0
PAY06508,CUST1779,45659,card,expired_card,3,8,55,1,0,1,1
PAY06509,CUST1574,26506,card,network_timeout,26,8,23,0,2,0,0
PAY06510,CUST1970,20626,wallet,expired_card,7,5,71,0,0,1,1
PAY06511,CUST1318,14728,upi,authentication_failed,12,3,14,1,18,0,1
PAY06512,CUST2055,41353,wallet,technical_error,3,8,87,1,3,1,0
PAY06513,CUST1310,42487,wallet,technical_error,13,3,32,1,21,1,1
PAY06514,CUST2423,25137,netbanking,authentication_failed,21,2,22,0,13,0,0
PAY06515,CUST1386,22587,upi,network_timeout,0,3,44,0,21,1,1
PAY06516,CUST1509,26688,upi,expired_card,23,4,78,0,23,0,1
PAY06517,CUST2077,34030,netbanking,insufficient_balance,9,8,69,0,2,0,1
PAY06518,CUST1805,47597,upi,bank_decline,27,7,64,0,9,0,1
PAY06519,CUST2035,38303,upi,insufficient_balance,30,8,10,0,12,1,0
PAY06520,CUST0353,32283,wallet,authentication_failed,3,1,0,0,9,0,1
PAY06521,CUST0715,3591,wallet,insufficient_balance,13,1,63,1,10,1,1
PAY06522,CUST1072,7013,wallet,authentication_failed,19,1,64,1,20,0,1
PAY06523,CUST0074,4174,card,network_timeout,28,1,29,0,1,0,1
PAY06524,CUST2956,7796,netbanking,technical_error,18,0,32,0,2,0,1
PAY06525,CUST2977,16302,upi,network_timeout,11,8,9,0,14,1,1
PAY06526,CUST0604,17569,netbanking,insufficient_balance,20,7,90,1,9,1,0
PAY06527,CUST1546,5047,netbanking,bank_decline,17,1,47,0,6,1,1
PAY06528,CUST1345,40800,wallet,expired_card,15,0,80,0,9,1,0
PAY06529,CUST2817,7879,upi,authentication_failed,21,0,65,0,7,0,1
PAY06530,CUST1540,22876,wallet,network_timeout,18,7,68,1,17,0,0
PAY06531,CUST0556,24806,wallet,bank_decline,21,1,49,0,23,1,1
PAY06532,CUST1856,44274,card,authentication_failed,26,8,81,1,22,1,0
PAY06533,CUST1455,29981,netbanking,technical_error,23,6,47,1,14,1,0
PAY06534,CUST2460,30507,wallet,bank_decline,15,3,88,0,1,1,0
PAY06535,CUST1303,2327,wallet,technical_error,4,3,83,0,15,0,1
PAY06536,CUST0918,37188,upi,expired_card,14,4,88,0,21,0,1
PAY06537,CUST1778,32786,wallet,expired_card,14,0,57,0,20,1,1
PAY06538,CUST1072,26487,card,authentication_failed,23,5,19,0,14,0,0
PAY06539,CUST0555,4471,upi,insufficient_balance,0,5,65,1,21,0,1
PAY06540,CUST2575,33386,card,insufficient_balance,22,2,75,1,10,1,1
PAY06541,CUST1632,40633,upi,network_timeout,16,8,68,0,15,0,1
PAY06542,CUST1797,39320,card,authentication_failed,21,0,53,0,6,0,0
PAY06543,CUST1417,48654,netbanking,insufficient_balance,24,4,37,0,18,1,0
PAY06544,CUST1271,29861,card,authentication_failed,17,4,69,1,15,0,1
PAY06545,CUST0458,46188,wallet,insufficient_balance,9,8,80,1,18,1,1
PAY06546,CUST0982,16883,upi,bank_decline,11,0,78,1,3,1,1
PAY06547,CUST0579,41462,wallet,bank_decline,5,4,1,1,5,1,1
PAY06548,CUST0233,5563,upi,insufficient_balance,27,1,47,1,13,1,1
PAY06549,CUST0254,4230,card,technical_error,14,1,59,0,0,1,1
PAY06550,CUST1367,47011,upi,authentication_failed,28,0,60,0,16,0,1
PAY06551,CUST0614,11403,card,insufficient_balance,3,8,74,1,1,1,0
PAY06552,CUST0144,12604,netbanking,bank_decline,3,1,60,0,9,0,0
PAY06553,CUST1977,46416,netbanking,network_timeout,8,6,44,1,9,1,1
PAY06554,CUST0352,12112,upi,insufficient_balance,29,5,46,0,13,1,1
PAY06555,CUST2539,5809,netbanking,authentication_failed,13,6,24,0,22,0,1
PAY06556,CUST1565,13194,upi,technical_error,13,4,65,1,10,0,1
PAY06557,CUST0224,29358,netbanking,expired_card,6,5,22,1,20,0,1
PAY06558,CUST0264,37236,card,bank_decline,11,3,50,1,14,0,1
PAY06559,CUST1610,42782,wallet,technical_error,13,7,62,0,6,1,0
PAY06560,CUST0265,20346,netbanking,insufficient_balance,8,4,70,1,8,0,0
PAY06561,CUST2807,20832,upi,expired_card,29,0,73,0,21,1,1
PAY06562,CUST0805,23113,card,technical_error,8,0,48,0,19,0,1
PAY06563,CUST2462,46704,netbanking,authentication_failed,23,6,46,0,6,0,0
PAY06564,CUST1867,5722,card,network_timeout,9,1,22,1,8,0,1
PAY06565,CUST2116,17485,wallet,authentication_failed,0,8,12,0,20,0,0
PAY06566,CUST1485,3291,card,bank_decline,27,3,30,0,21,0,0
PAY06567,CUST1602,8428,netbanking,technical_error,7,2,70,1,11,1,1
PAY06568,CUST0491,7382,upi,authentication_failed,9,1,17,0,0,0,1
PAY06569,CUST1752,11450,upi,technical_error,3,8,27,0,8,1,0
PAY06570,CUST0475,27260,wallet,technical_error,2,7,57,1,3,1,1
PAY06571,CUST0033,32307,card,network_timeout,15,2,78,0,7,0,1
PAY06572,CUST2881,21482,card,insufficient_balance,23,3,46,0,2,1,1
PAY06573,CUST1013,23183,wallet,insufficient_balance,22,8,58,0,22,1,1
PAY06574,CUST1451,45847,card,expired_card,22,0,73,1,3,1,0
PAY06575,CUST1829,43689,wallet,network_timeout,24,6,70,0,17,0,1
PAY06576,CUST0318,35237,upi,expired_card,9,6,70,0,3,1,0
PAY06577,CUST0798,24701,upi,technical_error,15,0,27,1,20,1,1
PAY06578,CUST2638,45740,wallet,insufficient_balance,4,2,27,0,4,1,1
PAY06579,CUST0651,28463,upi,bank_decline,27,8,27,1,16,0,0
PAY06580,CUST0650,22408,netbanking,network_timeout,9,5,17,1,17,1,1
PAY06581,CUST1954,22852,card,expired_card,8,7,36,0,14,1,1
PAY06582,CUST1279,14179,netbanking,expired_card,2,0,44,1,18,1,0
PAY06583,CUST2736,48080,card,bank_decline,22,5,23,1,6,0,0
PAY06584,CUST2372,16269,upi,expired_card,9,4,84,0,8,1,0
PAY06585,CUST0487,37898,netbanking,expired_card,29,0,70,1,15,1,1
PAY06586,CUST1081,32481,upi,authentication_failed,17,1,41,1,0,1,1
PAY06587,CUST1735,11760,netbanking,authentication_failed,0,1,90,1,5,0,1
PAY06588,CUST0108,19810,upi,authentication_failed,26,7,56,0,8,1,0
PAY06589,CUST2245,31290,upi,expired_card,16,4,74,0,13,0,1
PAY06590,CUST1428,11365,upi,network_timeout,10,6,70,0,23,0,0
PAY06591,CUST2293,3184,upi,network_timeout,23,7,82,0,19,0,1
PAY06592,CUST0701,2459,upi,expired_card,5,1,0,1,4,0,1
PAY06593,CUST2602,22742,netbanking,bank_decline,18,1,27,0,23,0,1
PAY06594,CUST2007,38179,upi,technical_error,27,0,21,1,2,0,1
PAY06595,CUST0064,44177,upi,insufficient_balance,15,8,17,1,14,0,0
PAY06596,CUST1364,40231,netbanking,insufficient_balance,5,6,4,0,5,0,0
PAY06597,CUST1228,3322,card,authentication_failed,14,7,82,0,0,0,0
PAY06598,CUST1971,35106,card,bank_decline,3,5,6,1,17,1,0
PAY06599,CUST0608,19347,wallet,network_timeout,16,8,71,1,18,0,0
PAY06600,CUST2764,3375,netbanking,network_timeout,30,5,10,0,4,1,1
PAY06601,CUST1570,3077,card,technical_error,18,7,88,1,18,1,1
PAY06602,CUST0449,6837,wallet,network_timeout,11,0,30,1,9,1,1
PAY06603,CUST1017,30982,upi,authentication_failed,11,0,13,0,10,1,1
PAY06604,CUST2074,18403,upi,expired_card,24,3,89,0,18,1,0
PAY06605,CUST2216,43377,wallet,authentication_failed,15,1,42,1,21,0,1
PAY06606,CUST2999,37257,netbanking,authentication_failed,19,5,62,0,18,1,1
PAY06607,CUST1800,44107,wallet,network_timeout,1,7,11,0,23,0,0
PAY06608,CUST0952,24119,upi,insufficient_balance,12,3,44,0,3,1,1
PAY06609,CUST0736,13337,netbanking,network_timeout,30,5,80,0,11,1,0
PAY06610,CUST2184,47391,wallet,bank_decline,7,1,84,1,21,0,1
PAY06611,CUST2220,30658,card,bank_decline,3,1,43,1,4,0,0
PAY06612,CUST0461,45767,netbanking,technical_error,8,1,79,0,23,1,1
PAY06613,CUST1333,44101,netbanking,network_timeout,15,3,29,1,20,1,1
PAY06614,CUST1733,20119,card,expired_card,7,1,27,1,8,0,1
PAY06615,CUST0003,45971,card,technical_error,17,0,14,0,0,1,1
PAY06616,CUST1016,36487,upi,insufficient_balance,8,4,30,0,12,1,0
PAY06617,CUST1088,37361,netbanking,network_timeout,21,8,77,0,20,1,1
PAY06618,CUST2051,42955,netbanking,expired_card,2,7,76,0,11,1,0
PAY06619,CUST0977,26360,card,authentication_failed,28,3,34,1,19,1,1
PAY06620,CUST2187,39059,upi,network_timeout,9,4,6,0,19,0,0
PAY06621,CUST0138,476,wallet,technical_error,10,6,78,0,19,0,1
PAY06622,CUST0771,12595,card,bank_decline,15,2,49,1,9,0,1
PAY06623,CUST2868,15674,card,bank_decline,11,0,43,0,20,1,1
PAY06624,CUST1140,1448,card,network_timeout,12,7,14,0,18,0,1
PAY06625,CUST1809,40984,wallet,expired_card,3,0,41,0,0,1,0
PAY06626,CUST1345,14199,wallet,expired_card,18,4,45,1,22,0,1
PAY06627,CUST2433,12434,card,technical_error,11,6,49,1,8,0,0
PAY06628,CUST1048,30392,card,insufficient_balance,24,6,66,0,0,1,0
PAY06629,CUST2572,41401,wallet,authentication_failed,20,3,22,0,2,1,1
PAY06630,CUST0164,41268,upi,network_timeout,15,8,15,1,23,1,0
PAY06631,CUST0527,16456,upi,expired_card,10,8,69,0,2,0,0
PAY06632,CUST0678,48447,wallet,bank_decline,13,1,46,0,17,0,1
PAY06633,CUST1843,33055,netbanking,expired_card,4,4,49,1,13,0,1
PAY06634,CUST0251,16743,upi,expired_card,19,7,52,1,15,0,0
PAY06635,CUST0753,22291,netbanking,expired_card,27,5,69,1,14,1,0
PAY06636,CUST0360,39099,wallet,network_timeout,8,0,8,1,0,0,1
PAY06637,CUST1372,19991,netbanking,expired_card,27,6,21,1,4,0,1
PAY06638,CUST1725,22995,upi,technical_error,28,7,27,0,14,1,1
PAY06639,CUST1599,48795,wallet,bank_decline,11,2,32,1,5,0,1
PAY06640,CUST0986,6901,netbanking,bank_decline,18,7,1,1,11,0,0
PAY06641,CUST0420,8682,netbanking,expired_card,24,0,60,1,17,0,1
PAY06642,CUST1785,14762,netbanking,network_timeout,21,6,65,0,3,0,0
PAY06643,CUST0600,30215,card,bank_decline,13,2,26,0,11,0,1
PAY06644,CUST1719,180,card,bank_decline,20,7,22,1,10,1,1
PAY06645,CUST2069,4512,upi,insufficient_balance,25,6,12,0,10,1,1
PAY06646,CUST0560,29748,card,network_timeout,21,8,16,0,6,0,1
PAY06647,CUST2637,41240,card,network_timeout,5,5,87,0,1,1,0
PAY06648,CUST2961,26252,wallet,authentication_failed,9,0,58,0,17,1,0
PAY06649,CUST0902,15333,card,network_timeout,10,6,37,0,10,1,0
PAY06650,CUST0728,48491,wallet,expired_card,6,1,65,1,17,0,0
PAY06651,CUST0974,24918,netbanking,technical_error,4,1,44,0,22,1,1
PAY06652,CUST1038,23944,wallet,network_timeout,12,6,24,0,22,0,0
PAY06653,CUST0850,8788,upi,network_timeout,13,8,65,0,14,0,1
PAY06654,CUST0392,33647,upi,network_timeout,26,5,43,1,8,0,1
PAY06655,CUST0549,49476,netbanking,network_timeout,5,1,69,0,22,0,1
PAY06656,CUST1190,1097,card,bank_decline,18,1,75,1,8,1,1
PAY06657,CUST2579,24066,wallet,bank_decline,23,6,74,1,4,1,0
PAY06658,CUST0826,27033,wallet,network_timeout,3,7,15,0,1,0,0
PAY06659,CUST1250,24137,wallet,authentication_failed,8,1,80,1,10,1,1
PAY06660,CUST1412,40645,upi,insufficient_balance,0,0,16,0,9,0,1
PAY06661,CUST0529,15236,wallet,network_timeout,12,6,39,0,6,0,1
PAY06662,CUST2842,23404,card,technical_error,19,7,80,0,2,0,1
PAY06663,CUST0282,20857,upi,technical_error,5,7,1,0,23,0,1
PAY06664,CUST1728,30977,wallet,authentication_failed,8,2,6,0,23,0,0
PAY06665,CUST2043,49871,upi,network_timeout,1,1,5,0,0,1,0
PAY06666,CUST1608,2450,card,expired_card,5,0,39,1,12,1,0
PAY06667,CUST2191,26347,netbanking,network_timeout,0,3,70,1,6,1,1
PAY06668,CUST2809,41577,upi,insufficient_balance,14,8,29,0,23,0,0
PAY06669,CUST0683,22417,upi,insufficient_balance,9,4,67,0,15,1,1
PAY06670,CUST2452,47620,wallet,expired_card,14,7,51,1,9,0,0
PAY06671,CUST2343,23201,upi,technical_error,18,1,32,1,7,0,1
PAY06672,CUST0681,43103,netbanking,expired_card,21,3,33,1,8,0,0
PAY06673,CUST0313,26721,card,authentication_failed,16,4,86,1,17,0,1
PAY06674,CUST2286,10463,upi,insufficient_balance,6,4,86,1,20,1,1
PAY06675,CUST1141,29859,netbanking,technical_error,9,8,45,1,19,1,1
PAY06676,CUST1234,21633,card,authentication_failed,8,2,15,1,14,0,0
PAY06677,CUST2543,48789,card,expired_card,4,6,7,1,2,0,0
PAY06678,CUST0832,38067,card,expired_card,7,8,16,1,12,1,0
PAY06679,CUST2717,26088,card,insufficient_balance,6,5,41,1,11,0,1
PAY06680,CUST1373,47573,card,insufficient_balance,14,2,1,1,14,1,1
PAY06681,CUST2616,43826,upi,network_timeout,30,7,71,0,7,0,0
PAY06682,CUST1046,26336,wallet,insufficient_balance,1,7,43,0,18,0,0
PAY06683,CUST2456,5815,upi,technical_error,29,2,66,0,16,0,1
PAY06684,CUST2963,21101,card,bank_decline,7,8,38,1,10,0,0
PAY06685,CUST1488,2512,wallet,technical_error,3,5,12,0,8,1,0
PAY06686,CUST0546,30286,netbanking,bank_decline,24,6,20,0,15,1,0
PAY06687,CUST0664,44331,wallet,authentication_failed,5,4,29,0,9,1,1
PAY06688,CUST1486,26939,netbanking,network_timeout,22,4,75,1,10,0,1
PAY06689,CUST2664,2392,card,expired_card,8,6,27,0,17,1,0
PAY06690,CUST1317,21355,netbanking,expired_card,25,0,11,0,20,0,1
PAY06691,CUST0573,4910,netbanking,technical_error,3,3,10,0,1,1,0
PAY06692,CUST2485,16159,card,technical_error,18,8,79,0,0,0,1
PAY06693,CUST2678,12245,upi,authentication_failed,1,2,39,0,15,1,0
PAY06694,CUST1670,38905,wallet,network_timeout,26,6,67,0,22,0,0
PAY06695,CUST2264,10889,wallet,authentication_failed,13,7,37,0,21,0,1
PAY06696,CUST2729,568,wallet,bank_decline,7,5,88,1,18,1,1
PAY06697,CUST0759,24043,netbanking,technical_error,0,1,18,0,6,1,1
PAY06698,CUST1362,12479,card,network_timeout,5,5,28,1,21,0,1
PAY06699,CUST1769,47866,netbanking,bank_decline,13,3,59,0,13,1,1
PAY06700,CUST2600,21612,wallet,expired_card,9,0,26,0,8,0,1
PAY06701,CUST0752,7932,card,technical_error,23,4,42,1,5,0,1
PAY06702,CUST1422,24674,netbanking,insufficient_balance,5,1,50,1,11,1,1
PAY06703,CUST0004,10201,wallet,technical_error,9,5,1,1,16,0,1
PAY06704,CUST2979,25777,card,bank_decline,5,2,71,1,18,0,1
PAY06705,CUST2376,9916,wallet,bank_decline,16,8,1,0,0,1,0
PAY06706,CUST2591,44560,netbanking,authentication_failed,5,8,44,1,9,0,1
PAY06707,CUST0132,20679,upi,authentication_failed,6,6,13,1,3,1,1
PAY06708,CUST0957,42869,wallet,network_timeout,14,2,63,1,22,0,1
PAY06709,CUST0120,3054,netbanking,network_timeout,5,4,0,1,18,0,1
PAY06710,CUST2467,29122,wallet,authentication_failed,17,8,10,0,8,1,1
PAY06711,CUST2400,6673,netbanking,technical_error,0,5,33,0,9,1,1
PAY06712,CUST2142,18619,card,expired_card,3,4,63,0,8,0,0
PAY06713,CUST2785,33669,wallet,bank_decline,26,5,9,1,22,1,0
PAY06714,CUST2499,38686,upi,insufficient_balance,18,1,82,0,14,0,1
PAY06715,CUST2575,4233,wallet,technical_error,16,4,86,0,9,1,0
PAY06716,CUST1654,45295,upi,insufficient_balance,0,4,60,0,9,0,1
PAY06717,CUST1288,42991,upi,technical_error,9,2,59,1,15,1,1
PAY06718,CUST1140,6815,wallet,expired_card,7,7,35,1,23,1,0
PAY06719,CUST1806,36525,netbanking,bank_decline,6,7,12,1,9,0,0
PAY06720,CUST1627,4560,card,network_timeout,30,6,66,1,18,1,1
PAY06721,CUST0567,20462,card,bank_decline,3,6,66,1,9,1,0
PAY06722,CUST2244,10843,netbanking,bank_decline,20,3,34,0,5,1,0
PAY06723,CUST0360,759,card,network_timeout,0,2,84,0,22,0,0
PAY06724,CUST1098,37561,card,expired_card,2,0,10,0,23,0,1
PAY06725,CUST0187,5452,wallet,expired_card,14,4,89,0,10,1,0
PAY06726,CUST2330,28686,card,technical_error,27,4,16,0,16,0,1
PAY06727,CUST0763,48526,card,insufficient_balance,8,5,88,0,8,1,1
PAY06728,CUST0036,33452,card,authentication_failed,15,0,74,0,14,1,1
PAY06729,CUST1838,17743,upi,bank_decline,22,4,20,1,8,0,0
PAY06730,CUST2773,20389,wallet,network_timeout,30,2,49,0,20,1,1
PAY06731,CUST2710,19251,wallet,bank_decline,13,2,0,1,22,0,1
PAY06732,CUST2342,30188,upi,insufficient_balance,25,3,89,0,23,1,1
PAY06733,CUST0105,33442,wallet,authentication_failed,7,3,38,1,11,0,0
PAY06734,CUST2385,28900,netbanking,network_timeout,17,2,72,0,22,0,1
PAY06735,CUST2104,47239,netbanking,bank_decline,22,8,5,0,17,1,0
PAY06736,CUST1141,226,upi,bank_decline,16,3,53,0,21,1,1
PAY06737,CUST2262,47128,netbanking,technical_error,28,4,13,1,14,0,0
PAY06738,CUST1082,18865,wallet,expired_card,2,5,30,1,20,0,0
PAY06739,CUST1642,41912,card,bank_decline,0,8,16,0,21,0,0
PAY06740,CUST0047,44861,card,network_timeout,21,2,76,1,17,0,1
PAY06741,CUST1726,41903,wallet,authentication_failed,25,8,17,1,13,1,1
PAY06742,CUST2587,20646,upi,network_timeout,19,2,19,0,5,0,1
PAY06743,CUST0524,33786,card,bank_decline,19,0,26,1,17,0,1
PAY06744,CUST0715,47082,upi,insufficient_balance,5,7,18,0,9,1,1
PAY06745,CUST0567,17658,card,bank_decline,27,0,66,0,17,0,1
PAY06746,CUST1042,49739,netbanking,technical_error,30,2,85,0,6,0,0
PAY06747,CUST0520,11664,netbanking,bank_decline,24,6,15,1,2,0,1
PAY06748,CUST2083,46447,card,technical_error,12,3,18,0,7,0,1
PAY06749,CUST1828,49431,netbanking,authentication_failed,30,2,10,1,11,1,0
PAY06750,CUST1237,16966,wallet,insufficient_balance,4,7,3,0,8,1,0
PAY06751,CUST1079,16762,upi,insufficient_balance,21,5,78,1,6,0,1
PAY06752,CUST0895,32318,netbanking,technical_error,27,5,82,0,16,0,1
PAY06753,CUST1794,17717,upi,insufficient_balance,23,0,6,1,21,0,1
PAY06754,CUST2655,36193,upi,network_timeout,20,7,62,0,13,1,1
PAY06755,CUST1979,49937,netbanking,technical_error,11,8,56,1,2,1,1
PAY06756,CUST1917,15459,upi,insufficient_balance,10,3,64,0,15,0,1
PAY06757,CUST0756,16264,netbanking,authentication_failed,1,5,55,1,21,1,0
PAY06758,CUST1556,6965,upi,bank_decline,30,8,15,0,23,0,0
PAY06759,CUST1890,39788,wallet,insufficient_balance,8,8,4,1,5,0,0
PAY06760,CUST1074,43158,upi,bank_decline,10,6,14,1,22,0,0
PAY06761,CUST1830,10010,card,network_timeout,15,0,8,0,14,1,1
PAY06762,CUST2614,21734,netbanking,authentication_failed,12,7,58,1,15,0,1
PAY06763,CUST1509,7432,card,bank_decline,14,4,38,1,22,0,1
PAY06764,CUST2906,32275,card,authentication_failed,12,7,80,1,16,0,1
PAY06765,CUST0963,1289,upi,expired_card,24,2,28,0,0,0,0
PAY06766,CUST0919,19934,card,technical_error,15,1,40,1,21,0,1
PAY06767,CUST0803,40537,upi,network_timeout,24,3,65,0,6,1,0
PAY06768,CUST1104,13587,card,insufficient_balance,14,3,13,0,22,1,1
PAY06769,CUST2845,1989,netbanking,technical_error,28,8,80,0,19,1,0
PAY06770,CUST2875,24019,wallet,insufficient_balance,4,2,82,0,15,0,1
PAY06771,CUST2548,38794,upi,technical_error,7,8,50,0,18,0,1
PAY06772,CUST2577,2655,wallet,insufficient_balance,0,4,54,1,17,1,0
PAY06773,CUST0805,2741,upi,technical_error,2,6,74,0,18,1,1
PAY06774,CUST2234,25850,wallet,network_timeout,14,6,89,1,8,1,1
PAY06775,CUST1123,38543,card,network_timeout,17,5,10,0,3,1,1
PAY06776,CUST1077,43937,upi,bank_decline,24,2,41,1,14,0,1
PAY06777,CUST0061,48370,card,technical_error,23,0,67,1,4,1,1
PAY06778,CUST2061,19854,upi,insufficient_balance,0,2,20,1,5,1,1
PAY06779,CUST2832,24501,upi,network_timeout,21,5,21,1,23,0,0
PAY06780,CUST0989,4624,card,authentication_failed,8,3,36,0,23,1,1
PAY06781,CUST1572,15426,upi,bank_decline,14,7,46,1,4,1,0
PAY06782,CUST1806,30650,card,authentication_failed,18,8,89,1,13,0,1
PAY06783,CUST1444,12466,netbanking,bank_decline,29,5,81,1,9,0,1
PAY06784,CUST2514,25068,upi,expired_card,22,8,55,1,3,1,0
PAY06785,CUST2847,19124,wallet,insufficient_balance,19,2,72,0,15,1,1
PAY06786,CUST0791,25632,card,expired_card,7,0,69,0,2,0,0
PAY06787,CUST0096,2194,wallet,authentication_failed,15,8,30,0,16,0,1
PAY06788,CUST1674,13427,wallet,authentication_failed,8,1,75,1,21,0,0
PAY06789,CUST0852,12120,upi,expired_card,1,8,11,0,7,0,1
PAY06790,CUST0660,31212,netbanking,authentication_failed,9,5,33,1,23,1,1
PAY06791,CUST1160,31702,upi,bank_decline,16,7,90,0,9,1,1
PAY06792,CUST1794,44453,wallet,network_timeout,14,4,3,1,12,1,1
PAY06793,CUST1841,37354,netbanking,insufficient_balance,27,0,87,1,3,0,1
PAY06794,CUST1935,28219,upi,insufficient_balance,14,6,10,0,10,0,1
PAY06795,CUST0122,35791,wallet,technical_error,27,7,72,0,19,0,1
PAY06796,CUST0725,32887,card,insufficient_balance,30,1,20,1,6,1,1
PAY06797,CUST2928,36497,card,expired_card,13,7,9,0,5,1,1
PAY06798,CUST0702,11271,netbanking,authentication_failed,3,3,24,1,13,0,1
PAY06799,CUST2079,18983,netbanking,insufficient_balance,15,2,69,0,16,1,1
PAY06800,CUST0115,47543,card,insufficient_balance,11,2,7,0,8,0,1
PAY06801,CUST0763,3151,card,technical_error,5,8,83,0,4,1,1
PAY06802,CUST1973,40588,wallet,authentication_failed,13,6,84,1,16,0,1
PAY06803,CUST0107,12731,card,bank_decline,5,4,6,0,15,1,0
PAY06804,CUST0330,14066,wallet,bank_decline,28,8,33,0,9,0,0
PAY06805,CUST2921,39124,wallet,bank_decline,18,1,71,1,10,0,1
PAY06806,CUST2555,10150,card,technical_error,23,4,79,1,11,0,1
PAY06807,CUST2101,22118,card,technical_error,8,0,47,1,17,1,1
PAY06808,CUST2800,22840,upi,authentication_failed,8,0,12,0,14,1,1
PAY06809,CUST0716,36066,wallet,authentication_failed,26,7,21,0,10,1,0
PAY06810,CUST2985,43256,netbanking,network_timeout,4,2,43,0,22,0,1
PAY06811,CUST2712,10356,upi,bank_decline,5,5,34,1,21,1,1
PAY06812,CUST1290,41072,card,insufficient_balance,21,0,57,1,17,0,1
PAY06813,CUST1353,16573,wallet,bank_decline,30,7,19,0,19,1,0
PAY06814,CUST1810,43810,wallet,technical_error,6,0,56,1,2,1,1
PAY06815,CUST0826,35717,card,bank_decline,13,2,51,1,19,1,1
PAY06816,CUST0054,40003,card,bank_decline,6,7,17,0,19,0,0
PAY06817,CUST2047,25670,netbanking,technical_error,0,3,51,0,9,1,1
PAY06818,CUST1244,16538,card,authentication_failed,22,2,76,0,19,1,0
PAY06819,CUST1567,21915,card,authentication_failed,26,5,66,1,17,1,0
PAY06820,CUST0291,41990,netbanking,technical_error,5,2,68,0,10,1,1
PAY06821,CUST0140,46570,upi,insufficient_balance,26,3,45,0,2,1,1
PAY06822,CUST1230,33592,wallet,insufficient_balance,13,3,69,0,11,1,1
PAY06823,CUST1605,2280,wallet,network_timeout,21,4,29,1,21,0,0
PAY06824,CUST1995,24648,upi,network_timeout,14,2,54,0,1,1,0
PAY06825,CUST1338,26120,upi,authentication_failed,2,4,57,1,3,0,1
PAY06826,CUST1728,22103,card,technical_error,17,7,46,1,16,1,0
PAY06827,CUST0797,31081,wallet,technical_error,29,8,10,1,22,1,1
PAY06828,CUST2110,41711,card,technical_error,12,5,9,0,18,1,1
PAY06829,CUST1171,42300,netbanking,authentication_failed,15,3,23,0,15,1,0
PAY06830,CUST2085,21264,netbanking,expired_card,14,4,61,1,0,1,1
PAY06831,CUST0163,34238,netbanking,authentication_failed,10,8,64,0,9,1,1
PAY06832,CUST1697,18684,upi,insufficient_balance,27,7,90,1,9,0,1
PAY06833,CUST0291,47680,netbanking,bank_decline,11,2,60,1,1,0,1
PAY06834,CUST2632,22662,wallet,insufficient_balance,12,6,79,0,17,0,0
PAY06835,CUST1506,8343,wallet,technical_error,4,0,5,1,8,1,0
PAY06836,CUST0976,6780,wallet,authentication_failed,24,4,52,0,12,1,1
PAY06837,CUST2600,20354,upi,insufficient_balance,7,7,42,1,22,0,1
PAY06838,CUST2111,34225,upi,authentication_failed,25,3,29,0,8,0,0
PAY06839,CUST2666,10236,netbanking,expired_card,16,5,73,0,16,0,1
PAY06840,CUST0033,25908,wallet,bank_decline,10,3,33,1,19,1,0
PAY06841,CUST2859,5845,card,technical_error,0,0,19,0,0,0,0
PAY06842,CUST0081,13549,upi,authentication_failed,13,6,52,0,14,0,0
PAY06843,CUST2082,47123,wallet,expired_card,9,1,50,0,15,1,1
PAY06844,CUST1696,22754,card,insufficient_balance,27,4,20,1,1,0,1
PAY06845,CUST0632,8823,card,expired_card,30,3,47,0,14,1,0
PAY06846,CUST2399,10341,wallet,network_timeout,30,7,50,1,3,1,1
PAY06847,CUST0685,19015,upi,technical_error,24,3,27,0,3,0,1
PAY06848,CUST1944,44805,card,network_timeout,14,7,37,1,12,0,1
PAY06849,CUST2209,14586,netbanking,technical_error,29,6,33,0,15,1,1
PAY06850,CUST0040,29969,upi,network_timeout,29,2,26,0,3,1,1
PAY06851,CUST2796,14928,netbanking,technical_error,15,6,22,0,15,1,1
PAY06852,CUST0293,41939,card,authentication_failed,7,7,44,0,9,0,1
PAY06853,CUST1556,18462,wallet,authentication_failed,12,8,87,0,6,1,1
PAY06854,CUST2761,12727,upi,bank_decline,16,6,4,0,16,1,1
PAY06855,CUST2850,41020,wallet,insufficient_balance,28,5,46,1,20,0,1
PAY06856,CUST0279,9351,card,authentication_failed,19,1,33,1,4,1,1
PAY06857,CUST0784,22177,netbanking,insufficient_balance,30,0,10,1,11,1,1
PAY06858,CUST2332,47966,wallet,network_timeout,10,4,32,1,21,0,1
PAY06859,CUST1065,20615,upi,network_timeout,0,2,4,0,16,1,0
PAY06860,CUST0007,41491,wallet,network_timeout,7,6,2,1,4,0,0
PAY06861,CUST0579,6609,card,network_timeout,9,6,69,1,19,1,1
PAY06862,CUST1449,9554,card,network_timeout,28,0,67,1,17,1,1
PAY06863,CUST1285,19733,upi,expired_card,21,5,90,1,22,1,0
PAY06864,CUST0583,12080,upi,technical_error,1,5,34,1,3,1,1
PAY06865,CUST0363,1259,netbanking,bank_decline,15,3,76,0,19,0,0
PAY06866,CUST2859,42346,wallet,technical_error,26,0,59,0,12,1,1
PAY06867,CUST2784,33939,wallet,insufficient_balance,22,3,42,0,17,1,1
PAY06868,CUST0339,30385,netbanking,authentication_failed,4,0,38,1,15,0,1
PAY06869,CUST0164,20165,upi,authentication_failed,0,7,50,0,14,0,0
PAY06870,CUST0697,23820,netbanking,insufficient_balance,17,2,58,1,6,0,0
PAY06871,CUST0639,45762,wallet,insufficient_balance,27,2,43,0,13,0,1
PAY06872,CUST1246,34800,upi,bank_decline,7,2,29,0,2,1,1
PAY06873,CUST1683,16917,wallet,bank_decline,11,0,31,0,19,1,0
PAY06874,CUST1209,5676,netbanking,authentication_failed,5,0,27,1,3,0,1
PAY06875,CUST0496,45460,card,expired_card,24,4,27,0,1,1,0
PAY06876,CUST0178,38367,card,technical_error,18,3,32,0,21,1,1
PAY06877,CUST2855,1393,card,authentication_failed,16,7,51,1,21,1,1
PAY06878,CUST1531,21553,netbanking,insufficient_balance,5,5,23,1,14,1,1
PAY06879,CUST2141,23146,wallet,expired_card,11,6,37,1,4,0,1
PAY06880,CUST2025,32454,netbanking,network_timeout,2,3,18,1,4,1,1
PAY06881,CUST1808,20556,netbanking,insufficient_balance,27,2,22,0,13,1,1
PAY06882,CUST0238,40280,netbanking,insufficient_balance,6,8,13,1,19,1,1
PAY06883,CUST0311,45257,netbanking,insufficient_balance,23,0,89,0,21,1,1
PAY06884,CUST1870,32785,wallet,technical_error,7,1,22,1,1,1,1
PAY06885,CUST2415,16181,wallet,authentication_failed,30,3,48,0,7,0,0
PAY06886,CUST2009,22246,netbanking,insufficient_balance,6,7,25,1,15,1,0
PAY06887,CUST2664,28395,upi,network_timeout,27,6,40,1,16,0,1
PAY06888,CUST1860,28352,netbanking,expired_card,29,6,79,0,11,1,0
PAY06889,CUST0898,41739,card,authentication_failed,7,7,65,1,16,0,0
PAY06890,CUST1100,43965,netbanking,authentication_failed,27,2,72,0,13,1,1
PAY06891,CUST1679,7601,card,bank_decline,10,0,40,1,2,0,1
PAY06892,CUST2936,22850,netbanking,expired_card,25,1,5,1,9,0,0
PAY06893,CUST2304,34256,wallet,technical_error,27,6,13,0,11,0,0
PAY06894,CUST0263,32081,card,authentication_failed,16,7,16,1,0,0,1
PAY06895,CUST2987,12296,wallet,technical_error,6,1,45,1,5,1,1
PAY06896,CUST0763,4049,wallet,network_timeout,11,1,12,1,19,1,1
PAY06897,CUST1710,40083,card,expired_card,8,3,42,0,12,0,1
PAY06898,CUST0276,39725,netbanking,authentication_failed,14,1,74,0,22,0,1
PAY06899,CUST2729,16305,upi,bank_decline,22,1,4,1,7,0,1
PAY06900,CUST1394,29700,netbanking,technical_error,26,2,15,0,7,0,1
PAY06901,CUST0831,19715,card,expired_card,13,4,26,0,14,0,1
PAY06902,CUST0323,48408,card,authentication_failed,20,4,50,0,2,0,1
PAY06903,CUST2151,45444,wallet,authentication_failed,14,0,83,0,18,1,1
PAY06904,CUST2190,13812,netbanking,network_timeout,21,5,38,1,11,0,1
PAY06905,CUST0448,35963,card,insufficient_balance,3,2,45,1,14,0,1
PAY06906,CUST2365,38122,wallet,insufficient_balance,8,1,30,1,20,0,1
PAY06907,CUST1401,18338,card,bank_decline,28,6,32,1,3,1,0
PAY06908,CUST2834,8612,netbanking,insufficient_balance,13,8,88,0,6,0,0
PAY06909,CUST1211,21926,upi,technical_error,9,8,83,0,14,0,0
PAY06910,CUST0093,28977,netbanking,authentication_failed,28,5,85,1,10,1,1
PAY06911,CUST0222,11685,upi,insufficient_balance,14,7,48,0,4,0,1
PAY06912,CUST2270,3663,wallet,bank_decline,27,7,16,1,5,1,1
PAY06913,CUST2420,12679,netbanking,expired_card,28,4,44,0,22,0,1
PAY06914,CUST1662,28939,wallet,expired_card,20,2,8,0,17,0,1
PAY06915,CUST0061,27355,upi,authentication_failed,8,4,25,1,3,0,1
PAY06916,CUST2798,44024,netbanking,insufficient_balance,10,7,44,1,5,0,1
PAY06917,CUST1885,15717,netbanking,insufficient_balance,22,4,72,1,4,1,1
PAY06918,CUST2137,27585,upi,insufficient_balance,5,5,28,1,0,0,0
PAY06919,CUST0746,29413,wallet,expired_card,20,6,81,0,6,0,0
PAY06920,CUST2122,16798,wallet,network_timeout,7,7,1,1,16,1,1
PAY06921,CUST2813,46777,wallet,authentication_failed,10,2,20,0,2,0,0
PAY06922,CUST2964,3058,card,authentication_failed,9,0,81,0,6,1,1
PAY06923,CUST0545,3195,upi,insufficient_balance,21,8,61,0,17,1,1
PAY06924,CUST1528,13875,netbanking,network_timeout,25,0,16,0,10,1,1
PAY06925,CUST0983,35688,upi,bank_decline,12,6,72,1,20,0,0
PAY06926,CUST1668,22305,wallet,authentication_failed,19,4,78,0,19,1,1
PAY06927,CUST2221,45629,netbanking,authentication_failed,3,3,90,1,9,1,1
PAY06928,CUST2973,21120,upi,authentication_failed,5,6,63,1,6,1,1
PAY06929,CUST1292,38211,netbanking,insufficient_balance,17,3,11,1,3,1,1
PAY06930,CUST1716,26317,upi,insufficient_balance,26,4,23,0,19,0,1
PAY06931,CUST0399,22327,netbanking,authentication_failed,3,6,65,0,9,1,0
PAY06932,CUST1870,473,netbanking,authentication_failed,8,1,9,1,1,1,1
PAY06933,CUST1521,42239,netbanking,bank_decline,12,5,12,0,13,1,0
PAY06934,CUST2803,42076,netbanking,technical_error,28,0,58,1,7,1,1
PAY06935,CUST0416,13227,upi,expired_card,29,5,52,0,18,0,0
PAY06936,CUST0906,19890,netbanking,bank_decline,27,5,13,1,22,0,1
PAY06937,CUST0635,46299,upi,network_timeout,19,4,62,1,1,1,1
PAY06938,CUST2325,28077,wallet,bank_decline,23,5,85,1,2,0,0
PAY06939,CUST1119,37099,upi,insufficient_balance,24,4,33,0,9,1,1
PAY06940,CUST1990,38111,wallet,technical_error,23,3,65,0,11,0,1
PAY06941,CUST2520,6714,netbanking,authentication_failed,19,3,60,0,10,0,0
PAY06942,CUST2512,3225,upi,network_timeout,24,1,89,1,22,1,1
PAY06943,CUST1834,45308,netbanking,expired_card,24,7,67,1,16,1,1
PAY06944,CUST0817,8695,card,bank_decline,2,8,11,0,12,1,0
PAY06945,CUST1029,7613,upi,bank_decline,24,7,85,0,16,1,0
PAY06946,CUST2812,3827,card,expired_card,7,8,86,1,8,0,1
PAY06947,CUST1437,49352,netbanking,network_timeout,18,1,74,1,22,1,1
PAY06948,CUST2690,8055,card,bank_decline,9,2,49,0,9,0,1
PAY06949,CUST0582,29190,netbanking,network_timeout,9,5,10,0,5,1,0
PAY06950,CUST2054,37174,upi,authentication_failed,14,0,71,0,1,0,1
PAY06951,CUST1416,29780,netbanking,insufficient_balance,29,1,71,0,1,0,1
PAY06952,CUST1276,42435,upi,expired_card,12,0,15,0,17,1,1
PAY06953,CUST1064,43846,wallet,insufficient_balance,12,3,12,1,1,0,1
PAY06954,CUST0033,36381,wallet,bank_decline,14,0,34,0,23,1,1
PAY06955,CUST2815,29522,card,insufficient_balance,10,4,85,0,12,1,0
PAY06956,CUST0614,48964,upi,insufficient_balance,27,5,72,1,17,1,1
PAY06957,CUST1632,40928,card,technical_error,22,6,36,1,2,0,1
PAY06958,CUST0330,9839,upi,expired_card,18,6,4,1,19,0,1
PAY06959,CUST2047,2875,wallet,insufficient_balance,14,2,28,1,4,1,1
PAY06960,CUST1108,46763,upi,bank_decline,2,1,31,1,1,1,0
PAY06961,CUST1923,6826,wallet,insufficient_balance,26,8,35,1,23,1,1
PAY06962,CUST1239,33115,wallet,network_timeout,23,0,72,1,8,1,1
PAY06963,CUST0483,17592,wallet,technical_error,19,4,65,0,16,1,0
PAY06964,CUST1659,47447,card,network_timeout,13,6,64,1,17,1,1
PAY06965,CUST1862,28900,netbanking,insufficient_balance,23,2,39,1,10,0,1
PAY06966,CUST2512,13811,card,insufficient_balance,20,6,9,0,4,1,1
PAY06967,CUST2997,1515,upi,technical_error,29,6,14,1,23,1,0
PAY06968,CUST2631,18803,upi,authentication_failed,6,6,68,0,14,0,0
PAY06969,CUST2763,14425,wallet,network_timeout,14,1,70,1,10,0,1
PAY06970,CUST1869,18771,wallet,network_timeout,22,2,5,1,13,1,1
PAY06971,CUST1239,21502,wallet,expired_card,13,6,28,1,23,0,0
PAY06972,CUST1601,12881,card,insufficient_balance,29,2,84,0,5,0,1
PAY06973,CUST0239,18723,upi,network_timeout,1,3,62,0,0,1,1
PAY06974,CUST2633,35300,wallet,technical_error,30,3,63,0,2,0,1
PAY06975,CUST0950,13265,netbanking,bank_decline,26,3,63,1,22,1,0
PAY06976,CUST2446,548,card,insufficient_balance,19,2,75,0,19,0,1
PAY06977,CUST0099,4551,upi,insufficient_balance,14,0,36,1,15,1,1
PAY06978,CUST2923,561,netbanking,network_timeout,29,7,90,1,19,0,0
PAY06979,CUST0332,14901,upi,technical_error,4,3,52,1,23,1,0
PAY06980,CUST2553,15798,upi,bank_decline,17,3,11,0,17,0,0
PAY06981,CUST2817,1363,upi,insufficient_balance,17,3,30,1,23,1,1
PAY06982,CUST0814,46170,wallet,network_timeout,9,0,36,1,21,1,1
PAY06983,CUST0314,39803,netbanking,expired_card,28,6,11,1,17,0,1
PAY06984,CUST2069,7388,card,network_timeout,12,4,84,0,18,0,0
PAY06985,CUST0673,15563,card,authentication_failed,19,7,64,1,22,0,0
PAY06986,CUST2639,42668,upi,network_timeout,2,0,87,0,0,1,1
PAY06987,CUST0649,15151,upi,authentication_failed,25,2,83,1,9,1,1
PAY06988,CUST2126,15632,card,network_timeout,19,4,34,0,0,0,1
PAY06989,CUST1258,17756,netbanking,insufficient_balance,10,3,62,1,4,1,1
PAY06990,CUST2450,49781,netbanking,network_timeout,25,7,64,1,17,1,1
PAY06991,CUST1948,49169,wallet,network_timeout,4,3,74,0,16,0,0
PAY06992,CUST0335,3723,card,expired_card,14,1,76,0,0,1,1
PAY06993,CUST2627,15830,wallet,technical_error,22,2,30,1,2,0,1
PAY06994,CUST2743,49084,upi,expired_card,4,5,5,1,19,1,0
PAY06995,CUST0833,7072,card,bank_decline,24,2,54,1,9,0,0
PAY06996,CUST2246,30806,wallet,bank_decline,26,8,78,1,2,1,0
PAY06997,CUST1752,41633,wallet,authentication_failed,5,6,16,0,9,0,1
PAY06998,CUST2404,32370,netbanking,authentication_failed,17,1,7,0,22,1,0
PAY06999,CUST0260,3178,card,technical_error,23,2,44,0,6,0,1
PAY07000,CUST1585,22678,card,network_timeout,15,6,71,0,10,0,0
PAY07001,CUST1311,10060,card,network_timeout,9,6,3,1,8,1,1
PAY07002,CUST2310,1676,netbanking,network_timeout,16,4,82,1,21,0,1
PAY07003,CUST1945,49130,card,expired_card,4,0,36,1,6,0,0
PAY07004,CUST2146,28936,wallet,expired_card,29,2,49,0,5,0,0
PAY07005,CUST2139,16767,netbanking,network_timeout,7,3,86,0,10,0,1
PAY07006,CUST0717,44882,card,network_timeout,6,7,61,0,0,0,1
PAY07007,CUST0978,14159,netbanking,technical_error,4,3,42,0,13,0,1
PAY07008,CUST1919,20429,card,authentication_failed,25,5,60,0,16,0,1
PAY07009,CUST0686,33360,wallet,network_timeout,8,1,48,0,9,0,1
PAY07010,CUST1400,18426,upi,authentication_failed,9,1,82,0,9,1,1
PAY07011,CUST2722,20768,wallet,authentication_failed,9,6,80,1,23,0,0
PAY07012,CUST0803,15211,card,expired_card,26,0,27,0,21,1,0
PAY07013,CUST2243,5430,card,expired_card,21,8,44,0,10,0,0
PAY07014,CUST1761,8320,upi,expired_card,30,8,84,0,23,1,0
PAY07015,CUST2508,4229,netbanking,insufficient_balance,14,3,30,0,2,0,1
PAY07016,CUST2519,13514,wallet,authentication_failed,27,5,43,1,17,1,0
PAY07017,CUST2694,3985,upi,insufficient_balance,0,8,2,1,6,1,0
PAY07018,CUST2032,44283,upi,bank_decline,19,5,8,0,5,1,0
PAY07019,CUST1623,21418,card,technical_error,6,5,76,0,8,1,1
PAY07020,CUST0465,41349,upi,network_timeout,3,4,5,1,18,0,0
PAY07021,CUST1125,1294,card,bank_decline,26,7,9,1,20,0,0
PAY07022,CUST0410,48333,card,technical_error,23,3,14,1,7,1,1
PAY07023,CUST2486,47694,wallet,insufficient_balance,5,1,47,1,7,0,0
PAY07024,CUST2526,30520,netbanking,insufficient_balance,3,7,41,0,17,1,1
PAY07025,CUST0410,12219,upi,expired_card,0,0,4,0,10,0,0
PAY07026,CUST2024,46548,netbanking,technical_error,2,8,29,1,1,0,1
PAY07027,CUST0758,9627,wallet,authentication_failed,8,0,85,1,11,1,1
PAY07028,CUST2881,33969,netbanking,insufficient_balance,29,3,44,0,20,0,0
PAY07029,CUST2899,10591,wallet,expired_card,5,1,81,1,18,0,1
PAY07030,CUST2182,46571,netbanking,network_timeout,12,3,90,1,9,1,1
PAY07031,CUST1919,42696,upi,bank_decline,20,6,78,0,19,0,0
PAY07032,CUST0024,22771,netbanking,network_timeout,26,5,83,1,0,1,1
PAY07033,CUST1455,47028,upi,authentication_failed,23,3,1,1,7,1,1
PAY07034,CUST2554,17955,card,expired_card,28,8,65,0,22,1,0
PAY07035,CUST2116,30931,netbanking,expired_card,7,3,86,1,6,0,1
PAY07036,CUST1078,41431,card,insufficient_balance,19,0,29,0,1,0,1
PAY07037,CUST2815,586,upi,technical_error,2,1,14,1,0,1,1
PAY07038,CUST1411,24591,wallet,technical_error,25,6,21,0,13,0,1
PAY07039,CUST1034,33258,netbanking,authentication_failed,23,4,29,0,10,0,1
PAY07040,CUST1234,17189,wallet,expired_card,28,5,2,0,7,0,0
PAY07041,CUST2164,41729,card,bank_decline,2,3,58,0,18,1,1
PAY07042,CUST2803,33877,card,bank_decline,7,2,62,0,9,1,1
PAY07043,CUST0915,22951,netbanking,expired_card,4,8,39,1,16,1,0
PAY07044,CUST0880,49967,wallet,insufficient_balance,1,3,21,0,16,0,1
PAY07045,CUST0635,49389,upi,bank_decline,1,4,78,1,7,0,1
PAY07046,CUST1954,45607,netbanking,network_timeout,5,6,45,1,17,1,1
PAY07047,CUST2528,11932,netbanking,expired_card,17,0,21,0,23,0,0
PAY07048,CUST0495,2009,card,technical_error,11,4,68,0,10,0,1
PAY07049,CUST1037,15543,upi,bank_decline,7,7,81,1,18,0,0
PAY07050,CUST2402,37665,netbanking,authentication_failed,8,7,11,0,23,0,0
PAY07051,CUST0591,19511,card,bank_decline,4,1,36,1,3,0,0
PAY07052,CUST0888,23109,netbanking,bank_decline,6,3,60,0,5,1,0
PAY07053,CUST1320,22849,wallet,insufficient_balance,9,8,15,1,3,1,0
PAY07054,CUST1898,29880,card,technical_error,1,7,32,0,4,0,0
PAY07055,CUST2536,28200,wallet,expired_card,4,8,81,1,22,0,0
PAY07056,CUST2617,17074,card,technical_error,0,8,23,1,8,1,1
PAY07057,CUST2694,29762,netbanking,expired_card,13,5,74,0,11,0,0
PAY07058,CUST1999,28243,upi,insufficient_balance,15,3,53,1,6,1,1
PAY07059,CUST0945,32570,card,insufficient_balance,3,4,50,0,1,1,0
PAY07060,CUST0246,42623,card,technical_error,10,8,26,0,8,0,0
PAY07061,CUST2209,25825,upi,insufficient_balance,7,1,6,0,12,1,0
PAY07062,CUST2819,21058,wallet,expired_card,15,4,87,1,19,0,1
PAY07063,CUST1622,25885,wallet,insufficient_balance,10,2,12,1,0,0,1
PAY07064,CUST1221,3126,upi,technical_error,18,7,35,0,19,0,0
PAY07065,CUST2811,38447,upi,expired_card,29,6,35,1,19,0,0
PAY07066,CUST1491,14451,netbanking,bank_decline,5,1,41,1,4,1,1
PAY07067,CUST0547,27210,wallet,network_timeout,30,8,68,0,13,1,1
PAY07068,CUST0252,5986,upi,bank_decline,2,1,52,1,14,0,1
PAY07069,CUST0764,9433,card,authentication_failed,23,7,83,1,11,1,1
PAY07070,CUST0275,19660,netbanking,bank_decline,15,2,3,1,10,0,1
PAY07071,CUST0917,29094,wallet,technical_error,25,7,76,0,22,1,1
PAY07072,CUST0564,30259,wallet,insufficient_balance,25,4,31,1,21,0,1
PAY07073,CUST1643,14569,card,network_timeout,14,8,22,0,22,0,0
PAY07074,CUST2620,47769,card,bank_decline,16,7,26,1,13,0,0
PAY07075,CUST2549,12231,card,network_timeout,16,7,70,0,23,1,1
PAY07076,CUST0582,25206,wallet,bank_decline,7,5,86,0,1,1,0
PAY07077,CUST2809,41875,wallet,insufficient_balance,9,4,52,1,0,0,1
PAY07078,CUST2541,19378,wallet,technical_error,21,4,58,0,18,0,1
PAY07079,CUST2652,26227,card,bank_decline,27,6,19,0,17,1,0
PAY07080,CUST2349,8799,wallet,technical_error,28,6,29,1,23,1,0
PAY07081,CUST1856,28128,upi,technical_error,12,6,29,1,4,1,1
PAY07082,CUST0978,26512,card,network_timeout,25,7,46,1,0,1,0
PAY07083,CUST0038,42772,netbanking,network_timeout,22,3,65,0,16,0,1
PAY07084,CUST0401,4447,wallet,expired_card,29,2,69,0,0,1,1
PAY07085,CUST2447,887,wallet,bank_decline,27,8,68,1,3,0,1
PAY07086,CUST1531,27248,card,bank_decline,13,4,5,0,17,0,0
PAY07087,CUST0538,36865,card,insufficient_balance,5,2,86,1,9,1,1
PAY07088,CUST1775,5565,wallet,expired_card,2,7,89,1,17,1,0
PAY07089,CUST1631,26919,upi,bank_decline,11,7,6,1,6,0,0
PAY07090,CUST0808,49523,upi,insufficient_balance,21,8,33,0,19,0,1
PAY07091,CUST0767,26011,card,bank_decline,12,4,73,1,14,1,1
PAY07092,CUST1215,11076,wallet,insufficient_balance,26,5,72,1,1,1,0
PAY07093,CUST0106,47459,netbanking,expired_card,14,2,6,0,13,1,1
PAY07094,CUST1591,45178,netbanking,insufficient_balance,18,6,58,1,15,0,1
PAY07095,CUST2053,39696,card,authentication_failed,13,6,69,0,15,0,0
PAY07096,CUST2928,7603,card,network_timeout,29,1,57,1,15,1,1
PAY07097,CUST1570,43914,card,network_timeout,5,2,1,0,20,0,1
PAY07098,CUST2822,45994,wallet,expired_card,24,2,27,0,4,0,1
PAY07099,CUST1408,21043,upi,insufficient_balance,0,4,12,0,8,1,1
PAY07100,CUST2682,46239,wallet,insufficient_balance,20,1,18,0,5,1,0
PAY07101,CUST1057,42482,card,technical_error,8,1,10,0,18,1,1
PAY07102,CUST1366,17203,netbanking,insufficient_balance,10,5,12,1,12,1,1
PAY07103,CUST1703,47052,upi,bank_decline,9,5,3,0,13,0,1
PAY07104,CUST2095,40465,wallet,expired_card,21,7,19,0,23,0,0
PAY07105,CUST2915,6609,netbanking,authentication_failed,6,0,51,0,9,0,1
PAY07106,CUST0727,33536,netbanking,technical_error,18,4,57,0,19,0,1
PAY07107,CUST1698,39270,card,technical_error,18,2,28,1,2,0,1
PAY07108,CUST1057,19977,card,bank_decline,3,1,28,1,8,1,1
PAY07109,CUST2214,40364,card,bank_decline,22,8,67,1,16,1,1
PAY07110,CUST2208,1783,upi,technical_error,3,2,82,1,15,0,1
PAY07111,CUST1378,12623,wallet,expired_card,2,8,88,1,6,1,1
PAY07112,CUST0740,37946,wallet,authentication_failed,30,0,29,1,23,1,0
PAY07113,CUST0832,15305,card,network_timeout,8,1,32,0,5,1,1
PAY07114,CUST2986,45044,netbanking,authentication_failed,9,1,1,1,4,0,1
PAY07115,CUST0578,1019,card,authentication_failed,27,8,49,1,17,1,1
PAY07116,CUST0713,45733,upi,insufficient_balance,8,8,62,0,19,0,1
PAY07117,CUST1223,11058,card,network_timeout,28,4,56,1,12,1,1
PAY07118,CUST1290,31972,upi,insufficient_balance,22,5,10,1,3,1,1
PAY07119,CUST1720,4686,wallet,insufficient_balance,27,1,22,1,7,0,1
PAY07120,CUST0475,47894,wallet,technical_error,30,2,32,1,22,1,1
PAY07121,CUST0468,30407,netbanking,network_timeout,7,5,81,0,22,0,0
PAY07122,CUST0161,21869,wallet,technical_error,8,1,57,0,15,0,1
PAY07123,CUST1111,3755,wallet,technical_error,26,7,42,1,3,0,1
PAY07124,CUST0746,25258,upi,authentication_failed,22,0,85,0,10,0,0
PAY07125,CUST2259,42096,upi,insufficient_balance,19,8,25,0,18,0,1
PAY07126,CUST0593,5050,upi,insufficient_balance,28,7,3,1,21,1,1
PAY07127,CUST2868,2821,upi,authentication_failed,16,6,2,1,5,1,1
PAY07128,CUST0795,2385,wallet,insufficient_balance,16,7,24,1,10,0,1
PAY07129,CUST0567,37683,netbanking,network_timeout,19,7,86,0,17,1,1
PAY07130,CUST1365,35671,wallet,bank_decline,19,3,15,1,1,0,0
PAY07131,CUST1937,33727,wallet,insufficient_balance,23,4,68,1,13,1,1
PAY07132,CUST2945,25791,card,insufficient_balance,16,0,52,1,10,0,1
PAY07133,CUST0512,7008,card,authentication_failed,26,5,27,0,12,0,0
PAY07134,CUST1369,25157,wallet,bank_decline,22,8,87,1,19,1,0
PAY07135,CUST0429,13924,netbanking,network_timeout,3,2,77,0,20,0,1
PAY07136,CUST0036,17796,upi,insufficient_balance,17,5,80,0,8,1,0
PAY07137,CUST2540,26338,netbanking,authentication_failed,26,5,37,1,1,1,0
PAY07138,CUST1324,17219,netbanking,technical_error,16,0,49,0,9,0,1
PAY07139,CUST2374,36056,wallet,technical_error,16,8,77,1,19,1,1
PAY07140,CUST1147,172,wallet,network_timeout,4,6,74,0,18,1,0
PAY07141,CUST2442,20250,card,expired_card,21,2,13,0,5,0,0
PAY07142,CUST2036,30570,wallet,insufficient_balance,1,8,64,0,10,0,0
PAY07143,CUST0082,10768,upi,insufficient_balance,6,6,59,1,1,1,0
PAY07144,CUST0578,37085,wallet,technical_error,4,5,29,1,3,0,1
PAY07145,CUST2852,29517,card,insufficient_balance,4,5,28,0,4,1,0
PAY07146,CUST2131,49719,netbanking,authentication_failed,24,0,38,0,13,0,1
PAY07147,CUST1992,18139,upi,insufficient_balance,3,2,85,0,2,1,0
PAY07148,CUST1234,42788,netbanking,expired_card,20,8,44,0,4,1,0
PAY07149,CUST1670,45853,card,network_timeout,21,1,49,0,0,1,1
PAY07150,CUST0419,16274,wallet,bank_decline,21,7,29,0,19,1,0
PAY07151,CUST0391,46339,netbanking,authentication_failed,30,6,1,1,6,1,0
PAY07152,CUST0705,3836,netbanking,network_timeout,7,2,86,1,0,1,1
PAY07153,CUST1243,1443,card,insufficient_balance,2,7,71,1,13,0,1
PAY07154,CUST2687,49674,netbanking,insufficient_balance,12,1,35,1,11,0,1
PAY07155,CUST0348,10348,card,expired_card,7,1,20,1,17,1,1
PAY07156,CUST1753,30064,wallet,expired_card,12,4,51,0,12,0,0
PAY07157,CUST0845,9976,card,technical_error,9,8,12,1,16,1,1
PAY07158,CUST0781,5696,card,authentication_failed,16,7,4,0,9,1,0
PAY07159,CUST0463,33861,wallet,network_timeout,25,2,60,0,19,0,1
PAY07160,CUST1092,25654,wallet,technical_error,24,3,11,1,22,1,1
PAY07161,CUST1148,10434,netbanking,network_timeout,16,8,22,0,4,1,0
PAY07162,CUST2591,13100,wallet,technical_error,13,4,85,1,21,1,1
PAY07163,CUST0873,9833,upi,bank_decline,5,4,75,0,19,0,0
PAY07164,CUST2660,5784,upi,insufficient_balance,4,4,0,1,2,1,0
PAY07165,CUST2807,40361,netbanking,bank_decline,0,5,50,0,14,1,1
PAY07166,CUST1520,1868,netbanking,authentication_failed,22,6,79,1,21,0,1
PAY07167,CUST1567,5570,wallet,authentication_failed,18,1,25,1,7,0,0
PAY07168,CUST0640,22314,card,insufficient_balance,10,6,21,0,19,1,1
PAY07169,CUST1107,31250,wallet,network_timeout,9,4,7,1,4,1,1
PAY07170,CUST0445,19015,upi,authentication_failed,21,6,40,1,4,1,1
PAY07171,CUST0289,25995,card,expired_card,12,4,31,0,23,0,1
PAY07172,CUST1797,10599,netbanking,bank_decline,28,6,49,0,11,0,1
PAY07173,CUST0294,14372,wallet,technical_error,6,7,36,1,12,1,1
PAY07174,CUST2957,39635,upi,bank_decline,15,7,23,1,23,0,1
PAY07175,CUST1053,11167,wallet,technical_error,9,1,22,1,20,1,1
PAY07176,CUST0435,8857,upi,bank_decline,3,2,35,1,14,1,1
PAY07177,CUST2699,33196,card,technical_error,9,0,52,0,5,1,0
PAY07178,CUST1422,26425,card,authentication_failed,0,4,4,1,15,0,0
PAY07179,CUST0587,21308,wallet,technical_error,30,4,66,0,0,1,1
PAY07180,CUST0655,18181,wallet,network_timeout,30,6,44,1,19,0,1
PAY07181,CUST2577,49686,wallet,expired_card,2,2,3,1,8,0,1
PAY07182,CUST1454,8539,card,authentication_failed,15,8,53,1,14,1,1
PAY07183,CUST0032,7543,wallet,technical_error,12,2,2,0,21,0,1
PAY07184,CUST0791,25022,upi,bank_decline,0,6,47,0,21,0,0
PAY07185,CUST0854,31047,netbanking,bank_decline,22,2,25,1,9,0,1
PAY07186,CUST1497,42683,card,insufficient_balance,18,0,39,1,17,1,1
PAY07187,CUST0898,46492,netbanking,technical_error,29,5,17,1,1,1,1
PAY07188,CUST0161,3846,netbanking,expired_card,25,1,2,1,20,1,1
PAY07189,CUST1669,931,netbanking,technical_error,16,0,74,1,18,0,1
PAY07190,CUST2627,17207,upi,technical_error,20,8,10,1,16,0,1
PAY07191,CUST0668,10275,netbanking,bank_decline,1,2,14,0,13,1,1
PAY07192,CUST1649,43639,card,insufficient_balance,26,8,77,0,16,0,1
PAY07193,CUST1054,40375,wallet,expired_card,28,6,84,0,22,1,0
PAY07194,CUST2261,7334,netbanking,expired_card,21,8,89,0,12,0,0
PAY07195,CUST0283,20804,upi,technical_error,7,3,48,1,20,1,0
PAY07196,CUST1167,38786,upi,expired_card,14,4,29,0,7,1,0
PAY07197,CUST2634,9386,wallet,bank_decline,17,4,43,1,13,0,1
PAY07198,CUST0447,21667,netbanking,bank_decline,17,1,52,0,19,1,0
PAY07199,CUST1259,44124,card,expired_card,14,8,63,1,13,0,1
PAY07200,CUST2999,5089,wallet,technical_error,5,6,12,1,23,1,0
PAY07201,CUST0932,1217,wallet,expired_card,29,8,3,0,14,1,0
PAY07202,CUST2993,46803,upi,bank_decline,6,0,14,1,19,1,1
PAY07203,CUST1620,24542,upi,network_timeout,15,4,47,1,10,1,1
PAY07204,CUST0801,36340,wallet,technical_error,9,4,28,0,21,1,1
PAY07205,CUST2141,18032,card,expired_card,11,7,73,1,11,1,1
PAY07206,CUST0807,36336,card,expired_card,20,6,57,1,20,0,0
PAY07207,CUST2169,5370,netbanking,bank_decline,2,3,83,0,4,0,0
PAY07208,CUST0661,31626,wallet,insufficient_balance,19,1,50,1,19,1,1
PAY07209,CUST0845,37969,wallet,bank_decline,16,7,87,1,11,1,0
PAY07210,CUST1211,32836,card,technical_error,25,1,86,1,11,0,1
PAY07211,CUST1091,2653,wallet,network_timeout,20,7,80,1,3,0,1
PAY07212,CUST1989,20813,wallet,insufficient_balance,26,4,35,0,13,0,1
PAY07213,CUST0625,7826,card,technical_error,3,6,23,1,19,1,1
PAY07214,CUST2543,27604,wallet,insufficient_balance,24,7,64,0,6,0,1
PAY07215,CUST0729,24956,upi,bank_decline,6,1,72,1,16,0,1
PAY07216,CUST1248,12778,wallet,technical_error,16,1,16,0,1,1,1
PAY07217,CUST1937,36559,wallet,insufficient_balance,13,7,15,1,13,0,1
PAY07218,CUST2615,19873,wallet,network_timeout,2,2,79,0,21,1,1
PAY07219,CUST2809,23481,netbanking,network_timeout,28,6,35,1,0,1,0
PAY07220,CUST2810,7145,netbanking,network_timeout,0,6,81,1,11,0,0
PAY07221,CUST2248,21833,upi,network_timeout,1,4,41,1,15,1,0
PAY07222,CUST2188,22092,upi,insufficient_balance,4,2,6,0,12,1,1
PAY07223,CUST2954,44594,wallet,authentication_failed,14,4,82,0,9,1,1
PAY07224,CUST0556,41947,card,network_timeout,16,0,26,1,4,0,1
PAY07225,CUST2939,24909,wallet,insufficient_balance,2,7,3,1,23,1,1
PAY07226,CUST1712,34501,wallet,authentication_failed,25,0,84,0,15,1,0
PAY07227,CUST0581,8251,card,bank_decline,15,1,18,0,1,1,0
PAY07228,CUST1596,45743,netbanking,technical_error,7,6,46,0,23,0,1
PAY07229,CUST1665,44017,wallet,expired_card,17,1,28,1,13,0,0
PAY07230,CUST0685,10134,card,technical_error,12,1,87,0,4,0,1
PAY07231,CUST0974,1470,netbanking,network_timeout,27,6,30,1,15,0,1
PAY07232,CUST1207,34812,card,authentication_failed,8,6,0,0,8,1,0
PAY07233,CUST1237,1115,wallet,technical_error,22,4,26,1,9,1,1
PAY07234,CUST0463,44050,wallet,expired_card,12,6,49,0,19,1,0
PAY07235,CUST0762,5838,upi,insufficient_balance,7,2,79,1,0,0,1
PAY07236,CUST2768,38587,wallet,bank_decline,2,0,24,0,3,1,0
PAY07237,CUST1392,33017,card,technical_error,14,2,48,1,21,0,1
PAY07238,CUST2845,21857,card,authentication_failed,3,3,67,0,21,0,1
PAY07239,CUST2469,1314,netbanking,expired_card,20,8,11,1,21,1,1
PAY07240,CUST0765,39485,card,technical_error,30,3,1,1,4,0,1
PAY07241,CUST0359,36888,netbanking,technical_error,1,5,20,1,7,0,0
PAY07242,CUST0321,36135,wallet,bank_decline,11,6,62,0,5,1,1
PAY07243,CUST0441,10363,wallet,expired_card,23,0,89,0,16,1,1
PAY07244,CUST0512,3678,card,authentication_failed,18,5,74,0,5,0,1
PAY07245,CUST1084,38459,upi,authentication_failed,28,4,32,1,0,1,1
PAY07246,CUST1770,5718,netbanking,technical_error,20,2,88,0,4,0,1
PAY07247,CUST2421,32257,wallet,authentication_failed,21,4,69,1,2,0,1
PAY07248,CUST2298,11111,netbanking,expired_card,22,1,37,0,5,0,0
PAY07249,CUST0469,46522,wallet,insufficient_balance,8,5,48,0,11,0,1
PAY07250,CUST2097,11560,card,technical_error,20,0,70,1,3,1,1
PAY07251,CUST2103,237,wallet,network_timeout,6,5,28,1,14,0,0
PAY07252,CUST0613,17476,upi,network_timeout,28,5,59,0,23,0,0
PAY07253,CUST1765,23943,netbanking,technical_error,5,5,61,0,15,0,1
PAY07254,CUST1964,42969,upi,technical_error,0,4,90,1,23,0,0
PAY07255,CUST0285,47842,wallet,insufficient_balance,29,1,83,0,15,0,1
PAY07256,CUST0742,46125,wallet,authentication_failed,2,6,62,0,12,1,0
PAY07257,CUST0741,32707,card,insufficient_balance,4,4,10,0,5,1,1
PAY07258,CUST0664,6491,card,technical_error,6,0,70,0,5,0,1
PAY07259,CUST2371,5779,netbanking,authentication_failed,7,1,73,0,17,1,0
PAY07260,CUST0273,21695,upi,network_timeout,21,1,90,0,7,0,1
PAY07261,CUST1974,15252,card,insufficient_balance,18,7,18,1,5,1,1
PAY07262,CUST1890,4874,upi,authentication_failed,1,4,18,0,16,1,0
PAY07263,CUST2747,26256,card,authentication_failed,18,0,1,1,21,1,1
PAY07264,CUST2526,28077,netbanking,insufficient_balance,22,7,58,0,19,1,1
PAY07265,CUST2171,24233,upi,expired_card,7,1,24,1,9,0,0
PAY07266,CUST0925,8130,wallet,authentication_failed,20,4,32,1,22,0,1
PAY07267,CUST2386,23603,netbanking,expired_card,30,2,85,0,6,1,1
PAY07268,CUST1047,2816,upi,expired_card,22,8,83,1,10,0,0
PAY07269,CUST0039,34540,upi,authentication_failed,26,1,56,0,0,1,1
PAY07270,CUST1121,35189,netbanking,insufficient_balance,2,5,77,1,9,1,1
PAY07271,CUST2860,828,wallet,authentication_failed,4,5,32,1,15,1,1
PAY07272,CUST1355,15578,card,authentication_failed,14,6,68,0,11,0,1
PAY07273,CUST0530,18146,wallet,technical_error,2,1,1,0,13,0,1
PAY07274,CUST0468,39917,wallet,expired_card,24,4,53,0,2,1,1
PAY07275,CUST2293,45478,card,authentication_failed,11,1,49,1,19,0,1
PAY07276,CUST2922,40376,card,bank_decline,1,4,35,1,3,1,1
PAY07277,CUST1183,37843,upi,insufficient_balance,23,0,48,1,2,0,1
PAY07278,CUST0470,31478,netbanking,technical_error,30,4,20,1,5,1,1
PAY07279,CUST1676,30511,card,technical_error,6,0,48,1,15,0,1
PAY07280,CUST2817,38113,card,technical_error,15,5,24,1,17,0,1
PAY07281,CUST0664,47671,netbanking,insufficient_balance,10,5,14,0,6,0,1
PAY07282,CUST0284,46994,wallet,authentication_failed,19,5,34,0,4,0,1
PAY07283,CUST0752,18178,wallet,technical_error,7,5,45,0,13,1,1
PAY07284,CUST2260,33948,upi,authentication_failed,29,7,60,1,5,0,0
PAY07285,CUST1262,15172,wallet,network_timeout,16,8,70,1,4,1,1
PAY07286,CUST0456,48420,wallet,authentication_failed,19,6,40,1,9,1,1
PAY07287,CUST1473,48190,upi,technical_error,27,2,66,1,0,0,1
PAY07288,CUST1091,32012,wallet,technical_error,12,4,47,1,9,0,1
PAY07289,CUST1712,25859,netbanking,insufficient_balance,10,3,20,0,12,0,0
PAY07290,CUST0023,41114,card,network_timeout,3,8,62,0,3,0,1
PAY07291,CUST2326,35721,upi,authentication_failed,0,2,4,0,11,1,0
PAY07292,CUST2569,42485,netbanking,bank_decline,28,2,85,0,17,1,1
PAY07293,CUST2733,8166,wallet,authentication_failed,1,1,69,1,2,0,1
PAY07294,CUST1000,47830,wallet,authentication_failed,8,0,88,1,18,1,1
PAY07295,CUST2216,2202,netbanking,authentication_failed,29,1,65,1,1,1,1
PAY07296,CUST2639,32474,wallet,insufficient_balance,11,0,30,0,16,1,0
PAY07297,CUST2406,30245,netbanking,network_timeout,12,3,23,0,16,1,1
PAY07298,CUST1453,26733,upi,insufficient_balance,13,6,84,0,5,0,1
PAY07299,CUST1375,9721,card,bank_decline,20,2,13,0,17,0,1
PAY07300,CUST2190,37712,card,insufficient_balance,0,5,9,0,4,1,0
PAY07301,CUST0352,40105,card,expired_card,28,8,11,1,14,1,0
PAY07302,CUST2736,3460,netbanking,bank_decline,4,3,27,0,18,1,0
PAY07303,CUST1879,37894,wallet,bank_decline,30,8,67,1,23,1,0
PAY07304,CUST0809,17211,wallet,expired_card,10,8,19,1,8,1,1
PAY07305,CUST0843,31350,upi,insufficient_balance,7,0,5,0,23,0,1
PAY07306,CUST1116,30004,card,bank_decline,21,6,19,0,9,0,1
PAY07307,CUST1500,16316,card,network_timeout,29,2,81,0,18,1,1
PAY07308,CUST0049,49384,card,network_timeout,2,2,75,1,4,0,1
PAY07309,CUST2000,43601,card,technical_error,15,4,12,1,12,1,1
PAY07310,CUST1705,27468,upi,bank_decline,1,7,4,1,22,0,0
PAY07311,CUST2623,43328,wallet,insufficient_balance,24,7,90,1,2,1,0
PAY07312,CUST0967,24593,upi,expired_card,11,4,54,0,4,0,1
PAY07313,CUST2790,35189,netbanking,bank_decline,24,6,49,0,1,1,0
PAY07314,CUST1257,37924,card,technical_error,30,1,82,0,12,0,1
PAY07315,CUST2485,14939,netbanking,technical_error,3,5,12,1,3,1,1
PAY07316,CUST2549,19581,card,network_timeout,9,8,77,1,10,1,0
PAY07317,CUST0032,36280,netbanking,bank_decline,18,5,34,1,19,1,1
PAY07318,CUST1548,48879,wallet,bank_decline,11,5,54,0,5,0,1
PAY07319,CUST1195,1232,card,network_timeout,24,5,17,0,19,0,1
PAY07320,CUST1204,1761,card,expired_card,0,7,55,0,18,1,1
PAY07321,CUST0700,1623,card,insufficient_balance,23,1,58,0,5,0,1
PAY07322,CUST2426,19797,upi,expired_card,5,2,3,0,9,0,1
PAY07323,CUST2758,39350,netbanking,bank_decline,14,8,60,0,9,0,0
PAY07324,CUST2742,46974,upi,bank_decline,4,3,5,1,7,1,1
PAY07325,CUST2020,6624,upi,bank_decline,23,1,64,1,14,1,1
PAY07326,CUST2367,32695,netbanking,insufficient_balance,23,5,20,1,17,1,1
PAY07327,CUST1012,20965,netbanking,authentication_failed,23,5,15,1,8,0,1
PAY07328,CUST1195,16362,wallet,network_timeout,9,3,70,1,4,1,1
PAY07329,CUST0964,249,netbanking,technical_error,24,6,4,1,8,0,1
PAY07330,CUST1223,19777,upi,expired_card,23,0,72,1,18,0,1
PAY07331,CUST1017,32663,netbanking,authentication_failed,15,0,12,1,11,0,1
PAY07332,CUST2168,35869,card,bank_decline,6,5,66,1,10,1,1
PAY07333,CUST1423,542,netbanking,authentication_failed,21,2,77,1,11,0,0
PAY07334,CUST1977,3109,netbanking,bank_decline,13,8,7,1,12,0,0
PAY07335,CUST1282,3652,netbanking,network_timeout,26,8,30,1,9,0,1
PAY07336,CUST0747,30101,netbanking,expired_card,8,7,86,0,3,1,0
PAY07337,CUST0727,38732,netbanking,network_timeout,7,3,54,0,12,0,1
PAY07338,CUST1226,2426,upi,network_timeout,3,0,34,1,9,0,1
PAY07339,CUST2573,41176,netbanking,bank_decline,0,6,46,0,9,0,0
PAY07340,CUST0085,40747,wallet,bank_decline,27,6,25,1,19,0,0
PAY07341,CUST1701,24738,card,expired_card,23,5,63,1,6,0,0
PAY07342,CUST1069,23613,netbanking,authentication_failed,9,3,53,0,7,0,1
PAY07343,CUST0331,39457,upi,network_timeout,22,2,87,0,22,0,1
PAY07344,CUST2275,8250,card,authentication_failed,30,0,27,1,15,0,1
PAY07345,CUST2977,36021,card,network_timeout,30,7,63,0,18,1,1
PAY07346,CUST2261,29780,card,authentication_failed,29,6,49,1,16,1,1
PAY07347,CUST0819,12961,card,bank_decline,10,0,76,0,7,0,1
PAY07348,CUST2720,11891,wallet,insufficient_balance,25,4,77,0,3,1,1
PAY07349,CUST0224,23688,netbanking,insufficient_balance,19,3,35,1,19,1,1
PAY07350,CUST1960,43118,upi,technical_error,28,4,31,1,6,1,0
PAY07351,CUST0729,24185,card,network_timeout,26,5,29,1,16,1,1
PAY07352,CUST2340,27180,upi,network_timeout,1,3,23,0,1,0,1
PAY07353,CUST0045,7417,upi,bank_decline,21,8,51,0,3,1,0
PAY07354,CUST0939,33359,netbanking,expired_card,22,5,46,1,1,1,1
PAY07355,CUST0390,41122,card,authentication_failed,29,7,86,1,2,1,1
PAY07356,CUST0653,25409,wallet,insufficient_balance,9,4,29,1,15,1,0
PAY07357,CUST2894,303,netbanking,authentication_failed,24,1,11,0,16,0,0
PAY07358,CUST0219,41497,upi,authentication_failed,27,6,35,0,6,1,1
PAY07359,CUST2689,38702,wallet,expired_card,27,8,75,1,12,1,0
PAY07360,CUST0573,24471,upi,bank_decline,10,3,11,1,15,0,0
PAY07361,CUST0028,23872,upi,bank_decline,5,5,52,1,12,0,1
PAY07362,CUST0854,32649,upi,expired_card,6,4,69,0,19,0,0
PAY07363,CUST0104,49905,card,network_timeout,5,4,22,0,2,0,1
PAY07364,CUST1841,30389,wallet,network_timeout,12,6,17,1,21,1,0
PAY07365,CUST1929,35754,wallet,expired_card,9,1,12,0,23,1,1
PAY07366,CUST2054,18911,upi,network_timeout,15,2,62,1,20,0,1
PAY07367,CUST0319,46617,netbanking,network_timeout,21,4,60,0,6,1,1
PAY07368,CUST1966,7355,wallet,network_timeout,20,6,67,1,18,0,1
PAY07369,CUST2593,10110,wallet,insufficient_balance,22,8,88,0,14,1,1
PAY07370,CUST0355,20185,netbanking,authentication_failed,29,5,0,1,7,0,0
PAY07371,CUST0802,3112,wallet,network_timeout,7,8,20,1,5,1,0
PAY07372,CUST0639,32620,card,expired_card,19,7,80,0,8,1,1
PAY07373,CUST1253,25651,upi,authentication_failed,9,6,33,1,8,1,0
PAY07374,CUST1386,37301,card,insufficient_balance,3,1,1,0,11,0,1
PAY07375,CUST0678,47238,card,authentication_failed,16,1,44,1,17,0,1
PAY07376,CUST0672,12906,wallet,authentication_failed,17,8,52,1,1,0,1
PAY07377,CUST0952,9808,upi,expired_card,3,1,31,1,22,0,1
PAY07378,CUST0708,21247,netbanking,technical_error,21,4,46,1,0,0,1
PAY07379,CUST0328,30878,wallet,technical_error,21,1,7,0,20,0,1
PAY07380,CUST0649,18331,wallet,network_timeout,27,7,24,0,16,0,1
PAY07381,CUST1199,5260,netbanking,insufficient_balance,30,3,56,1,14,1,1
PAY07382,CUST2903,22600,netbanking,expired_card,27,1,56,0,20,0,1
PAY07383,CUST0021,4502,wallet,expired_card,22,4,64,1,12,1,0
PAY07384,CUST1838,34879,card,expired_card,23,1,53,1,11,1,1
PAY07385,CUST2606,44194,card,bank_decline,4,8,49,1,4,0,0
PAY07386,CUST0888,28553,card,network_timeout,15,1,38,1,5,0,1
PAY07387,CUST2766,8325,netbanking,expired_card,6,1,72,1,22,1,1
PAY07388,CUST0334,25294,netbanking,expired_card,28,1,70,0,10,1,0
PAY07389,CUST0043,1928,netbanking,authentication_failed,7,8,1,1,5,0,0
PAY07390,CUST1910,49968,wallet,authentication_failed,3,0,80,1,18,1,1
PAY07391,CUST1349,48495,card,insufficient_balance,3,1,71,1,0,1,1
PAY07392,CUST2128,48668,card,expired_card,14,4,88,0,13,1,1
PAY07393,CUST0276,27861,netbanking,bank_decline,15,0,86,1,13,1,0
PAY07394,CUST2240,35159,netbanking,network_timeout,23,6,70,0,0,0,1
PAY07395,CUST2281,24195,upi,authentication_failed,16,5,59,1,1,0,1
PAY07396,CUST1382,19003,card,authentication_failed,11,0,51,1,2,0,1
PAY07397,CUST2226,36348,card,network_timeout,12,7,68,1,6,1,1
PAY07398,CUST2095,3745,netbanking,network_timeout,22,4,78,1,13,1,0
PAY07399,CUST1534,30117,card,authentication_failed,30,6,73,1,9,0,0
PAY07400,CUST0576,12683,card,insufficient_balance,24,4,23,1,17,0,1
PAY07401,CUST2511,42966,wallet,technical_error,19,5,59,0,7,1,1
PAY07402,CUST1901,1535,card,network_timeout,13,8,37,1,2,0,0
PAY07403,CUST0690,48094,netbanking,authentication_failed,30,0,22,0,16,1,1
PAY07404,CUST2196,40349,upi,network_timeout,6,8,14,1,23,1,1
PAY07405,CUST1608,3464,netbanking,network_timeout,18,6,89,0,23,1,1
PAY07406,CUST0591,37013,upi,insufficient_balance,11,5,25,1,13,0,1
PAY07407,CUST0487,463,netbanking,insufficient_balance,5,7,16,1,4,0,0
PAY07408,CUST1772,26111,wallet,expired_card,8,0,46,1,6,0,0
PAY07409,CUST0986,30037,netbanking,authentication_failed,7,7,32,1,22,0,0
PAY07410,CUST2076,46189,upi,network_timeout,22,6,71,0,18,1,1
PAY07411,CUST2115,8162,wallet,network_timeout,8,6,62,0,18,1,1
PAY07412,CUST0556,29325,card,technical_error,29,1,54,0,14,0,1
PAY07413,CUST0147,17755,wallet,insufficient_balance,0,2,88,0,6,1,1
PAY07414,CUST2305,32095,card,technical_error,30,7,60,0,2,1,0
PAY07415,CUST2735,11122,netbanking,authentication_failed,5,4,36,0,2,0,1
PAY07416,CUST0518,40773,upi,insufficient_balance,3,0,27,1,15,1,1
PAY07417,CUST0145,2428,upi,authentication_failed,10,4,18,1,0,0,1
PAY07418,CUST0442,45439,card,technical_error,1,3,35,0,0,1,1
PAY07419,CUST0429,19876,upi,network_timeout,29,5,39,1,0,0,1
PAY07420,CUST2024,41842,netbanking,authentication_failed,28,8,90,1,16,1,0
PAY07421,CUST2271,6444,wallet,expired_card,16,8,87,1,13,1,0
PAY07422,CUST1058,35932,upi,insufficient_balance,6,2,68,1,8,0,1
PAY07423,CUST1371,645,netbanking,bank_decline,8,7,11,1,9,0,0
PAY07424,CUST1585,23812,netbanking,network_timeout,30,6,55,0,4,1,1
PAY07425,CUST1413,1770,card,network_timeout,13,0,12,0,20,1,1
PAY07426,CUST2883,7616,card,network_timeout,22,6,6,1,12,0,1
PAY07427,CUST0415,1605,wallet,technical_error,20,2,52,0,2,1,1
PAY07428,CUST2298,17876,wallet,insufficient_balance,23,0,20,0,12,0,1
PAY07429,CUST0285,20547,card,network_timeout,29,2,35,1,6,0,1
PAY07430,CUST2397,23515,netbanking,network_timeout,21,5,55,1,9,0,1
PAY07431,CUST2348,25909,card,authentication_failed,29,7,22,1,14,0,1
PAY07432,CUST2016,44333,upi,network_timeout,16,8,72,1,1,1,1
PAY07433,CUST0195,20330,netbanking,bank_decline,4,0,26,1,9,1,1
PAY07434,CUST2997,23289,wallet,network_timeout,18,1,85,1,21,1,1
PAY07435,CUST0820,18553,upi,authentication_failed,2,4,18,0,3,1,0
PAY07436,CUST0102,30479,card,insufficient_balance,30,6,84,1,9,0,0
PAY07437,CUST2429,755,wallet,network_timeout,6,8,28,1,5,1,1
PAY07438,CUST0470,49035,upi,authentication_failed,8,2,38,1,1,1,1
PAY07439,CUST2734,19585,upi,insufficient_balance,26,2,40,1,3,1,1
PAY07440,CUST2967,19156,card,network_timeout,8,8,90,1,5,1,1
PAY07441,CUST0481,17538,upi,authentication_failed,8,5,54,1,13,1,0
PAY07442,CUST0894,39652,wallet,network_timeout,26,8,5,0,4,0,1
PAY07443,CUST1580,13688,upi,expired_card,29,7,45,1,19,1,0
PAY07444,CUST2448,30743,netbanking,bank_decline,14,5,53,1,12,1,0
PAY07445,CUST2032,24815,wallet,bank_decline,25,4,73,0,7,1,0
PAY07446,CUST2878,33550,card,bank_decline,29,4,1,0,5,1,1
PAY07447,CUST0581,10677,card,bank_decline,22,4,45,0,22,0,1
PAY07448,CUST2784,18692,netbanking,authentication_failed,20,2,15,1,12,0,1
PAY07449,CUST0055,1169,netbanking,technical_error,16,3,40,0,1,1,1
PAY07450,CUST2058,6669,upi,bank_decline,11,1,37,1,18,0,1
PAY07451,CUST1322,39118,card,technical_error,29,3,61,1,11,0,1
PAY07452,CUST2538,30068,card,network_timeout,10,7,68,0,8,0,1
PAY07453,CUST0070,35681,card,bank_decline,11,0,75,1,1,0,1
PAY07454,CUST1325,17951,netbanking,network_timeout,6,6,35,0,4,1,0
PAY07455,CUST0718,47813,upi,authentication_failed,26,0,85,1,18,1,0
PAY07456,CUST0011,12630,card,insufficient_balance,25,1,46,1,18,1,0
PAY07457,CUST2354,40353,netbanking,technical_error,24,2,34,0,19,1,1
PAY07458,CUST0456,28501,wallet,expired_card,10,3,48,0,3,0,1
PAY07459,CUST0448,42429,wallet,network_timeout,6,2,70,0,21,0,1
PAY07460,CUST0620,45573,netbanking,insufficient_balance,17,3,50,0,9,1,1
PAY07461,CUST2849,46548,card,bank_decline,18,2,9,1,10,0,1
PAY07462,CUST1277,35844,card,network_timeout,3,4,52,1,5,1,1
PAY07463,CUST0474,7847,wallet,insufficient_balance,15,0,22,0,11,0,0
PAY07464,CUST2233,16970,netbanking,network_timeout,27,3,46,1,20,1,1
PAY07465,CUST1890,14757,card,insufficient_balance,21,1,19,0,6,0,1
PAY07466,CUST2960,12201,netbanking,insufficient_balance,8,6,48,1,4,0,1
PAY07467,CUST0825,45612,wallet,insufficient_balance,2,5,29,1,8,0,0
PAY07468,CUST1573,244,card,expired_card,13,1,89,0,0,1,1
PAY07469,CUST2944,36355,netbanking,technical_error,17,4,32,1,11,0,1
PAY07470,CUST2536,13213,wallet,network_timeout,0,7,37,0,6,0,0
PAY07471,CUST1514,15538,upi,authentication_failed,7,6,79,1,2,1,1
PAY07472,CUST1435,7378,card,authentication_failed,0,7,84,1,12,1,0
PAY07473,CUST2193,9403,netbanking,expired_card,8,8,30,1,17,1,1
PAY07474,CUST0362,9333,upi,authentication_failed,10,8,62,0,10,0,0
PAY07475,CUST1964,13582,card,authentication_failed,23,0,61,0,18,1,1
PAY07476,CUST2797,44194,netbanking,bank_decline,25,3,49,1,12,1,1
PAY07477,CUST0794,6510,upi,technical_error,23,6,22,1,7,0,1
PAY07478,CUST2232,37937,wallet,expired_card,9,7,2,0,21,0,0
PAY07479,CUST0744,5572,netbanking,insufficient_balance,27,5,77,0,19,0,0
PAY07480,CUST2335,17111,upi,bank_decline,5,8,19,0,11,1,0
PAY07481,CUST1508,48803,wallet,network_timeout,9,0,22,1,9,1,1
PAY07482,CUST1886,30560,card,bank_decline,8,8,10,0,7,1,0
PAY07483,CUST2047,34343,upi,technical_error,27,2,34,1,4,0,1
PAY07484,CUST1332,3010,wallet,technical_error,16,4,27,0,18,0,1
PAY07485,CUST2730,40840,wallet,network_timeout,12,2,54,0,17,0,1
PAY07486,CUST0943,40744,card,technical_error,4,4,60,1,8,1,1
PAY07487,CUST1051,23686,wallet,authentication_failed,21,0,24,0,20,1,1
PAY07488,CUST2066,25366,netbanking,technical_error,5,7,76,1,16,0,0
PAY07489,CUST2586,11672,wallet,expired_card,10,4,66,0,14,1,0
PAY07490,CUST0512,37190,netbanking,technical_error,2,1,79,1,3,0,1
PAY07491,CUST1636,19596,netbanking,authentication_failed,14,7,20,0,3,1,0
PAY07492,CUST1272,2942,card,expired_card,14,0,71,0,6,0,1
PAY07493,CUST2802,38866,wallet,network_timeout,15,2,45,0,21,1,1
PAY07494,CUST2817,17294,upi,bank_decline,3,8,3,1,11,1,0
PAY07495,CUST2507,6097,upi,technical_error,27,5,14,0,3,1,0
PAY07496,CUST1253,49368,netbanking,bank_decline,29,5,54,0,12,1,0
PAY07497,CUST0509,33110,upi,bank_decline,0,4,58,0,22,0,0
PAY07498,CUST0790,29797,card,authentication_failed,22,2,46,0,12,0,0
PAY07499,CUST0455,48119,upi,network_timeout,29,3,47,0,7,1,1
PAY07500,CUST2537,43399,netbanking,network_timeout,19,6,81,0,22,1,0
PAY07501,CUST1534,9919,netbanking,network_timeout,11,5,64,1,5,0,1
PAY07502,CUST1488,39116,card,technical_error,21,8,66,1,11,0,0
PAY07503,CUST0695,39439,upi,technical_error,14,7,4,0,11,1,1
PAY07504,CUST1455,36820,netbanking,expired_card,26,4,17,0,1,1,1
PAY07505,CUST1206,47856,wallet,insufficient_balance,26,1,23,1,14,0,1
PAY07506,CUST1018,42826,netbanking,authentication_failed,27,3,58,0,20,1,0
PAY07507,CUST0883,9676,upi,network_timeout,0,1,56,0,19,1,1
PAY07508,CUST1459,31360,wallet,insufficient_balance,4,5,83,0,12,1,1
PAY07509,CUST0518,4724,netbanking,authentication_failed,13,7,34,1,6,1,0
PAY07510,CUST1158,32303,card,insufficient_balance,20,0,27,1,12,0,0
PAY07511,CUST2116,28114,card,insufficient_balance,12,8,58,0,21,1,0
PAY07512,CUST1367,33041,netbanking,network_timeout,10,3,8,1,10,1,0
PAY07513,CUST0748,12315,wallet,bank_decline,23,1,57,0,14,1,1
PAY07514,CUST1710,3897,card,insufficient_balance,28,4,11,0,11,0,1
PAY07515,CUST2164,29654,card,insufficient_balance,11,1,61,0,18,1,1
PAY07516,CUST2751,49203,wallet,expired_card,10,0,2,1,1,1,0
PAY07517,CUST1096,43418,netbanking,network_timeout,25,7,84,0,20,0,1
PAY07518,CUST2788,21094,upi,expired_card,30,6,13,0,10,1,0
PAY07519,CUST2564,22014,upi,expired_card,20,0,17,1,17,0,0
PAY07520,CUST0221,7541,netbanking,technical_error,2,1,29,0,16,0,1
PAY07521,CUST2436,23086,upi,network_timeout,2,6,81,1,20,0,1
PAY07522,CUST1444,8450,upi,insufficient_balance,8,5,7,1,0,1,1
PAY07523,CUST0308,48711,upi,bank_decline,27,6,49,1,0,0,0
PAY07524,CUST1574,753,wallet,network_timeout,29,5,7,1,9,0,1
PAY07525,CUST1454,6358,card,technical_error,7,2,70,1,0,0,1
PAY07526,CUST2701,19362,netbanking,network_timeout,14,0,34,0,16,0,1
PAY07527,CUST1316,14853,card,bank_decline,6,2,37,1,3,1,1
PAY07528,CUST2743,23581,upi,insufficient_balance,9,1,8,0,8,0,1
PAY07529,CUST1203,36289,card,insufficient_balance,13,8,72,0,12,1,0
PAY07530,CUST2210,45689,upi,expired_card,30,2,60,0,17,0,1
PAY07531,CUST2975,42699,wallet,technical_error,17,5,52,0,22,1,1
PAY07532,CUST2502,17688,netbanking,bank_decline,16,4,56,0,19,0,0
PAY07533,CUST0331,40700,netbanking,bank_decline,18,6,42,0,5,0,0
PAY07534,CUST2435,49081,netbanking,expired_card,26,4,78,0,0,1,1
PAY07535,CUST2672,45637,netbanking,expired_card,14,8,33,1,19,0,1
PAY07536,CUST0691,49272,upi,network_timeout,15,7,14,1,20,1,0
PAY07537,CUST1352,45151,card,authentication_failed,21,2,71,1,0,0,1
PAY07538,CUST0313,33369,upi,bank_decline,13,1,4,0,17,0,1
PAY07539,CUST2848,42565,upi,bank_decline,16,0,14,0,1,1,1
PAY07540,CUST1881,314,netbanking,expired_card,22,4,32,1,7,0,1
PAY07541,CUST1430,26703,wallet,insufficient_balance,2,1,72,1,2,0,1
PAY07542,CUST0032,37341,netbanking,expired_card,23,2,51,1,16,0,1
PAY07543,CUST0291,26746,netbanking,expired_card,2,4,55,0,21,0,0
PAY07544,CUST0001,550,wallet,authentication_failed,13,4,13,1,7,1,0
PAY07545,CUST1824,10950,upi,insufficient_balance,16,5,41,1,18,0,1
PAY07546,CUST0321,49605,netbanking,technical_error,7,5,36,0,23,0,1
PAY07547,CUST2954,32360,upi,insufficient_balance,14,6,9,0,7,1,0
PAY07548,CUST1932,29676,upi,network_timeout,3,0,21,1,22,0,1
PAY07549,CUST1863,43308,netbanking,technical_error,7,3,42,1,3,1,0
PAY07550,CUST2733,4558,netbanking,technical_error,8,0,85,0,15,1,1
PAY07551,CUST1768,31097,upi,insufficient_balance,18,7,79,0,3,0,0
PAY07552,CUST0395,49681,card,bank_decline,12,0,41,1,10,1,1
PAY07553,CUST0185,16598,upi,expired_card,7,7,59,1,18,1,1
PAY07554,CUST1960,46975,upi,insufficient_balance,26,5,34,1,12,0,1
PAY07555,CUST1991,596,upi,technical_error,20,7,27,1,4,0,1
PAY07556,CUST2253,1964,netbanking,bank_decline,3,2,14,1,23,1,1
PAY07557,CUST0737,39618,wallet,authentication_failed,28,6,66,0,15,0,0
PAY07558,CUST1086,11182,card,authentication_failed,25,4,21,1,17,1,1
PAY07559,CUST2811,19186,netbanking,bank_decline,26,0,80,1,16,1,1
PAY07560,CUST2075,39774,upi,insufficient_balance,2,1,85,0,6,0,0
PAY07561,CUST1139,19586,upi,network_timeout,15,5,26,1,22,1,1
PAY07562,CUST1706,16599,netbanking,authentication_failed,0,4,39,1,5,1,0
PAY07563,CUST0102,20365,netbanking,network_timeout,12,3,11,1,23,1,1
PAY07564,CUST1179,6340,wallet,network_timeout,1,0,28,0,14,0,1
PAY07565,CUST1054,28980,netbanking,insufficient_balance,3,2,5,1,21,1,1
PAY07566,CUST0088,24669,card,authentication_failed,26,8,41,1,18,0,0
PAY07567,CUST0540,47575,card,authentication_failed,15,0,64,0,14,0,0
PAY07568,CUST1129,9954,card,bank_decline,10,3,2,1,14,0,1
PAY07569,CUST0621,24953,wallet,bank_decline,29,7,28,1,19,1,1
PAY07570,CUST2139,45740,wallet,network_timeout,2,5,4,0,16,1,1
PAY07571,CUST2276,21242,netbanking,technical_error,2,4,88,1,11,0,1
PAY07572,CUST1789,32628,upi,network_timeout,4,7,8,1,4,1,0
PAY07573,CUST0380,31761,card,technical_error,13,7,7,1,16,0,1
PAY07574,CUST2862,46850,wallet,insufficient_balance,28,0,8,1,8,1,1
PAY07575,CUST1064,30417,card,insufficient_balance,7,2,85,1,17,0,1
PAY07576,CUST2872,38440,wallet,insufficient_balance,8,8,11,0,0,0,0
PAY07577,CUST1244,44681,upi,bank_decline,28,2,47,1,18,0,1
PAY07578,CUST2737,21930,upi,authentication_failed,20,3,0,1,17,0,0
PAY07579,CUST2208,32844,wallet,insufficient_balance,29,4,0,1,13,1,0
PAY07580,CUST0379,1916,card,network_timeout,13,1,73,1,23,0,1
PAY07581,CUST1540,6100,upi,authentication_failed,4,8,55,1,6,1,1
PAY07582,CUST1577,7492,netbanking,expired_card,0,1,70,0,17,1,1
PAY07583,CUST2291,23895,card,insufficient_balance,26,7,38,0,12,0,1
PAY07584,CUST0725,22340,card,expired_card,5,6,12,0,4,1,0
PAY07585,CUST0260,21587,upi,network_timeout,4,1,83,0,6,1,1
PAY07586,CUST0848,1226,card,authentication_failed,12,0,30,0,16,1,1
PAY07587,CUST2467,45586,netbanking,bank_decline,7,7,59,1,13,1,0
PAY07588,CUST2636,6841,card,technical_error,18,4,47,0,1,1,1
PAY07589,CUST0518,22218,netbanking,authentication_failed,0,3,63,1,8,1,1
PAY07590,CUST2844,5317,upi,insufficient_balance,30,0,75,1,23,1,1
PAY07591,CUST1479,10309,upi,expired_card,10,4,79,1,4,0,1
PAY07592,CUST2087,22455,card,expired_card,2,3,50,0,4,1,1
PAY07593,CUST1292,34697,wallet,network_timeout,7,3,24,0,0,1,0
PAY07594,CUST1752,6623,upi,network_timeout,2,1,85,0,15,0,0
PAY07595,CUST0847,45746,wallet,bank_decline,22,0,65,0,23,0,1
PAY07596,CUST0866,48680,netbanking,authentication_failed,20,2,19,0,3,0,0
PAY07597,CUST0426,33953,card,technical_error,17,3,84,0,16,1,1
PAY07598,CUST2396,37454,upi,insufficient_balance,6,0,76,0,6,0,1
PAY07599,CUST2582,42359,wallet,network_timeout,5,0,65,0,17,1,0
PAY07600,CUST2692,43608,card,technical_error,3,4,30,0,10,1,1
PAY07601,CUST0735,35642,upi,expired_card,16,8,1,1,17,1,1
PAY07602,CUST1991,43287,wallet,technical_error,1,7,52,1,18,0,1
PAY07603,CUST0731,18415,netbanking,bank_decline,8,4,20,0,20,1,0
PAY07604,CUST2355,34810,wallet,expired_card,16,4,3,0,21,1,0
PAY07605,CUST0120,9618,card,bank_decline,29,5,32,0,4,1,0
PAY07606,CUST2271,38297,card,network_timeout,9,7,49,0,12,0,0
PAY07607,CUST2652,44214,card,expired_card,28,6,45,1,13,0,0
PAY07608,CUST1119,3643,upi,expired_card,17,4,43,1,10,0,0
PAY07609,CUST1726,29897,upi,authentication_failed,24,2,53,0,6,1,1
PAY07610,CUST1412,44820,wallet,network_timeout,16,1,9,1,11,1,1
PAY07611,CUST1672,5793,netbanking,expired_card,21,6,49,1,16,1,0
PAY07612,CUST2398,3943,netbanking,bank_decline,3,0,61,0,12,0,0
PAY07613,CUST0393,16931,card,insufficient_balance,5,3,81,1,18,1,0
PAY07614,CUST0048,24807,netbanking,technical_error,10,5,22,0,18,1,1
PAY07615,CUST0094,39130,netbanking,expired_card,6,6,2,1,17,1,0
PAY07616,CUST2187,43206,wallet,authentication_failed,24,1,68,0,15,1,1
PAY07617,CUST1324,28911,netbanking,bank_decline,12,8,16,1,20,0,0
PAY07618,CUST1777,39317,card,authentication_failed,1,8,74,1,7,0,1
PAY07619,CUST0905,27885,netbanking,technical_error,22,0,59,1,8,1,0
PAY07620,CUST1793,16535,upi,insufficient_balance,9,0,72,1,1,1,1
PAY07621,CUST1385,22201,card,network_timeout,22,3,26,0,9,0,0
PAY07622,CUST0366,30897,upi,authentication_failed,15,4,79,1,22,0,1
PAY07623,CUST0396,32932,netbanking,insufficient_balance,23,4,2,0,12,0,1
PAY07624,CUST2780,3284,card,expired_card,23,8,40,0,12,0,1
PAY07625,CUST0694,13733,card,network_timeout,14,8,90,1,15,1,1
PAY07626,CUST2107,45161,netbanking,bank_decline,4,0,47,1,4,0,0
PAY07627,CUST2855,5847,card,technical_error,13,6,65,0,15,0,0
PAY07628,CUST1636,14967,netbanking,network_timeout,2,8,69,0,9,1,0
PAY07629,CUST2936,28924,netbanking,network_timeout,17,1,64,0,14,0,1
PAY07630,CUST2650,23419,card,insufficient_balance,24,1,75,1,16,0,1
PAY07631,CUST2206,36823,upi,bank_decline,13,3,34,0,19,1,0
PAY07632,CUST1771,15370,netbanking,bank_decline,23,1,68,1,20,0,1
PAY07633,CUST1300,18455,wallet,insufficient_balance,26,7,36,1,14,0,1
PAY07634,CUST1275,45474,wallet,insufficient_balance,14,4,86,1,19,0,0
PAY07635,CUST0508,45191,card,bank_decline,2,2,31,0,13,1,1
PAY07636,CUST2101,6858,upi,authentication_failed,3,5,45,1,5,0,1
PAY07637,CUST1798,16168,wallet,bank_decline,21,0,34,0,8,1,1
PAY07638,CUST2214,35054,wallet,network_timeout,6,6,34,0,4,0,0
PAY07639,CUST1507,37028,card,bank_decline,7,2,64,1,14,1,1
PAY07640,CUST1390,17141,netbanking,network_timeout,26,0,36,0,2,0,1
PAY07641,CUST2807,39218,wallet,technical_error,22,8,66,1,14,1,1
PAY07642,CUST2909,399,card,authentication_failed,18,6,53,1,21,1,1
PAY07643,CUST2345,13510,upi,bank_decline,29,8,86,0,12,0,0
PAY07644,CUST2884,32468,card,authentication_failed,27,7,87,0,0,1,0
PAY07645,CUST2699,47870,upi,authentication_failed,7,8,9,0,3,0,0
PAY07646,CUST1655,8639,netbanking,network_timeout,16,3,10,1,21,0,1
PAY07647,CUST2931,46424,wallet,expired_card,24,6,61,1,8,1,0
PAY07648,CUST1685,45391,upi,authentication_failed,23,2,18,1,0,1,1
PAY07649,CUST1250,42611,wallet,bank_decline,23,8,66,1,16,0,0
PAY07650,CUST1534,37987,netbanking,expired_card,15,4,23,0,0,0,0
PAY07651,CUST2184,37473,upi,insufficient_balance,9,3,84,1,3,1,1
PAY07652,CUST0720,46488,netbanking,insufficient_balance,21,8,84,0,3,0,1
PAY07653,CUST2952,30329,upi,authentication_failed,8,2,68,1,1,1,1
PAY07654,CUST2486,27577,netbanking,bank_decline,7,8,87,1,7,1,1
PAY07655,CUST1290,7250,upi,insufficient_balance,0,7,17,0,10,0,1
PAY07656,CUST1352,25280,card,insufficient_balance,29,2,19,1,15,0,1
PAY07657,CUST0946,11159,card,insufficient_balance,25,3,59,0,1,1,0
PAY07658,CUST2202,20336,card,technical_error,21,6,35,0,18,0,0
PAY07659,CUST2296,23828,netbanking,expired_card,1,7,80,0,5,0,0
PAY07660,CUST0156,45242,upi,authentication_failed,4,4,34,0,7,0,1
PAY07661,CUST2573,25232,card,network_timeout,16,5,40,1,1,1,1
PAY07662,CUST0497,38029,upi,bank_decline,8,0,48,1,3,1,0
PAY07663,CUST0447,8218,upi,insufficient_balance,5,4,14,0,21,0,0
PAY07664,CUST2364,24525,card,network_timeout,0,2,31,0,6,0,1
PAY07665,CUST2955,49484,card,insufficient_balance,18,2,69,1,16,0,1
PAY07666,CUST1160,12330,wallet,insufficient_balance,10,0,22,0,3,1,1
PAY07667,CUST2530,5658,wallet,network_timeout,1,1,76,1,7,0,1
PAY07668,CUST0377,104,netbanking,technical_error,15,8,82,1,21,0,0
PAY07669,CUST2712,35503,card,expired_card,29,3,81,1,3,1,0
PAY07670,CUST2817,46392,card,technical_error,27,7,77,0,15,1,1
PAY07671,CUST0990,1512,card,technical_error,26,1,13,1,8,0,1
PAY07672,CUST2997,7569,wallet,authentication_failed,14,0,10,1,3,0,1
PAY07673,CUST1236,44288,upi,network_timeout,13,4,85,1,12,0,0
PAY07674,CUST2653,41098,card,authentication_failed,0,8,24,0,22,1,0
PAY07675,CUST0781,28503,netbanking,insufficient_balance,20,3,78,1,4,1,1
PAY07676,CUST2614,47914,upi,network_timeout,23,5,48,1,13,1,1
PAY07677,CUST2535,47074,card,bank_decline,14,1,18,1,19,1,0
PAY07678,CUST1111,46309,card,network_timeout,7,0,44,1,4,1,0
PAY07679,CUST0828,16357,upi,expired_card,24,7,5,1,21,0,0
PAY07680,CUST0067,26054,wallet,technical_error,16,7,70,1,3,0,1
PAY07681,CUST0249,46738,upi,authentication_failed,4,8,89,1,9,0,1
PAY07682,CUST1099,1016,upi,bank_decline,24,1,54,1,16,1,1
PAY07683,CUST1310,45058,card,network_timeout,10,6,83,0,5,1,0
PAY07684,CUST2215,17263,card,technical_error,24,0,52,0,9,1,1
PAY07685,CUST2642,49149,upi,authentication_failed,14,8,8,1,15,0,1
PAY07686,CUST1399,43598,wallet,expired_card,19,7,86,0,15,0,1
PAY07687,CUST2383,8216,upi,bank_decline,18,8,12,1,7,0,1
PAY07688,CUST1109,23649,upi,insufficient_balance,17,4,26,0,19,0,1
PAY07689,CUST1711,39510,wallet,technical_error,16,3,26,0,1,0,1
PAY07690,CUST0205,33089,netbanking,authentication_failed,4,0,82,1,12,1,0
PAY07691,CUST1385,40362,card,insufficient_balance,8,4,6,1,17,1,1
PAY07692,CUST1791,23460,netbanking,network_timeout,18,7,32,0,19,1,0
PAY07693,CUST0143,16555,netbanking,authentication_failed,21,4,90,0,21,0,1
PAY07694,CUST2429,24481,netbanking,expired_card,11,4,77,0,5,0,0
PAY07695,CUST0297,6515,wallet,authentication_failed,18,4,74,1,8,0,0
PAY07696,CUST0753,33763,upi,insufficient_balance,19,5,85,1,9,0,1
PAY07697,CUST1796,39399,wallet,authentication_failed,7,0,35,1,20,1,1
PAY07698,CUST0096,37296,netbanking,bank_decline,17,6,90,1,2,1,1
PAY07699,CUST0808,35904,upi,technical_error,21,1,1,1,23,0,1
PAY07700,CUST1425,6803,upi,network_timeout,3,8,75,1,12,0,1
PAY07701,CUST1003,7000,card,bank_decline,28,6,47,1,12,0,1
PAY07702,CUST2577,28017,upi,network_timeout,1,4,86,0,6,1,0
PAY07703,CUST2380,2756,card,expired_card,12,4,1,1,21,1,0
PAY07704,CUST1350,47169,wallet,technical_error,9,1,33,1,23,1,1
PAY07705,CUST0863,22395,upi,authentication_failed,16,3,86,1,4,1,1
PAY07706,CUST1944,30064,netbanking,authentication_failed,3,6,15,1,11,1,0
PAY07707,CUST2816,25874,netbanking,bank_decline,12,4,1,1,6,0,0
PAY07708,CUST1569,23533,netbanking,technical_error,12,1,57,0,2,0,1
PAY07709,CUST1731,37478,wallet,bank_decline,18,6,76,0,19,0,0
PAY07710,CUST1150,38415,wallet,insufficient_balance,7,4,36,0,13,0,0
PAY07711,CUST2062,20780,card,expired_card,13,2,67,0,15,1,1
PAY07712,CUST1819,29416,netbanking,network_timeout,15,3,28,0,13,0,1
PAY07713,CUST0475,3587,wallet,technical_error,30,6,61,1,21,0,1
PAY07714,CUST1507,14171,netbanking,authentication_failed,10,0,26,1,17,0,1
PAY07715,CUST1754,44170,netbanking,expired_card,19,8,80,0,20,1,0
PAY07716,CUST0447,33605,netbanking,bank_decline,9,8,63,1,0,1,1
PAY07717,CUST1851,25740,netbanking,bank_decline,25,0,26,1,6,0,1
PAY07718,CUST1160,8637,wallet,bank_decline,5,2,63,0,19,0,0
PAY07719,CUST0358,30035,upi,bank_decline,12,5,55,1,14,0,1
PAY07720,CUST2488,3761,wallet,authentication_failed,24,0,62,0,15,1,0
PAY07721,CUST0669,43764,upi,bank_decline,11,7,52,0,8,1,0
PAY07722,CUST2861,28443,wallet,expired_card,22,7,80,0,13,1,1
PAY07723,CUST0115,10351,upi,bank_decline,3,2,25,1,18,1,1
PAY07724,CUST1390,47744,wallet,insufficient_balance,8,4,76,0,14,1,0
PAY07725,CUST1110,35359,upi,bank_decline,3,4,67,0,0,1,1
PAY07726,CUST2644,31447,card,technical_error,7,3,66,0,15,0,1
PAY07727,CUST0906,41518,upi,authentication_failed,3,5,50,1,15,0,1
PAY07728,CUST1394,12766,upi,authentication_failed,26,0,68,1,2,0,1
PAY07729,CUST2225,44457,wallet,network_timeout,12,6,88,0,9,1,0
PAY07730,CUST1707,48677,card,network_timeout,1,3,1,1,11,1,1
PAY07731,CUST0873,36492,card,expired_card,1,4,34,0,12,0,0
PAY07732,CUST1623,26692,card,insufficient_balance,25,0,50,0,10,1,1
PAY07733,CUST2156,23001,upi,technical_error,29,6,11,0,9,0,1
PAY07734,CUST2110,36925,card,expired_card,27,7,33,1,11,1,1
PAY07735,CUST2953,3605,upi,expired_card,24,3,64,1,2,0,1
PAY07736,CUST2206,39419,upi,bank_decline,18,3,43,1,8,1,0
PAY07737,CUST1379,35582,card,expired_card,27,7,25,0,3,1,1
PAY07738,CUST0542,26039,card,expired_card,22,5,86,1,20,0,1
PAY07739,CUST1209,24201,wallet,bank_decline,7,6,27,0,11,0,0
PAY07740,CUST0567,33973,card,bank_decline,6,7,79,1,7,0,0
PAY07741,CUST1887,15982,upi,insufficient_balance,27,8,45,1,17,0,1
PAY07742,CUST1616,37528,netbanking,bank_decline,1,0,14,1,21,0,1
PAY07743,CUST2890,15987,netbanking,insufficient_balance,3,6,19,0,6,1,1
PAY07744,CUST1660,12170,card,insufficient_balance,8,3,30,1,14,0,1
PAY07745,CUST0709,1186,netbanking,bank_decline,9,2,8,0,20,1,1
PAY07746,CUST0011,24996,upi,technical_error,19,7,17,1,1,0,1
PAY07747,CUST1034,24351,wallet,expired_card,25,5,29,0,21,0,1
PAY07748,CUST1927,26202,card,bank_decline,0,0,86,1,1,1,0
PAY07749,CUST1905,20155,netbanking,insufficient_balance,20,5,75,0,8,1,1
PAY07750,CUST2684,32396,card,bank_decline,22,1,46,1,6,0,1
PAY07751,CUST1595,1337,wallet,authentication_failed,30,1,2,0,7,0,1
PAY07752,CUST0873,4657,upi,insufficient_balance,0,3,51,1,5,1,0
PAY07753,CUST2064,18655,wallet,insufficient_balance,1,8,11,1,19,0,0
PAY07754,CUST0810,22555,card,insufficient_balance,23,4,16,0,12,0,1
PAY07755,CUST2080,47226,netbanking,authentication_failed,16,0,35,0,9,1,1
PAY07756,CUST0409,41288,card,authentication_failed,13,8,71,0,18,0,1
PAY07757,CUST0299,4372,netbanking,insufficient_balance,20,6,63,1,16,1,1
PAY07758,CUST0958,12818,netbanking,bank_decline,12,7,54,1,16,0,1
PAY07759,CUST2523,13714,card,network_timeout,23,7,26,1,0,0,0
PAY07760,CUST2069,29786,wallet,expired_card,27,6,34,0,16,1,0
PAY07761,CUST0070,34494,upi,expired_card,21,7,3,1,8,1,1
PAY07762,CUST1427,16727,upi,technical_error,7,5,81,1,20,1,1
PAY07763,CUST0705,6488,card,technical_error,8,3,69,0,11,1,1
PAY07764,CUST2811,29934,netbanking,authentication_failed,16,8,29,0,3,1,1
PAY07765,CUST0203,35207,card,authentication_failed,14,5,28,0,21,1,0
PAY07766,CUST1540,29685,wallet,network_timeout,30,0,90,1,5,1,1
PAY07767,CUST0164,38764,upi,technical_error,13,5,37,1,20,0,1
PAY07768,CUST2794,49322,upi,technical_error,20,0,46,0,13,0,1
PAY07769,CUST1032,29179,card,authentication_failed,12,7,64,0,8,1,0
PAY07770,CUST2671,43698,card,expired_card,20,4,32,1,4,0,0
PAY07771,CUST1519,33829,upi,expired_card,18,1,36,0,17,1,1
PAY07772,CUST1061,21487,upi,network_timeout,20,8,73,0,3,0,0
PAY07773,CUST1420,34261,wallet,bank_decline,24,8,51,1,12,0,0
PAY07774,CUST2252,18423,card,bank_decline,10,7,8,1,3,1,0
PAY07775,CUST2260,44378,wallet,expired_card,30,1,3,1,12,1,1
PAY07776,CUST0795,8600,wallet,insufficient_balance,27,4,54,0,1,0,1
PAY07777,CUST1394,49483,wallet,technical_error,23,6,43,0,10,1,1
PAY07778,CUST2260,25236,wallet,bank_decline,14,3,54,0,7,0,1
PAY07779,CUST0396,7388,upi,expired_card,10,8,54,0,11,1,1
PAY07780,CUST1977,40159,netbanking,expired_card,22,1,69,1,2,1,1
PAY07781,CUST2101,13432,upi,bank_decline,23,6,18,0,16,0,0
PAY07782,CUST0899,31883,card,network_timeout,11,6,1,0,6,0,1
PAY07783,CUST2828,39887,card,expired_card,14,3,19,1,5,0,0
PAY07784,CUST1117,12559,wallet,expired_card,30,8,12,0,13,0,0
PAY07785,CUST1409,37674,wallet,authentication_failed,19,7,8,1,2,0,0
PAY07786,CUST1100,43994,wallet,bank_decline,14,1,49,0,3,1,1
PAY07787,CUST2521,13099,card,technical_error,25,6,18,1,16,1,1
PAY07788,CUST0456,6222,card,technical_error,5,8,29,1,22,1,0
PAY07789,CUST0151,8659,wallet,authentication_failed,22,0,85,0,10,1,1
PAY07790,CUST1156,41660,upi,expired_card,20,4,7,1,17,1,1
PAY07791,CUST0652,193,netbanking,technical_error,24,5,80,1,19,0,1
PAY07792,CUST2064,32564,wallet,bank_decline,21,5,55,1,10,0,1
PAY07793,CUST2133,26925,wallet,technical_error,16,1,39,1,20,0,1
PAY07794,CUST2424,8626,netbanking,network_timeout,27,3,25,1,6,0,1
PAY07795,CUST0710,26003,netbanking,network_timeout,16,1,76,1,9,1,1
PAY07796,CUST2303,37492,card,insufficient_balance,0,8,37,0,14,0,0
PAY07797,CUST1461,40089,card,technical_error,30,2,11,1,15,1,1
PAY07798,CUST1054,46285,netbanking,authentication_failed,16,2,72,1,2,0,1
PAY07799,CUST0052,20621,upi,authentication_failed,28,8,57,0,1,0,0
PAY07800,CUST2355,3223,wallet,insufficient_balance,9,6,47,0,2,0,0
PAY07801,CUST0621,23217,wallet,insufficient_balance,8,4,28,1,13,0,1
PAY07802,CUST2497,10339,card,bank_decline,13,5,33,1,13,1,1
PAY07803,CUST2030,3630,upi,bank_decline,1,7,6,0,1,1,1
PAY07804,CUST2933,24025,wallet,expired_card,7,8,67,0,10,1,0
PAY07805,CUST2276,16805,upi,bank_decline,2,1,60,0,21,1,0
PAY07806,CUST2854,42205,wallet,technical_error,3,1,60,0,16,1,1
PAY07807,CUST1348,33188,card,expired_card,17,1,67,1,4,0,1
PAY07808,CUST2466,13560,wallet,technical_error,8,0,64,1,2,1,1
PAY07809,CUST1954,5279,netbanking,bank_decline,26,2,13,0,1,0,1
PAY07810,CUST1059,32027,card,technical_error,24,4,5,1,20,1,1
PAY07811,CUST1775,33910,netbanking,technical_error,1,0,24,1,0,1,1
PAY07812,CUST0260,19930,wallet,insufficient_balance,18,1,6,0,14,1,1
PAY07813,CUST0711,14336,wallet,technical_error,6,7,83,1,4,0,1
PAY07814,CUST0454,47527,netbanking,bank_decline,0,1,18,1,21,0,1
PAY07815,CUST1517,26766,upi,technical_error,4,6,49,0,7,1,0
PAY07816,CUST0549,3521,card,insufficient_balance,9,2,13,1,22,1,1
PAY07817,CUST1791,15120,card,insufficient_balance,22,8,50,0,16,0,1
PAY07818,CUST0333,36209,card,insufficient_balance,3,6,88,1,6,1,1
PAY07819,CUST2417,4622,upi,authentication_failed,11,8,23,1,7,1,0
PAY07820,CUST1155,29369,upi,expired_card,10,1,77,1,17,0,1
PAY07821,CUST2965,14292,upi,technical_error,3,7,19,0,4,0,0
PAY07822,CUST2635,14849,upi,authentication_failed,22,7,40,1,2,0,1
PAY07823,CUST2171,31050,card,expired_card,29,5,36,1,0,1,1
PAY07824,CUST2823,19584,wallet,expired_card,11,3,23,1,3,0,0
PAY07825,CUST1725,40704,card,bank_decline,1,2,82,1,18,0,1
PAY07826,CUST1137,44301,card,network_timeout,22,7,12,1,17,1,0
PAY07827,CUST2107,37125,wallet,bank_decline,24,5,26,1,0,0,0
PAY07828,CUST1131,20638,netbanking,expired_card,15,4,17,1,11,0,1
PAY07829,CUST1909,14164,wallet,insufficient_balance,5,6,88,1,6,1,0
PAY07830,CUST0604,16857,netbanking,expired_card,18,7,15,0,5,1,0
PAY07831,CUST2424,20709,card,expired_card,20,3,53,0,1,0,1
PAY07832,CUST2375,6417,upi,expired_card,22,8,47,0,9,0,0
PAY07833,CUST0551,39520,wallet,network_timeout,16,5,30,1,0,1,1
PAY07834,CUST2718,17137,card,network_timeout,6,7,34,1,15,0,0
PAY07835,CUST1755,14690,wallet,bank_decline,19,2,33,1,2,0,1
PAY07836,CUST1356,47295,upi,network_timeout,17,0,37,1,15,1,1
PAY07837,CUST0106,21569,card,authentication_failed,22,5,13,1,18,1,1
PAY07838,CUST2479,936,wallet,network_timeout,7,5,53,0,14,0,0
PAY07839,CUST1578,5043,card,authentication_failed,11,0,7,0,15,0,1
PAY07840,CUST2540,41304,netbanking,insufficient_balance,14,2,71,0,14,1,0
PAY07841,CUST1074,498,netbanking,bank_decline,18,7,46,0,2,0,0
PAY07842,CUST1485,48435,netbanking,expired_card,30,1,53,1,6,0,1
PAY07843,CUST2825,42108,upi,technical_error,17,3,49,1,0,0,1
PAY07844,CUST2430,29926,netbanking,network_timeout,27,8,70,1,17,0,1
PAY07845,CUST2262,45142,wallet,authentication_failed,11,7,12,1,5,0,0
PAY07846,CUST0213,45113,wallet,expired_card,22,5,60,1,20,0,0
PAY07847,CUST1555,20851,netbanking,network_timeout,23,3,0,0,23,0,0
PAY07848,CUST0660,10854,card,bank_decline,9,6,22,0,13,1,0
PAY07849,CUST2000,11371,upi,bank_decline,24,1,75,1,22,0,1
PAY07850,CUST2964,1998,upi,technical_error,22,2,76,1,6,0,1
PAY07851,CUST0724,28646,netbanking,technical_error,27,2,71,0,7,0,1
PAY07852,CUST1420,7132,upi,insufficient_balance,23,6,40,0,22,1,0
PAY07853,CUST1896,11542,upi,expired_card,14,8,25,1,7,1,1
PAY07854,CUST2176,7117,upi,insufficient_balance,0,5,88,0,4,1,1
PAY07855,CUST0567,27993,card,network_timeout,2,1,69,0,5,0,1
PAY07856,CUST0068,31567,upi,technical_error,16,8,84,0,2,0,1
PAY07857,CUST0682,5821,upi,expired_card,20,3,87,1,11,0,1
PAY07858,CUST0390,4044,card,network_timeout,14,4,42,0,1,1,1
PAY07859,CUST2884,3457,card,technical_error,29,1,8,1,3,1,1
PAY07860,CUST2067,1943,netbanking,authentication_failed,3,1,88,0,10,0,1
PAY07861,CUST2721,45984,netbanking,network_timeout,5,2,43,0,2,0,1
PAY07862,CUST0683,33108,wallet,expired_card,1,8,23,1,14,0,0
PAY07863,CUST0800,37200,card,technical_error,15,3,71,0,14,0,1
PAY07864,CUST1165,39759,upi,bank_decline,29,1,76,0,1,1,0
PAY07865,CUST1516,7363,netbanking,network_timeout,8,6,90,0,15,1,1
PAY07866,CUST1678,4308,card,technical_error,11,8,29,1,17,0,0
PAY07867,CUST1390,39169,card,insufficient_balance,14,5,29,1,23,0,1
PAY07868,CUST1234,31098,card,expired_card,5,3,87,0,23,1,0
PAY07869,CUST1952,22224,card,technical_error,27,1,61,0,11,1,1
PAY07870,CUST0785,42481,wallet,expired_card,26,0,80,1,16,1,1
PAY07871,CUST2073,36317,card,network_timeout,17,5,44,1,15,0,1
PAY07872,CUST1929,1633,wallet,bank_decline,11,7,54,1,4,1,0
PAY07873,CUST0293,3923,wallet,network_timeout,30,0,36,0,1,0,0
PAY07874,CUST0086,31083,upi,authentication_failed,23,5,29,1,16,0,0
PAY07875,CUST2051,4392,netbanking,technical_error,26,7,68,0,0,1,1
PAY07876,CUST2670,36885,wallet,network_timeout,29,6,77,0,1,1,1
PAY07877,CUST1006,17179,wallet,expired_card,10,0,56,1,16,0,1
PAY07878,CUST1059,19704,netbanking,insufficient_balance,24,4,35,1,23,0,1
PAY07879,CUST1638,26239,upi,bank_decline,24,3,76,1,3,0,0
PAY07880,CUST2927,15058,upi,insufficient_balance,8,4,10,1,10,0,1
PAY07881,CUST2351,48655,upi,bank_decline,14,7,86,1,2,0,0
PAY07882,CUST1514,35056,wallet,network_timeout,29,6,2,0,2,0,1
PAY07883,CUST0428,7738,upi,authentication_failed,20,7,64,1,2,1,0
PAY07884,CUST2697,39792,wallet,authentication_failed,22,8,82,0,18,0,1
PAY07885,CUST0240,37734,card,bank_decline,30,7,18,1,17,1,0
PAY07886,CUST0200,3495,card,bank_decline,30,2,81,1,0,1,0
PAY07887,CUST1673,46289,wallet,authentication_failed,12,0,42,0,13,0,1
PAY07888,CUST0748,23914,netbanking,authentication_failed,5,8,66,1,6,1,0
PAY07889,CUST2615,36714,netbanking,network_timeout,14,0,33,0,18,0,1
PAY07890,CUST0711,17679,card,bank_decline,30,1,63,1,4,0,1
PAY07891,CUST2042,37461,wallet,insufficient_balance,1,0,42,0,6,0,1
PAY07892,CUST0475,44350,upi,expired_card,3,8,54,1,14,0,0
PAY07893,CUST1059,34718,netbanking,authentication_failed,24,5,5,0,6,0,0
PAY07894,CUST1018,29578,netbanking,authentication_failed,8,7,15,1,12,1,0
PAY07895,CUST0213,14402,wallet,network_timeout,10,0,1,1,8,0,1
PAY07896,CUST2092,9862,wallet,technical_error,4,0,10,0,1,0,0
PAY07897,CUST2939,7147,netbanking,insufficient_balance,12,2,6,1,21,1,1
PAY07898,CUST2807,31021,netbanking,authentication_failed,25,7,40,1,3,1,1
PAY07899,CUST2457,29493,upi,expired_card,0,0,55,1,7,1,1
PAY07900,CUST1404,33831,wallet,authentication_failed,20,4,75,0,21,0,0
PAY07901,CUST0490,41558,netbanking,network_timeout,3,0,81,0,15,0,1
PAY07902,CUST0321,15049,netbanking,bank_decline,2,0,75,0,22,1,0
PAY07903,CUST1742,47233,card,bank_decline,13,5,64,0,16,0,0
PAY07904,CUST1907,24852,card,bank_decline,2,7,9,0,11,1,0
PAY07905,CUST2822,3725,wallet,expired_card,17,4,73,0,19,0,1
PAY07906,CUST2745,31469,upi,bank_decline,8,0,70,0,8,1,0
PAY07907,CUST1257,13674,netbanking,network_timeout,5,8,66,1,22,1,1
PAY07908,CUST2432,39052,card,network_timeout,16,7,57,0,15,1,0
PAY07909,CUST1789,24866,upi,expired_card,15,0,24,0,17,1,1
PAY07910,CUST2130,13330,upi,network_timeout,0,7,26,1,10,1,1
PAY07911,CUST0956,29258,card,network_timeout,3,2,50,0,16,1,0
PAY07912,CUST2655,9038,upi,expired_card,18,7,52,0,19,0,0
PAY07913,CUST1271,35158,wallet,bank_decline,20,6,5,0,7,0,0
PAY07914,CUST0092,46869,wallet,insufficient_balance,8,5,25,0,3,1,1
PAY07915,CUST2018,7061,upi,bank_decline,10,2,23,1,3,0,1
PAY07916,CUST1649,34841,netbanking,bank_decline,13,6,45,1,11,1,0
PAY07917,CUST0134,18676,upi,authentication_failed,22,1,82,0,6,1,1
PAY07918,CUST1094,38314,wallet,insufficient_balance,13,4,46,1,15,0,1
PAY07919,CUST0654,5257,upi,expired_card,19,8,57,1,20,1,0
PAY07920,CUST0307,21170,netbanking,bank_decline,26,2,15,0,2,0,1
PAY07921,CUST1014,38284,wallet,technical_error,29,3,75,0,5,0,1
PAY07922,CUST2363,29669,wallet,bank_decline,23,2,22,0,15,0,0
PAY07923,CUST2635,5130,upi,expired_card,0,3,24,1,13,1,0
PAY07924,CUST2492,18975,upi,bank_decline,17,3,54,1,15,1,1
PAY07925,CUST1214,32235,upi,insufficient_balance,30,4,42,1,3,1,0
PAY07926,CUST1498,17879,wallet,technical_error,8,7,20,1,21,1,1
PAY07927,CUST0174,17174,card,authentication_failed,5,8,11,1,15,0,1
PAY07928,CUST1991,6008,wallet,technical_error,18,4,34,1,5,0,0
PAY07929,CUST2387,24906,upi,insufficient_balance,8,7,5,0,9,0,1
PAY07930,CUST2396,44771,netbanking,expired_card,30,4,60,0,5,0,1
PAY07931,CUST0150,29000,upi,network_timeout,12,8,5,0,12,0,0
PAY07932,CUST1106,9341,upi,technical_error,20,7,81,1,12,1,0
PAY07933,CUST1311,13078,upi,technical_error,18,8,28,0,17,1,1
PAY07934,CUST2873,22418,card,expired_card,16,8,38,0,18,1,0
PAY07935,CUST2101,12119,netbanking,bank_decline,26,4,87,0,2,0,0
PAY07936,CUST0952,47639,netbanking,bank_decline,14,0,89,0,13,0,1
PAY07937,CUST1731,39549,upi,technical_error,25,4,62,0,16,0,1
PAY07938,CUST0121,49945,wallet,insufficient_balance,15,0,87,1,5,0,1
PAY07939,CUST2303,24486,card,technical_error,4,2,50,0,12,0,1
PAY07940,CUST1257,3115,netbanking,expired_card,12,4,78,1,19,0,1
PAY07941,CUST0459,31297,netbanking,insufficient_balance,26,4,7,0,2,1,1
PAY07942,CUST1500,23835,card,expired_card,18,3,41,1,17,0,0
PAY07943,CUST1182,6235,upi,bank_decline,30,7,3,0,23,1,1
PAY07944,CUST0982,12785,wallet,technical_error,29,2,84,0,18,0,1
PAY07945,CUST2434,8248,upi,insufficient_balance,16,1,10,1,8,0,1
PAY07946,CUST0227,32588,netbanking,insufficient_balance,24,2,49,0,17,1,1
PAY07947,CUST0869,11056,upi,authentication_failed,15,6,5,0,10,1,1
PAY07948,CUST1942,9182,netbanking,expired_card,28,2,36,1,5,0,1
PAY07949,CUST0645,27874,netbanking,bank_decline,4,8,31,0,7,1,1
PAY07950,CUST0967,10493,wallet,network_timeout,24,3,23,0,4,1,1
PAY07951,CUST1353,24706,card,bank_decline,20,5,67,0,9,1,1
PAY07952,CUST2751,4793,wallet,insufficient_balance,0,8,89,0,23,0,0
PAY07953,CUST2943,48843,upi,expired_card,23,2,35,0,5,1,1
PAY07954,CUST0928,23444,wallet,expired_card,5,2,65,0,4,0,1
PAY07955,CUST2538,14542,wallet,expired_card,19,8,4,0,19,0,1
PAY07956,CUST2503,15206,wallet,bank_decline,14,8,47,0,8,1,0
PAY07957,CUST1408,17770,netbanking,expired_card,8,4,18,1,7,1,0
PAY07958,CUST0602,28173,upi,insufficient_balance,25,3,26,1,17,0,0
PAY07959,CUST0831,31897,netbanking,expired_card,22,7,81,0,15,1,0
PAY07960,CUST0379,15295,upi,network_timeout,3,6,42,0,3,0,0
PAY07961,CUST1721,16632,netbanking,bank_decline,22,6,56,1,14,0,1
PAY07962,CUST1452,31405,card,bank_decline,2,5,79,0,20,0,0
PAY07963,CUST0943,14944,upi,expired_card,12,2,80,1,10,0,1
PAY07964,CUST0502,13588,netbanking,technical_error,9,1,7,0,23,1,1
PAY07965,CUST0341,5214,upi,bank_decline,6,2,3,0,4,0,0
PAY07966,CUST0341,29924,upi,technical_error,5,2,80,1,1,1,1
PAY07967,CUST2208,25912,wallet,bank_decline,7,0,61,0,19,1,1
PAY07968,CUST1163,35747,wallet,insufficient_balance,29,8,57,1,13,0,1
PAY07969,CUST2360,11179,netbanking,technical_error,25,1,11,0,4,1,1
PAY07970,CUST2384,42680,upi,technical_error,27,3,40,0,18,0,0
PAY07971,CUST0600,29150,netbanking,insufficient_balance,4,6,77,1,16,1,1
PAY07972,CUST0783,45139,upi,network_timeout,22,1,31,0,12,1,1
PAY07973,CUST0808,13309,upi,insufficient_balance,19,6,77,0,3,1,1
PAY07974,CUST1558,20357,card,network_timeout,10,1,49,1,22,1,1
PAY07975,CUST1692,21938,upi,insufficient_balance,19,6,47,1,17,0,1
PAY07976,CUST1772,38418,card,network_timeout,16,0,0,1,14,0,1
PAY07977,CUST0816,12376,upi,bank_decline,1,0,67,1,21,0,0
PAY07978,CUST2307,5399,upi,authentication_failed,8,7,31,0,0,1,1
PAY07979,CUST0872,36943,upi,network_timeout,24,2,79,0,9,1,1
PAY07980,CUST0661,33056,upi,insufficient_balance,23,6,15,1,1,0,0
PAY07981,CUST0086,43603,wallet,insufficient_balance,23,8,79,0,22,0,1
PAY07982,CUST0281,8384,card,network_timeout,3,5,12,0,13,0,1
PAY07983,CUST2456,32222,netbanking,technical_error,15,0,36,0,22,0,1
PAY07984,CUST2383,28778,wallet,authentication_failed,12,6,85,0,3,0,0
PAY07985,CUST0207,39646,netbanking,expired_card,6,1,76,1,4,0,1
PAY07986,CUST0880,25243,netbanking,authentication_failed,25,3,21,1,2,1,0
PAY07987,CUST1973,45593,upi,authentication_failed,21,5,1,1,12,0,0
PAY07988,CUST0804,15054,upi,bank_decline,29,5,5,1,9,1,1
PAY07989,CUST2108,14658,card,bank_decline,29,4,74,0,13,0,1
PAY07990,CUST0302,26198,card,bank_decline,22,8,60,1,7,0,1
PAY07991,CUST1987,13213,wallet,insufficient_balance,4,5,61,1,17,1,0
PAY07992,CUST2174,15893,wallet,insufficient_balance,19,1,56,0,3,0,1
PAY07993,CUST2103,40379,card,network_timeout,4,5,56,0,5,0,1
PAY07994,CUST0951,44505,netbanking,technical_error,13,2,27,1,4,0,1
PAY07995,CUST0933,19217,upi,insufficient_balance,13,4,9,0,3,1,1
PAY07996,CUST2605,18101,upi,insufficient_balance,28,0,46,1,12,1,1
PAY07997,CUST1794,29721,wallet,network_timeout,23,6,13,0,11,0,1
PAY07998,CUST1991,17013,upi,expired_card,5,1,3,1,7,0,1
PAY07999,CUST2860,37265,card,insufficient_balance,22,1,55,1,8,1,1
PAY08000,CUST1770,33987,card,insufficient_balance,26,6,85,1,9,1,1
PAY08001,CUST0455,41375,card,bank_decline,26,6,84,1,3,0,1
PAY08002,CUST1149,32319,wallet,authentication_failed,17,5,88,1,12,1,1
PAY08003,CUST1238,28138,upi,bank_decline,11,0,23,0,15,1,1
PAY08004,CUST2861,19591,wallet,technical_error,24,4,69,0,10,1,0
PAY08005,CUST1284,30758,wallet,insufficient_balance,9,4,57,0,1,0,1
PAY08006,CUST0447,12654,wallet,authentication_failed,12,8,31,1,5,0,1
PAY08007,CUST0961,31889,upi,authentication_failed,8,2,5,1,13,1,1
PAY08008,CUST0932,20617,upi,network_timeout,20,7,81,0,10,1,1
PAY08009,CUST0551,24871,wallet,bank_decline,18,8,24,0,1,0,0
PAY08010,CUST2956,49044,card,insufficient_balance,1,4,24,0,1,1,1
PAY08011,CUST1900,37098,card,authentication_failed,0,1,16,0,11,0,0
PAY08012,CUST0740,16230,netbanking,network_timeout,27,5,47,1,0,1,1
PAY08013,CUST0661,31919,card,technical_error,3,0,49,0,2,1,1
PAY08014,CUST1167,18168,card,bank_decline,12,7,48,1,22,1,0
PAY08015,CUST0575,41805,card,authentication_failed,27,6,41,0,12,1,1
PAY08016,CUST0350,8772,wallet,expired_card,27,4,60,0,15,0,0
PAY08017,CUST1117,10866,card,expired_card,3,5,18,0,17,1,0
PAY08018,CUST1797,49313,wallet,network_timeout,24,0,0,1,8,1,1
PAY08019,CUST0230,26762,upi,expired_card,20,7,51,0,21,0,0
PAY08020,CUST2110,43020,card,insufficient_balance,6,5,38,0,20,0,0
PAY08021,CUST1762,3159,wallet,insufficient_balance,0,3,63,1,1,0,1
PAY08022,CUST2614,2657,wallet,network_timeout,14,3,60,0,12,1,0
PAY08023,CUST2200,2941,upi,network_timeout,13,7,55,0,14,0,0
PAY08024,CUST1101,25297,wallet,network_timeout,1,5,42,0,23,0,1
PAY08025,CUST2392,38065,netbanking,technical_error,6,4,34,0,20,1,1
PAY08026,CUST0350,23954,card,insufficient_balance,25,8,56,0,13,0,1
PAY08027,CUST0571,21361,netbanking,expired_card,14,4,13,1,23,1,0
PAY08028,CUST2594,2948,card,bank_decline,12,0,29,1,7,1,1
PAY08029,CUST0055,38248,card,authentication_failed,24,6,10,1,18,0,1
PAY08030,CUST0506,16180,upi,insufficient_balance,12,3,37,1,5,0,0
PAY08031,CUST1101,43743,upi,insufficient_balance,5,6,32,1,8,1,1
PAY08032,CUST2092,6347,wallet,expired_card,18,4,53,0,10,0,0
PAY08033,CUST2604,33152,wallet,technical_error,3,5,78,0,11,1,1
PAY08034,CUST1911,19869,card,authentication_failed,15,4,73,0,14,0,1
PAY08035,CUST1736,1175,card,insufficient_balance,11,7,7,1,0,0,0
PAY08036,CUST2852,40514,upi,insufficient_balance,8,8,74,1,2,1,1
PAY08037,CUST1950,3470,wallet,bank_decline,11,6,42,0,0,0,0
PAY08038,CUST0748,7516,wallet,technical_error,14,6,38,1,0,1,0
PAY08039,CUST2825,36588,wallet,authentication_failed,0,1,51,1,12,0,1
PAY08040,CUST0581,20442,wallet,bank_decline,4,5,52,1,2,0,1
PAY08041,CUST1523,4455,wallet,insufficient_balance,16,0,22,1,3,1,0
PAY08042,CUST0734,10070,netbanking,bank_decline,9,6,75,1,16,1,0
PAY08043,CUST0502,13892,wallet,technical_error,2,4,69,0,20,1,1
PAY08044,CUST1092,48191,wallet,insufficient_balance,29,5,87,0,1,0,0
PAY08045,CUST1844,9081,card,bank_decline,3,4,15,0,4,0,0
PAY08046,CUST0740,40082,card,expired_card,16,8,64,1,2,0,0
PAY08047,CUST1601,41599,upi,bank_decline,20,3,11,0,22,1,1
PAY08048,CUST2397,16827,wallet,network_timeout,14,8,8,0,19,1,1
PAY08049,CUST0525,7209,upi,technical_error,30,5,20,0,5,0,0
PAY08050,CUST0499,4393,netbanking,insufficient_balance,27,3,10,0,11,1,1
PAY08051,CUST1979,38243,wallet,authentication_failed,23,0,32,0,2,0,1
PAY08052,CUST0071,24922,card,expired_card,26,3,74,1,9,0,1
PAY08053,CUST2903,11039,netbanking,expired_card,26,1,16,0,17,1,0
PAY08054,CUST2852,34300,netbanking,insufficient_balance,2,0,56,1,18,0,1
PAY08055,CUST1077,34670,wallet,bank_decline,26,4,22,1,6,0,0
PAY08056,CUST0026,38435,upi,network_timeout,26,1,68,1,1,1,1
PAY08057,CUST2610,39323,upi,insufficient_balance,24,2,34,0,2,0,1
PAY08058,CUST1546,11425,card,network_timeout,24,6,69,0,14,0,1
PAY08059,CUST0704,34084,card,technical_error,14,5,80,0,14,1,1
PAY08060,CUST0616,4961,card,bank_decline,13,5,82,0,21,1,1
PAY08061,CUST1744,23802,netbanking,insufficient_balance,8,0,6,0,13,1,1
PAY08062,CUST0339,27103,card,bank_decline,4,7,56,1,7,1,0
PAY08063,CUST1062,13865,card,authentication_failed,20,6,12,0,17,1,1
PAY08064,CUST2419,33993,card,expired_card,24,2,83,0,16,1,1
PAY08065,CUST2362,11913,upi,network_timeout,29,0,37,1,19,0,0
PAY08066,CUST0643,38228,netbanking,bank_decline,25,8,79,1,12,0,0
PAY08067,CUST1670,27042,card,network_timeout,17,5,59,0,23,0,1
PAY08068,CUST0384,1432,upi,network_timeout,29,7,29,1,17,1,1
PAY08069,CUST1646,21177,netbanking,authentication_failed,28,7,14,1,10,1,1
PAY08070,CUST0677,37258,card,insufficient_balance,8,1,83,0,17,1,1
PAY08071,CUST1285,4806,wallet,bank_decline,15,3,83,1,4,1,1
PAY08072,CUST0698,22679,card,bank_decline,30,3,44,0,3,0,0
PAY08073,CUST0481,45834,netbanking,network_timeout,21,0,3,0,5,0,1
PAY08074,CUST2980,18015,wallet,network_timeout,6,1,12,0,6,1,1
PAY08075,CUST2130,1820,wallet,bank_decline,27,1,7,0,5,0,0
PAY08076,CUST2809,16730,netbanking,authentication_failed,18,3,65,1,19,1,1
PAY08077,CUST2496,24781,upi,technical_error,21,4,41,0,10,1,1
PAY08078,CUST1602,35937,card,technical_error,13,6,22,0,23,0,1
PAY08079,CUST0038,12583,wallet,insufficient_balance,12,3,59,1,15,0,1
PAY08080,CUST2123,4671,netbanking,network_timeout,22,8,90,0,23,1,1
PAY08081,CUST2028,35544,upi,insufficient_balance,24,6,67,0,13,0,1
PAY08082,CUST1191,45499,netbanking,bank_decline,8,5,46,1,11,0,0
PAY08083,CUST0273,4137,card,insufficient_balance,13,6,71,1,9,0,1
PAY08084,CUST1944,21012,wallet,network_timeout,8,8,76,0,5,1,1
PAY08085,CUST1433,8713,card,authentication_failed,12,5,25,1,18,1,1
PAY08086,CUST1129,29687,netbanking,network_timeout,2,5,70,1,13,1,1
PAY08087,CUST2367,11354,wallet,insufficient_balance,11,4,42,0,16,0,0
PAY08088,CUST2965,9864,netbanking,network_timeout,26,2,24,0,16,0,1
PAY08089,CUST0559,10723,netbanking,insufficient_balance,19,7,13,1,1,0,1
PAY08090,CUST0196,9834,upi,technical_error,9,1,39,0,21,0,0
PAY08091,CUST0253,37355,netbanking,network_timeout,3,7,61,1,19,0,0
PAY08092,CUST2324,11564,upi,insufficient_balance,9,5,12,0,0,1,1
PAY08093,CUST2868,46681,wallet,network_timeout,21,2,37,0,2,1,1
PAY08094,CUST2367,40012,upi,expired_card,23,7,82,1,14,1,1
PAY08095,CUST0586,39949,wallet,expired_card,23,6,56,0,0,1,0
PAY08096,CUST0602,7828,wallet,technical_error,5,1,82,0,15,0,0
PAY08097,CUST2926,3741,wallet,authentication_failed,16,4,50,1,5,1,1
PAY08098,CUST1016,19829,netbanking,authentication_failed,14,6,24,1,16,1,1
PAY08099,CUST0791,6465,card,network_timeout,27,3,46,1,23,0,1
PAY08100,CUST1285,36907,wallet,bank_decline,8,5,52,1,9,0,1
PAY08101,CUST0492,13568,upi,technical_error,3,5,49,0,6,1,0
PAY08102,CUST2049,12266,upi,insufficient_balance,21,2,79,0,22,1,0
PAY08103,CUST1764,350,netbanking,bank_decline,21,7,38,0,15,0,0
PAY08104,CUST1179,34743,card,authentication_failed,3,8,61,1,3,1,0
PAY08105,CUST2478,1552,netbanking,technical_error,2,5,89,0,15,1,0
PAY08106,CUST2853,7044,card,expired_card,23,2,63,1,22,0,1
PAY08107,CUST1908,41666,upi,bank_decline,2,3,23,0,9,0,0
PAY08108,CUST1630,16478,upi,insufficient_balance,6,6,22,0,20,1,0
PAY08109,CUST2307,40928,card,network_timeout,25,1,27,0,15,0,1
PAY08110,CUST1723,25497,card,technical_error,22,6,58,0,18,1,0
PAY08111,CUST2416,28384,wallet,technical_error,2,6,22,1,12,1,1
PAY08112,CUST0388,49756,netbanking,network_timeout,13,8,22,1,21,1,1
PAY08113,CUST2379,32408,card,network_timeout,14,3,20,0,4,1,0
PAY08114,CUST0300,43863,upi,network_timeout,25,5,15,1,20,0,1
PAY08115,CUST2486,26517,upi,bank_decline,7,1,54,1,6,1,1
PAY08116,CUST2325,40800,upi,technical_error,26,4,18,1,15,1,1
PAY08117,CUST0378,29427,netbanking,network_timeout,10,4,69,1,20,0,1
PAY08118,CUST0525,1232,wallet,network_timeout,4,6,65,1,7,1,1
PAY08119,CUST0052,7072,netbanking,expired_card,19,8,58,1,3,1,0
PAY08120,CUST2156,42573,upi,bank_decline,17,1,18,1,19,0,1
PAY08121,CUST0881,47160,card,technical_error,15,3,53,1,8,0,1
PAY08122,CUST0482,20814,card,network_timeout,29,2,90,1,2,0,1
PAY08123,CUST2408,48081,card,authentication_failed,4,8,19,1,15,1,0
PAY08124,CUST1547,43244,netbanking,insufficient_balance,19,8,89,0,15,1,0
PAY08125,CUST2931,41156,wallet,insufficient_balance,30,2,53,1,5,1,1
PAY08126,CUST2706,27304,wallet,bank_decline,6,0,11,1,4,0,1
PAY08127,CUST1394,43260,upi,bank_decline,21,4,30,1,1,1,1
PAY08128,CUST0297,45977,wallet,insufficient_balance,24,7,51,1,8,1,0
PAY08129,CUST2165,46874,netbanking,technical_error,13,0,82,1,12,1,1
PAY08130,CUST0483,15137,card,authentication_failed,0,6,51,1,1,0,0
PAY08131,CUST2511,46089,wallet,insufficient_balance,19,4,42,0,6,1,0
PAY08132,CUST1683,519,card,network_timeout,21,4,66,0,12,0,1
PAY08133,CUST0240,28222,netbanking,technical_error,26,5,87,0,6,1,0
PAY08134,CUST0891,44807,upi,bank_decline,5,3,60,1,0,1,0
PAY08135,CUST2588,19361,upi,insufficient_balance,30,2,53,0,5,1,1
PAY08136,CUST2295,18063,wallet,authentication_failed,29,2,36,0,12,0,1
PAY08137,CUST1852,22110,netbanking,authentication_failed,11,8,61,0,4,0,0
PAY08138,CUST0075,30971,card,network_timeout,23,5,48,1,1,0,0
PAY08139,CUST1691,29603,netbanking,network_timeout,11,8,49,1,19,1,1
PAY08140,CUST2759,8692,netbanking,authentication_failed,0,8,63,1,3,1,0
PAY08141,CUST2688,42231,netbanking,network_timeout,14,5,62,1,8,1,1
PAY08142,CUST2368,24755,upi,technical_error,5,1,38,0,18,1,1
PAY08143,CUST1273,10990,netbanking,authentication_failed,28,0,36,0,12,1,1
PAY08144,CUST1192,48885,netbanking,network_timeout,18,1,54,0,1,0,1
PAY08145,CUST2902,9143,upi,bank_decline,21,5,54,1,19,0,0
PAY08146,CUST1721,24704,upi,expired_card,7,4,12,1,17,0,1
PAY08147,CUST1238,34367,card,technical_error,19,6,46,1,3,1,1
PAY08148,CUST1669,40270,upi,authentication_failed,30,1,88,0,18,0,0
PAY08149,CUST2786,25099,wallet,expired_card,15,4,11,0,5,1,1
PAY08150,CUST1756,31929,card,authentication_failed,8,4,39,1,2,1,1
PAY08151,CUST2314,19536,card,insufficient_balance,28,0,32,0,17,0,1
PAY08152,CUST2079,26827,upi,authentication_failed,23,8,29,1,23,1,0
PAY08153,CUST2599,31663,card,expired_card,5,7,4,0,2,0,0
PAY08154,CUST2978,12074,card,insufficient_balance,10,5,29,1,6,0,0
PAY08155,CUST2948,18986,card,insufficient_balance,27,6,53,1,22,0,0
PAY08156,CUST2692,3068,wallet,technical_error,28,5,50,1,1,0,1
PAY08157,CUST2901,10078,netbanking,expired_card,2,1,9,0,20,0,0
PAY08158,CUST0119,5989,netbanking,network_timeout,4,6,11,1,11,1,1
PAY08159,CUST2951,10014,wallet,authentication_failed,14,1,82,1,2,0,1
PAY08160,CUST1277,23551,upi,technical_error,17,7,52,1,23,1,0
PAY08161,CUST2077,33582,card,technical_error,0,4,79,1,4,1,0
PAY08162,CUST0114,22082,card,authentication_failed,23,8,47,1,23,1,1
PAY08163,CUST1133,6247,upi,bank_decline,4,8,13,0,4,0,0
PAY08164,CUST0856,5191,netbanking,expired_card,17,8,51,0,13,1,0
PAY08165,CUST2066,2273,upi,technical_error,10,5,34,1,18,1,1
PAY08166,CUST1349,12172,wallet,expired_card,27,7,4,0,11,1,0
PAY08167,CUST0572,34426,netbanking,expired_card,27,3,18,0,22,0,1
PAY08168,CUST2893,6206,wallet,network_timeout,22,6,22,0,18,1,0
PAY08169,CUST2982,49143,wallet,network_timeout,6,6,11,1,3,0,1
PAY08170,CUST0030,13442,wallet,expired_card,20,2,15,0,0,1,1
PAY08171,CUST2519,33692,wallet,network_timeout,1,7,59,1,14,0,0
PAY08172,CUST1483,23831,netbanking,bank_decline,4,3,73,1,15,1,1
PAY08173,CUST1265,26874,card,authentication_failed,9,5,58,1,19,0,1
PAY08174,CUST2374,22138,card,technical_error,23,8,3,1,19,0,1
PAY08175,CUST1468,24748,card,insufficient_balance,26,2,49,1,4,1,1
PAY08176,CUST0399,3687,upi,network_timeout,11,3,3,1,1,0,1
PAY08177,CUST0930,150,upi,expired_card,13,7,61,1,21,1,0
PAY08178,CUST2268,42869,wallet,authentication_failed,0,6,37,0,1,0,1
PAY08179,CUST2551,43425,card,network_timeout,15,2,72,1,15,0,1
PAY08180,CUST0721,18697,netbanking,expired_card,3,5,80,1,1,0,0
PAY08181,CUST1058,13404,netbanking,technical_error,2,7,9,0,1,0,0
PAY08182,CUST2674,41171,netbanking,bank_decline,30,0,42,0,20,0,1
PAY08183,CUST2654,20288,netbanking,insufficient_balance,20,7,36,1,11,0,1
PAY08184,CUST1760,13739,wallet,technical_error,30,5,26,0,16,1,0
PAY08185,CUST2956,13535,wallet,technical_error,20,3,32,0,2,1,1
PAY08186,CUST0561,23434,wallet,expired_card,25,1,83,1,11,0,1
PAY08187,CUST1768,19554,upi,authentication_failed,7,0,44,1,1,1,1
PAY08188,CUST2335,28000,netbanking,network_timeout,8,8,18,1,17,0,0
PAY08189,CUST1869,9356,netbanking,bank_decline,24,3,79,0,1,0,0
PAY08190,CUST2381,41654,upi,authentication_failed,4,4,9,0,15,1,0
PAY08191,CUST0485,24194,netbanking,authentication_failed,6,6,62,0,3,1,1
PAY08192,CUST1192,10373,card,network_timeout,10,2,13,0,13,0,1
PAY08193,CUST1720,568,wallet,network_timeout,15,3,78,1,11,0,1
PAY08194,CUST0953,6241,card,insufficient_balance,20,8,54,1,6,1,1
PAY08195,CUST2438,19428,card,insufficient_balance,7,0,85,1,11,1,1
PAY08196,CUST1841,19873,netbanking,insufficient_balance,14,7,4,1,8,0,1
PAY08197,CUST0560,24161,wallet,insufficient_balance,16,5,8,1,0,0,1
PAY08198,CUST0449,10216,card,technical_error,2,4,33,0,23,0,1
PAY08199,CUST2217,5266,netbanking,expired_card,26,4,7,0,4,1,0
PAY08200,CUST2927,17914,card,expired_card,8,6,32,0,4,1,0
PAY08201,CUST1515,37334,upi,insufficient_balance,15,1,79,0,20,0,1
PAY08202,CUST1927,19933,netbanking,network_timeout,21,1,37,1,5,1,1
PAY08203,CUST2082,12495,upi,authentication_failed,16,4,41,0,16,0,0
PAY08204,CUST0678,37597,card,authentication_failed,13,6,7,1,22,0,1
PAY08205,CUST2819,49369,card,authentication_failed,18,8,74,0,23,1,1
PAY08206,CUST2221,48212,wallet,network_timeout,2,7,18,0,11,0,0
PAY08207,CUST2184,17417,wallet,expired_card,8,0,7,0,10,1,1
PAY08208,CUST2815,16475,card,authentication_failed,5,2,20,1,9,0,1
PAY08209,CUST0908,10293,wallet,insufficient_balance,9,4,87,1,1,0,1
PAY08210,CUST2063,37980,upi,expired_card,15,6,83,1,19,1,0
PAY08211,CUST0751,46637,upi,insufficient_balance,27,5,25,1,15,1,1
PAY08212,CUST0740,10432,wallet,bank_decline,2,6,36,1,7,1,0
PAY08213,CUST0500,18887,netbanking,expired_card,23,6,17,1,1,1,0
PAY08214,CUST1405,15093,netbanking,expired_card,11,8,64,1,18,0,1
PAY08215,CUST2606,34795,card,insufficient_balance,29,4,60,1,21,1,1
PAY08216,CUST1121,48921,netbanking,technical_error,10,3,90,0,3,0,1
PAY08217,CUST0914,3682,upi,insufficient_balance,23,1,23,0,13,0,1
PAY08218,CUST2655,29751,wallet,insufficient_balance,11,1,73,1,6,0,1
PAY08219,CUST2619,2073,upi,authentication_failed,21,8,81,0,6,0,0
PAY08220,CUST0588,28743,netbanking,insufficient_balance,20,8,12,0,1,1,0
PAY08221,CUST1161,49801,wallet,network_timeout,28,0,45,1,16,1,1
PAY08222,CUST0152,18055,upi,technical_error,28,0,7,1,13,1,1
PAY08223,CUST1355,34117,card,expired_card,27,3,79,0,12,0,1
PAY08224,CUST0599,15935,upi,technical_error,6,6,35,1,18,1,0
PAY08225,CUST1096,37284,netbanking,bank_decline,29,5,89,0,0,1,0
PAY08226,CUST1232,34375,netbanking,network_timeout,14,3,19,1,14,0,1
PAY08227,CUST1675,12206,card,bank_decline,28,7,21,1,19,0,0
PAY08228,CUST1493,12316,upi,insufficient_balance,1,6,53,0,14,0,0
PAY08229,CUST1393,2296,wallet,network_timeout,2,2,4,0,17,1,1
PAY08230,CUST0188,31268,netbanking,technical_error,16,2,16,0,15,0,1
PAY08231,CUST2783,20572,netbanking,technical_error,19,3,8,1,16,1,1
PAY08232,CUST2069,30948,wallet,insufficient_balance,8,0,44,0,17,1,1
PAY08233,CUST1964,45570,wallet,bank_decline,14,0,86,0,15,0,0
PAY08234,CUST1812,37171,wallet,bank_decline,26,2,71,0,6,1,1
PAY08235,CUST1816,8129,netbanking,authentication_failed,12,5,4,0,5,0,1
PAY08236,CUST1379,31762,upi,insufficient_balance,6,4,78,1,1,0,1
PAY08237,CUST1254,3293,wallet,insufficient_balance,12,2,79,1,21,0,1
PAY08238,CUST1624,20575,netbanking,network_timeout,8,8,60,1,14,1,0
PAY08239,CUST1388,37460,netbanking,network_timeout,16,8,29,1,16,0,1
PAY08240,CUST2219,38118,card,technical_error,24,3,21,0,14,1,1
PAY08241,CUST1168,19261,card,bank_decline,26,5,45,0,10,0,1
PAY08242,CUST2461,4446,upi,expired_card,10,2,41,0,0,0,1
PAY08243,CUST0209,35757,wallet,insufficient_balance,30,7,52,0,21,0,1
PAY08244,CUST1927,34071,wallet,network_timeout,30,3,31,0,3,1,1
PAY08245,CUST2052,13823,wallet,insufficient_balance,1,3,90,0,16,1,1
PAY08246,CUST2150,48245,wallet,bank_decline,8,3,80,1,0,1,1
PAY08247,CUST2064,44986,upi,insufficient_balance,12,2,70,0,14,1,1
PAY08248,CUST0027,28500,card,authentication_failed,18,4,59,0,17,0,1
PAY08249,CUST2763,43918,wallet,authentication_failed,19,5,9,0,2,0,0
PAY08250,CUST1129,10806,wallet,bank_decline,6,0,57,1,12,1,0
PAY08251,CUST0837,35396,wallet,expired_card,12,1,7,1,17,0,0
PAY08252,CUST0704,29687,wallet,technical_error,8,1,60,1,10,1,0
PAY08253,CUST2099,40114,upi,insufficient_balance,28,1,52,0,15,0,1
PAY08254,CUST1204,41053,card,expired_card,30,1,66,1,13,0,1
PAY08255,CUST0974,15624,upi,technical_error,26,3,14,1,15,0,1
PAY08256,CUST2380,3172,card,insufficient_balance,14,2,87,1,20,1,1
PAY08257,CUST0242,48532,netbanking,network_timeout,23,5,11,0,1,1,1
PAY08258,CUST1219,21543,netbanking,insufficient_balance,30,0,81,0,6,1,0
PAY08259,CUST2516,11178,card,expired_card,29,7,82,0,17,0,0
PAY08260,CUST2382,44795,upi,authentication_failed,4,6,30,0,6,0,1
PAY08261,CUST2035,33184,upi,authentication_failed,15,1,82,1,8,0,1
PAY08262,CUST2980,39846,netbanking,authentication_failed,12,1,18,1,20,1,1
PAY08263,CUST2499,35189,card,authentication_failed,5,3,24,0,21,1,0
PAY08264,CUST0119,13153,card,technical_error,22,2,86,1,12,0,1
PAY08265,CUST2769,5331,card,expired_card,28,0,21,0,11,0,0
PAY08266,CUST0205,33449,card,expired_card,1,2,58,1,2,1,1
PAY08267,CUST2003,35872,card,insufficient_balance,26,8,75,0,7,0,0
PAY08268,CUST0898,18164,netbanking,expired_card,4,2,26,0,23,1,1
PAY08269,CUST2787,32826,card,bank_decline,5,1,35,0,15,1,0
PAY08270,CUST1488,42792,wallet,expired_card,14,0,61,1,4,0,1
PAY08271,CUST2823,16778,card,bank_decline,6,5,7,0,2,1,0
PAY08272,CUST0768,5501,card,bank_decline,20,1,15,1,2,0,1
PAY08273,CUST1597,18654,netbanking,expired_card,30,8,23,0,0,1,0
PAY08274,CUST0264,45482,upi,expired_card,8,5,15,1,3,1,0
PAY08275,CUST1670,21898,upi,bank_decline,0,2,27,1,19,0,1
PAY08276,CUST0750,41074,upi,insufficient_balance,24,3,48,1,14,0,1
PAY08277,CUST2448,36227,netbanking,insufficient_balance,27,4,18,1,22,0,1
PAY08278,CUST2033,4032,card,insufficient_balance,25,5,64,0,21,0,1
PAY08279,CUST0495,24571,netbanking,expired_card,4,4,71,0,0,1,0
PAY08280,CUST0505,13473,card,network_timeout,12,1,71,0,9,0,1
PAY08281,CUST0425,46164,upi,network_timeout,21,2,49,0,1,0,1
PAY08282,CUST1742,45305,card,network_timeout,22,2,73,1,15,1,0
PAY08283,CUST1714,46266,wallet,bank_decline,16,0,24,1,18,0,0
PAY08284,CUST0430,28658,upi,authentication_failed,19,3,89,1,17,0,1
PAY08285,CUST1501,23907,wallet,expired_card,18,0,69,1,14,1,1
PAY08286,CUST1998,5564,wallet,bank_decline,3,5,42,1,9,1,1
PAY08287,CUST1036,15545,upi,insufficient_balance,22,4,50,1,7,0,1
PAY08288,CUST2188,41672,card,expired_card,29,8,76,1,0,0,0
PAY08289,CUST2881,42389,upi,bank_decline,6,4,25,0,19,0,0
PAY08290,CUST1765,10420,card,expired_card,16,2,32,0,3,1,1
PAY08291,CUST0596,4706,wallet,insufficient_balance,17,1,6,0,21,1,0
PAY08292,CUST0977,48722,upi,authentication_failed,20,2,36,1,3,1,1
PAY08293,CUST2704,10743,netbanking,technical_error,30,6,60,0,19,0,1
PAY08294,CUST0778,6859,wallet,technical_error,14,2,66,0,17,1,1
PAY08295,CUST2640,35105,netbanking,network_timeout,14,3,37,0,2,0,0
PAY08296,CUST2792,36077,netbanking,authentication_failed,14,3,35,1,19,1,0
PAY08297,CUST2898,30330,netbanking,authentication_failed,17,7,7,0,10,1,1
PAY08298,CUST0623,43720,upi,authentication_failed,20,7,5,1,11,1,0
PAY08299,CUST1865,42799,upi,network_timeout,28,0,41,0,13,0,1
PAY08300,CUST2270,37865,wallet,expired_card,7,5,31,0,1,0,1
PAY08301,CUST2210,30832,wallet,bank_decline,14,1,20,1,20,1,0
PAY08302,CUST2989,5148,card,expired_card,7,0,78,0,4,1,1
PAY08303,CUST2970,3795,wallet,insufficient_balance,28,6,51,0,1,1,0
PAY08304,CUST2645,10018,wallet,insufficient_balance,8,4,58,0,18,1,1
PAY08305,CUST1928,17137,netbanking,network_timeout,14,1,55,0,7,0,1
PAY08306,CUST1461,8821,wallet,authentication_failed,11,5,42,1,10,1,1
PAY08307,CUST1671,43654,card,network_timeout,5,0,4,1,13,1,1
PAY08308,CUST2812,20844,netbanking,insufficient_balance,1,4,2,1,23,1,1
PAY08309,CUST0816,41201,upi,technical_error,14,2,84,1,0,1,1
PAY08310,CUST2677,23788,upi,insufficient_balance,11,2,36,0,6,1,1
PAY08311,CUST1027,36416,upi,insufficient_balance,22,2,69,0,3,1,1
PAY08312,CUST0257,2504,wallet,insufficient_balance,15,8,9,0,17,1,1
PAY08313,CUST2139,38627,upi,technical_error,6,5,33,0,8,1,1
PAY08314,CUST2045,45661,card,insufficient_balance,26,8,36,0,6,1,0
PAY08315,CUST0255,24224,wallet,network_timeout,8,1,72,0,3,1,1
PAY08316,CUST0898,8608,upi,authentication_failed,6,5,13,1,1,1,1
PAY08317,CUST0576,12486,upi,expired_card,8,0,86,1,23,0,0
PAY08318,CUST2265,48061,upi,insufficient_balance,30,3,26,1,21,1,1
PAY08319,CUST0838,43914,upi,expired_card,23,8,7,1,17,0,1
PAY08320,CUST2509,41322,netbanking,technical_error,23,8,8,1,16,0,1
PAY08321,CUST1325,40407,netbanking,network_timeout,11,5,52,1,8,1,1
PAY08322,CUST1233,8839,upi,bank_decline,6,0,4,1,7,1,0
PAY08323,CUST1201,30456,card,expired_card,25,8,61,0,9,0,0
PAY08324,CUST2173,41134,card,expired_card,29,8,78,0,19,0,0
PAY08325,CUST2542,19205,netbanking,bank_decline,13,3,25,1,15,0,1
PAY08326,CUST2091,1341,netbanking,bank_decline,25,0,14,0,0,0,0
PAY08327,CUST1859,28270,card,expired_card,18,1,75,0,23,1,1
PAY08328,CUST2437,37131,wallet,network_timeout,25,5,58,1,6,0,0
PAY08329,CUST0084,33141,card,authentication_failed,5,7,8,0,13,0,1
PAY08330,CUST0746,20913,netbanking,bank_decline,16,4,9,0,7,0,0
PAY08331,CUST0526,8870,card,network_timeout,7,8,65,1,19,0,0
PAY08332,CUST2273,26630,wallet,network_timeout,28,7,1,1,2,1,1
PAY08333,CUST2032,10551,netbanking,network_timeout,29,6,71,1,23,1,0
PAY08334,CUST1435,45828,upi,authentication_failed,12,8,84,0,20,0,0
PAY08335,CUST1431,13183,netbanking,network_timeout,11,3,37,1,9,0,1
PAY08336,CUST2623,14003,card,authentication_failed,17,1,6,1,23,0,1
PAY08337,CUST1108,23305,wallet,expired_card,2,3,75,0,15,0,1
PAY08338,CUST1591,29900,netbanking,authentication_failed,26,5,31,0,19,1,1
PAY08339,CUST0540,20871,card,bank_decline,27,8,3,0,15,0,0
PAY08340,CUST1300,12290,upi,bank_decline,7,7,89,0,23,0,0
PAY08341,CUST1695,13179,wallet,network_timeout,29,7,14,1,17,0,0
PAY08342,CUST0790,49695,upi,expired_card,16,1,63,0,0,1,1
PAY08343,CUST0629,19635,netbanking,network_timeout,6,5,58,0,11,1,1
PAY08344,CUST0729,4784,card,authentication_failed,27,3,83,1,15,1,1
PAY08345,CUST0376,20412,netbanking,expired_card,0,0,42,1,18,1,0
PAY08346,CUST2477,36054,netbanking,insufficient_balance,2,5,21,0,15,0,0
PAY08347,CUST0452,951,wallet,expired_card,13,5,43,0,12,1,0
PAY08348,CUST0970,735,upi,authentication_failed,30,0,3,1,17,1,1
PAY08349,CUST1422,42805,upi,insufficient_balance,5,0,38,0,0,1,1
PAY08350,CUST0655,9806,netbanking,bank_decline,28,0,33,0,16,1,0
PAY08351,CUST2053,20822,card,network_timeout,6,6,61,0,9,1,0
PAY08352,CUST0082,36840,upi,insufficient_balance,23,0,2,1,23,1,1
PAY08353,CUST1324,9591,card,technical_error,7,2,49,1,8,1,1
PAY08354,CUST1256,14498,card,network_timeout,4,1,17,0,18,1,1
PAY08355,CUST1785,42889,netbanking,technical_error,6,5,63,0,20,1,1
PAY08356,CUST2135,27849,upi,network_timeout,16,2,58,1,19,0,1
PAY08357,CUST1028,36558,upi,insufficient_balance,18,4,66,0,15,1,1
PAY08358,CUST0577,26451,card,network_timeout,14,5,7,0,14,1,1
PAY08359,CUST1427,18301,wallet,expired_card,1,3,82,0,13,0,0
PAY08360,CUST1466,30097,upi,bank_decline,13,4,1,1,17,0,1
PAY08361,CUST0475,11607,card,network_timeout,6,0,67,0,22,1,1
PAY08362,CUST2988,3872,netbanking,bank_decline,12,5,79,1,9,1,1
PAY08363,CUST0155,36711,netbanking,network_timeout,6,7,20,0,18,0,1
PAY08364,CUST0111,20222,card,technical_error,25,0,66,1,17,0,1
PAY08365,CUST2401,26820,card,authentication_failed,22,4,53,0,1,1,1
PAY08366,CUST0951,36176,netbanking,insufficient_balance,4,2,12,1,12,0,1
PAY08367,CUST1215,13148,wallet,bank_decline,27,8,18,1,4,0,0
PAY08368,CUST2077,6358,netbanking,expired_card,15,4,26,0,20,1,0
PAY08369,CUST1333,29440,netbanking,expired_card,7,8,29,1,0,1,0
PAY08370,CUST1411,45628,netbanking,network_timeout,6,0,60,1,8,0,1
PAY08371,CUST0523,37527,wallet,technical_error,4,0,23,0,5,0,1
PAY08372,CUST0592,15497,wallet,authentication_failed,0,3,19,0,16,1,0
PAY08373,CUST0243,44540,upi,authentication_failed,23,6,3,0,20,1,0
PAY08374,CUST0570,4106,wallet,network_timeout,0,8,36,0,0,1,1
PAY08375,CUST2390,43250,wallet,bank_decline,21,7,43,0,4,0,0
PAY08376,CUST2251,25846,upi,authentication_failed,20,7,60,0,12,1,0
PAY08377,CUST0596,7723,wallet,technical_error,10,7,20,0,16,0,1
PAY08378,CUST2963,17592,upi,bank_decline,19,1,56,1,5,0,1
PAY08379,CUST2271,3574,wallet,technical_error,28,1,74,0,16,0,1
PAY08380,CUST2349,35417,card,bank_decline,9,5,42,0,22,1,0
PAY08381,CUST1311,41916,upi,bank_decline,27,0,3,1,3,0,1
PAY08382,CUST0710,48258,upi,insufficient_balance,27,6,20,1,9,0,1
PAY08383,CUST0282,25797,upi,bank_decline,15,0,31,0,21,0,0
PAY08384,CUST2746,14778,wallet,authentication_failed,8,0,31,1,22,1,0
PAY08385,CUST1846,5040,wallet,technical_error,16,7,18,0,2,0,1
PAY08386,CUST0309,2655,card,technical_error,11,5,34,0,11,1,1
PAY08387,CUST1063,18874,wallet,network_timeout,28,3,71,0,22,1,0
PAY08388,CUST0400,31797,netbanking,bank_decline,9,0,60,0,7,0,1
PAY08389,CUST2155,24350,upi,insufficient_balance,28,7,31,1,4,0,1
PAY08390,CUST0102,45506,netbanking,bank_decline,12,2,88,0,22,1,1
PAY08391,CUST0683,25388,wallet,technical_error,7,1,68,1,16,1,1
PAY08392,CUST0710,46190,card,technical_error,13,2,47,0,19,1,1
PAY08393,CUST1598,14106,netbanking,authentication_failed,17,7,36,0,4,1,1
PAY08394,CUST0835,47849,netbanking,technical_error,1,3,32,0,12,0,0
PAY08395,CUST1677,14625,netbanking,expired_card,9,8,26,0,8,0,1
PAY08396,CUST0075,24384,netbanking,expired_card,20,8,78,1,0,0,1
PAY08397,CUST2440,14875,wallet,bank_decline,25,2,70,1,15,1,1
PAY08398,CUST2630,49592,wallet,bank_decline,23,8,3,1,6,1,0
PAY08399,CUST1387,45760,wallet,network_timeout,0,7,13,1,16,0,0
PAY08400,CUST1673,23144,netbanking,network_timeout,5,6,38,1,4,0,0
PAY08401,CUST0827,5132,netbanking,bank_decline,21,4,19,0,4,0,0
PAY08402,CUST1827,25956,netbanking,bank_decline,18,6,50,1,11,0,1
PAY08403,CUST2830,13642,netbanking,insufficient_balance,24,4,88,1,14,1,1
PAY08404,CUST1558,49042,upi,insufficient_balance,12,6,52,0,14,1,0
PAY08405,CUST0491,12013,card,expired_card,30,5,79,1,15,1,1
PAY08406,CUST1974,47382,netbanking,network_timeout,8,5,3,1,20,0,1
PAY08407,CUST1430,5675,card,network_timeout,11,5,54,1,5,0,1
PAY08408,CUST1865,43911,card,authentication_failed,6,6,18,1,21,0,0
PAY08409,CUST2897,17548,wallet,bank_decline,15,3,25,0,18,1,0
PAY08410,CUST2991,3624,upi,authentication_failed,30,7,71,1,21,0,1
PAY08411,CUST2767,25350,upi,authentication_failed,27,1,33,0,7,1,1
PAY08412,CUST0140,12747,wallet,technical_error,27,5,10,1,2,0,0
PAY08413,CUST0065,4482,card,technical_error,0,6,63,1,7,1,1
PAY08414,CUST2231,21024,upi,authentication_failed,7,7,82,1,14,1,0
PAY08415,CUST0500,7675,netbanking,expired_card,17,4,74,1,6,1,1
PAY08416,CUST0040,310,card,network_timeout,26,0,45,0,2,0,1
PAY08417,CUST1084,1466,wallet,bank_decline,23,6,61,1,22,0,1
PAY08418,CUST2515,34946,wallet,bank_decline,9,5,25,0,16,0,0
PAY08419,CUST1867,14979,upi,network_timeout,1,7,80,1,14,1,0
PAY08420,CUST0103,12755,card,network_timeout,15,7,58,0,20,1,1
PAY08421,CUST1010,15554,wallet,expired_card,2,4,39,0,5,1,0
PAY08422,CUST1513,31548,card,insufficient_balance,14,2,7,0,10,0,1
PAY08423,CUST1493,4807,upi,network_timeout,30,8,58,1,10,1,1
PAY08424,CUST1640,32775,card,network_timeout,9,7,45,1,1,0,1
PAY08425,CUST0544,48855,card,technical_error,14,0,24,1,3,0,1
PAY08426,CUST1606,12955,wallet,network_timeout,1,1,1,0,1,0,1
PAY08427,CUST1522,12808,netbanking,authentication_failed,20,2,57,0,1,1,1
PAY08428,CUST1674,2554,wallet,insufficient_balance,25,8,84,1,2,1,0
PAY08429,CUST0575,35782,netbanking,network_timeout,25,4,33,1,9,1,1
PAY08430,CUST2542,1999,netbanking,bank_decline,18,2,31,0,21,0,1
PAY08431,CUST2222,13060,netbanking,bank_decline,13,8,44,0,16,0,0
PAY08432,CUST0777,21544,wallet,insufficient_balance,22,4,14,1,2,1,1
PAY08433,CUST2274,26425,upi,network_timeout,17,2,59,1,19,1,1
PAY08434,CUST1690,33690,wallet,authentication_failed,27,6,88,1,22,0,0
PAY08435,CUST1906,45199,netbanking,bank_decline,17,8,4,1,23,1,1
PAY08436,CUST1788,22963,upi,network_timeout,29,6,27,1,16,1,1
PAY08437,CUST2263,24912,netbanking,technical_error,0,1,6,1,3,0,1
PAY08438,CUST2072,18747,upi,authentication_failed,23,6,38,0,23,0,0
PAY08439,CUST0643,9695,card,expired_card,17,3,41,1,20,1,0
PAY08440,CUST2265,34390,card,authentication_failed,17,3,44,0,12,0,1
PAY08441,CUST2976,29431,upi,authentication_failed,29,8,23,1,12,0,1
PAY08442,CUST1788,46638,wallet,network_timeout,12,2,46,0,19,0,1
PAY08443,CUST2745,30992,upi,bank_decline,3,1,79,0,19,1,1
PAY08444,CUST1791,46172,card,bank_decline,20,3,23,0,4,0,0
PAY08445,CUST1767,32230,upi,bank_decline,22,5,87,1,23,0,1
PAY08446,CUST0336,49330,wallet,insufficient_balance,3,1,11,0,0,0,1
PAY08447,CUST1902,11185,upi,network_timeout,12,3,8,1,9,0,1
PAY08448,CUST2533,39037,upi,technical_error,18,2,84,1,7,0,1
PAY08449,CUST1144,1131,netbanking,technical_error,12,3,40,1,13,0,1
PAY08450,CUST1023,9232,wallet,bank_decline,4,4,19,1,12,0,1
PAY08451,CUST2421,1225,wallet,expired_card,4,6,54,0,6,0,0
PAY08452,CUST0715,9807,card,network_timeout,5,3,82,1,1,1,1
PAY08453,CUST0088,41003,upi,network_timeout,9,1,58,0,22,0,1
PAY08454,CUST1596,7476,upi,insufficient_balance,18,3,25,0,17,1,1
PAY08455,CUST1407,41494,netbanking,authentication_failed,20,7,44,0,22,1,1
PAY08456,CUST0647,15907,netbanking,technical_error,18,7,19,1,0,1,1
PAY08457,CUST1872,46726,card,insufficient_balance,4,2,87,0,14,0,1
PAY08458,CUST2374,1158,upi,network_timeout,7,4,50,1,9,0,1
PAY08459,CUST2473,754,card,expired_card,21,3,28,1,17,0,0
PAY08460,CUST0775,45463,upi,authentication_failed,13,5,5,0,3,0,1
PAY08461,CUST2162,4725,netbanking,authentication_failed,25,8,78,0,20,1,1
PAY08462,CUST1228,21956,card,insufficient_balance,27,0,7,1,14,0,1
PAY08463,CUST2673,13397,netbanking,bank_decline,17,0,48,0,12,1,1
PAY08464,CUST1621,4332,upi,network_timeout,21,7,39,1,4,1,0
PAY08465,CUST1987,11887,upi,expired_card,27,0,55,1,15,0,0
PAY08466,CUST1972,22280,upi,technical_error,13,6,70,1,22,0,1
PAY08467,CUST1822,13741,netbanking,authentication_failed,4,1,68,0,23,0,1
PAY08468,CUST0446,26144,upi,insufficient_balance,23,7,73,1,7,1,1
PAY08469,CUST0548,44656,card,expired_card,13,6,64,0,14,0,0
PAY08470,CUST1469,11362,wallet,bank_decline,10,6,45,0,19,0,0
PAY08471,CUST1533,16014,card,insufficient_balance,12,1,1,0,8,1,1
PAY08472,CUST2592,1425,netbanking,network_timeout,0,0,12,1,0,0,1
PAY08473,CUST2558,36646,wallet,insufficient_balance,12,4,53,0,14,0,1
PAY08474,CUST1711,29956,netbanking,insufficient_balance,27,0,46,0,23,1,1
PAY08475,CUST1077,5231,netbanking,bank_decline,23,2,30,1,8,0,0
PAY08476,CUST1032,30466,netbanking,insufficient_balance,20,5,69,0,19,1,0
PAY08477,CUST2518,32325,netbanking,bank_decline,10,1,73,1,13,1,1
PAY08478,CUST1552,13944,card,bank_decline,0,3,23,1,21,1,1
PAY08479,CUST2286,40186,netbanking,network_timeout,22,7,16,1,7,1,1
PAY08480,CUST0548,34119,upi,technical_error,0,8,20,0,3,1,1
PAY08481,CUST0789,43495,card,authentication_failed,30,2,44,0,1,0,1
PAY08482,CUST2676,8406,card,expired_card,5,6,73,0,17,1,0
PAY08483,CUST2226,11452,netbanking,insufficient_balance,8,6,63,0,18,1,1
PAY08484,CUST2708,33152,netbanking,authentication_failed,1,6,9,1,2,0,1
PAY08485,CUST0483,42733,upi,network_timeout,14,8,68,0,13,0,0
PAY08486,CUST1607,27780,wallet,technical_error,16,7,34,0,5,0,0
PAY08487,CUST0933,34843,netbanking,expired_card,9,6,8,0,14,1,0
PAY08488,CUST1237,39021,netbanking,authentication_failed,14,1,87,0,14,0,1
PAY08489,CUST1207,40479,netbanking,authentication_failed,22,4,83,0,11,0,1
PAY08490,CUST1582,8071,netbanking,expired_card,27,1,87,0,2,0,1
PAY08491,CUST0620,6305,card,authentication_failed,12,7,5,1,18,0,0
PAY08492,CUST1473,25867,card,network_timeout,1,7,16,1,1,1,1
PAY08493,CUST1560,33687,netbanking,network_timeout,13,4,7,1,9,0,1
PAY08494,CUST0211,22153,netbanking,expired_card,11,1,17,0,15,0,0
PAY08495,CUST2548,17242,upi,technical_error,19,8,9,0,13,1,1
PAY08496,CUST1163,39245,wallet,insufficient_balance,21,4,67,0,4,1,0
PAY08497,CUST2462,21179,wallet,expired_card,22,8,46,0,7,0,1
PAY08498,CUST2046,23148,upi,insufficient_balance,8,5,70,0,6,0,1
PAY08499,CUST2057,32127,card,bank_decline,18,4,49,1,11,1,1
PAY08500,CUST2302,40288,upi,technical_error,20,2,39,1,13,0,1
PAY08501,CUST1936,9026,netbanking,bank_decline,21,7,45,0,6,0,0
PAY08502,CUST1327,48979,netbanking,bank_decline,6,6,63,1,4,0,0
PAY08503,CUST0890,45037,wallet,network_timeout,13,2,78,1,22,1,1
PAY08504,CUST1092,30580,upi,bank_decline,4,4,45,1,21,1,1
PAY08505,CUST1597,39389,wallet,expired_card,2,1,79,1,16,0,1
PAY08506,CUST2763,13356,upi,bank_decline,24,3,78,1,0,0,0
PAY08507,CUST1278,17904,wallet,network_timeout,11,7,63,0,18,1,1
PAY08508,CUST2578,18007,netbanking,technical_error,11,6,10,1,1,1,1
PAY08509,CUST1859,20346,card,technical_error,9,1,18,1,8,0,1
PAY08510,CUST1334,16287,netbanking,insufficient_balance,19,3,22,0,14,1,1
PAY08511,CUST2405,45978,wallet,insufficient_balance,22,0,41,1,5,0,1
PAY08512,CUST2090,28330,netbanking,expired_card,26,3,16,1,2,1,0
PAY08513,CUST2532,5108,wallet,expired_card,18,3,81,1,11,0,0
PAY08514,CUST0681,29395,card,technical_error,25,0,45,1,8,1,1
PAY08515,CUST0209,3745,wallet,technical_error,16,7,30,0,20,0,1
PAY08516,CUST2305,27451,upi,network_timeout,26,5,52,0,7,1,1
PAY08517,CUST1061,3240,wallet,bank_decline,4,8,20,1,2,0,1
PAY08518,CUST2285,36126,upi,bank_decline,7,1,2,1,17,1,0
PAY08519,CUST0707,24600,netbanking,network_timeout,14,7,32,0,13,0,1
PAY08520,CUST0044,18377,upi,insufficient_balance,26,8,11,0,14,1,0
PAY08521,CUST0893,7513,wallet,bank_decline,9,2,86,1,17,1,1
PAY08522,CUST0776,31438,wallet,insufficient_balance,8,2,59,1,16,0,1
PAY08523,CUST1118,1739,wallet,expired_card,26,0,42,0,23,1,1
PAY08524,CUST0879,7144,wallet,expired_card,14,0,47,1,17,1,1
PAY08525,CUST1386,12613,netbanking,network_timeout,15,3,23,1,11,1,1
PAY08526,CUST2225,33622,upi,insufficient_balance,4,8,8,1,2,0,0
PAY08527,CUST2248,12341,upi,technical_error,3,4,7,0,6,1,1
PAY08528,CUST2330,45862,wallet,bank_decline,11,3,27,1,14,0,0
PAY08529,CUST1463,33793,netbanking,expired_card,8,0,86,1,15,0,1
PAY08530,CUST0859,33096,upi,insufficient_balance,22,1,90,0,19,1,1
PAY08531,CUST2925,32847,wallet,authentication_failed,8,7,40,0,7,1,1
PAY08532,CUST1548,24957,upi,technical_error,16,2,65,0,5,1,1
PAY08533,CUST0037,26254,wallet,bank_decline,14,7,30,0,17,1,0
PAY08534,CUST0739,38047,netbanking,network_timeout,14,7,4,0,6,1,0
PAY08535,CUST2209,5951,card,authentication_failed,21,4,54,0,12,0,1
PAY08536,CUST0580,48846,card,network_timeout,28,5,38,1,2,0,1
PAY08537,CUST0298,16874,card,authentication_failed,5,2,68,1,21,1,1
PAY08538,CUST0776,6909,netbanking,authentication_failed,3,4,73,0,20,1,1
PAY08539,CUST2994,44235,netbanking,authentication_failed,3,1,68,1,22,0,1
PAY08540,CUST0726,511,upi,authentication_failed,6,1,41,0,3,0,0
PAY08541,CUST2333,27021,card,insufficient_balance,9,2,7,0,17,1,1
PAY08542,CUST0948,21369,wallet,insufficient_balance,0,8,6,1,10,1,1
PAY08543,CUST0598,31734,upi,technical_error,1,1,53,1,17,1,1
PAY08544,CUST1481,27525,upi,insufficient_balance,21,4,44,1,23,0,1
PAY08545,CUST1473,14928,wallet,network_timeout,12,5,54,0,10,1,1
PAY08546,CUST2564,646,netbanking,authentication_failed,5,1,57,1,5,1,1
PAY08547,CUST0533,9865,upi,insufficient_balance,23,4,52,1,3,1,0
PAY08548,CUST1115,27423,card,authentication_failed,14,3,17,1,9,0,1
PAY08549,CUST0104,43289,wallet,bank_decline,23,6,57,1,20,0,0
PAY08550,CUST0053,6622,netbanking,bank_decline,25,6,49,1,6,1,0
PAY08551,CUST2343,24725,card,bank_decline,30,1,18,1,1,1,0
PAY08552,CUST2749,31210,wallet,expired_card,22,2,3,1,12,0,1
PAY08553,CUST0756,45074,netbanking,bank_decline,3,8,7,0,20,0,0
PAY08554,CUST2576,19164,upi,bank_decline,3,0,36,1,20,0,1
PAY08555,CUST1556,4030,wallet,authentication_failed,1,0,58,1,1,1,1
PAY08556,CUST2834,37975,wallet,expired_card,24,2,20,0,14,0,1
PAY08557,CUST1691,26934,wallet,bank_decline,26,4,64,0,16,0,0
PAY08558,CUST0047,46430,card,bank_decline,6,6,64,1,4,1,0
PAY08559,CUST0989,13983,wallet,network_timeout,17,1,30,1,10,1,1
PAY08560,CUST1491,30068,upi,bank_decline,4,8,63,0,21,1,0
PAY08561,CUST2762,7598,netbanking,bank_decline,12,2,86,0,16,0,1
PAY08562,CUST0647,25857,wallet,network_timeout,25,4,52,0,17,1,0
PAY08563,CUST1894,44551,wallet,network_timeout,28,6,35,0,16,0,0
PAY08564,CUST1077,27623,card,expired_card,28,1,19,0,13,0,0
PAY08565,CUST0595,9742,card,authentication_failed,21,2,77,1,19,0,1
PAY08566,CUST0300,14025,netbanking,bank_decline,4,0,72,1,15,0,0
PAY08567,CUST2205,47700,wallet,bank_decline,15,5,8,1,11,0,0
PAY08568,CUST1818,25522,wallet,network_timeout,7,2,61,1,19,0,1
PAY08569,CUST1217,15285,upi,technical_error,30,7,86,1,0,1,1
PAY08570,CUST0900,1011,upi,insufficient_balance,26,6,4,0,9,1,1
PAY08571,CUST2007,7430,netbanking,network_timeout,2,8,86,0,15,0,0
PAY08572,CUST0987,10532,upi,expired_card,23,8,78,0,7,1,0
PAY08573,CUST0160,20135,upi,bank_decline,8,5,47,1,20,1,0
PAY08574,CUST1788,47632,upi,technical_error,27,4,2,0,18,0,1
PAY08575,CUST2035,21828,netbanking,authentication_failed,16,2,62,1,11,1,0
PAY08576,CUST1851,39656,upi,insufficient_balance,14,0,10,0,8,1,1
PAY08577,CUST1898,23366,netbanking,bank_decline,26,6,26,0,15,0,0
PAY08578,CUST2823,4777,upi,expired_card,3,7,3,1,3,1,0
PAY08579,CUST1284,3564,card,bank_decline,1,3,87,1,12,0,0
PAY08580,CUST0889,21540,upi,expired_card,4,8,13,1,18,1,0
PAY08581,CUST1350,15849,netbanking,expired_card,10,4,20,1,4,1,1
PAY08582,CUST1115,42014,wallet,expired_card,24,3,79,1,20,0,0
PAY08583,CUST2707,2310,card,expired_card,28,8,18,0,6,1,1
PAY08584,CUST2501,11896,netbanking,authentication_failed,18,6,68,1,21,1,1
PAY08585,CUST0035,24971,wallet,network_timeout,3,1,51,1,10,1,1
PAY08586,CUST1450,6302,card,expired_card,29,0,30,1,11,1,1
PAY08587,CUST2264,6844,card,authentication_failed,30,0,53,1,20,0,0
PAY08588,CUST1457,27847,wallet,bank_decline,21,2,81,0,6,1,0
PAY08589,CUST0073,2731,netbanking,authentication_failed,23,3,69,0,0,1,1
PAY08590,CUST1007,47330,upi,bank_decline,16,2,31,1,18,0,1
PAY08591,CUST0055,39638,wallet,authentication_failed,16,7,21,0,18,0,1
PAY08592,CUST1571,13071,card,authentication_failed,21,1,55,1,2,1,1
PAY08593,CUST2227,2851,card,expired_card,26,7,23,0,10,0,0
PAY08594,CUST1354,31017,card,network_timeout,19,3,42,1,2,1,0
PAY08595,CUST0241,12301,card,network_timeout,21,5,41,1,0,0,1
PAY08596,CUST2227,29664,card,network_timeout,20,5,23,1,4,0,1
PAY08597,CUST0537,23383,netbanking,authentication_failed,8,3,82,0,8,0,1
PAY08598,CUST2812,13907,upi,authentication_failed,25,1,22,1,6,0,1
PAY08599,CUST0578,21795,upi,insufficient_balance,22,0,27,1,20,0,1
PAY08600,CUST0979,8952,upi,bank_decline,28,6,74,0,8,1,0
PAY08601,CUST2683,17378,netbanking,bank_decline,28,3,1,0,3,0,0
PAY08602,CUST1823,42056,card,authentication_failed,26,8,62,1,12,1,0
PAY08603,CUST2162,20084,netbanking,insufficient_balance,29,3,37,0,23,0,0
PAY08604,CUST1437,44545,wallet,technical_error,9,3,58,0,2,0,1
PAY08605,CUST2079,49897,card,insufficient_balance,6,6,10,0,12,0,0
PAY08606,CUST1970,46336,netbanking,network_timeout,13,0,40,0,7,0,1
PAY08607,CUST2956,24612,card,network_timeout,12,3,84,1,17,1,1
PAY08608,CUST1450,44693,wallet,authentication_failed,30,3,52,0,11,0,1
PAY08609,CUST0053,16157,netbanking,authentication_failed,20,2,55,0,5,1,1
PAY08610,CUST0968,12325,upi,bank_decline,28,2,57,0,20,1,0
PAY08611,CUST0107,8623,upi,technical_error,9,0,2,1,10,0,1
PAY08612,CUST0286,341,upi,technical_error,7,4,1,1,11,1,0
PAY08613,CUST1917,36642,netbanking,authentication_failed,12,4,45,0,14,0,0
PAY08614,CUST0864,2571,upi,insufficient_balance,28,2,71,1,9,0,1
PAY08615,CUST2950,11023,card,insufficient_balance,17,4,26,0,4,0,1
PAY08616,CUST0995,15194,card,network_timeout,20,0,37,0,19,1,0
PAY08617,CUST1538,195,upi,network_timeout,24,2,76,0,21,0,0
PAY08618,CUST2382,22260,wallet,authentication_failed,5,0,21,0,14,1,1
PAY08619,CUST0628,3390,card,authentication_failed,5,5,45,1,19,0,1
PAY08620,CUST0344,33617,wallet,network_timeout,13,2,28,0,8,0,1
PAY08621,CUST2158,31548,netbanking,expired_card,7,7,31,0,11,0,1
PAY08622,CUST1443,40460,wallet,insufficient_balance,30,7,52,0,0,0,1
PAY08623,CUST2404,32222,wallet,insufficient_balance,29,2,41,0,14,0,1
PAY08624,CUST2488,28929,wallet,bank_decline,24,4,70,0,7,0,1
PAY08625,CUST1124,9685,card,insufficient_balance,15,5,50,1,2,1,1
PAY08626,CUST1017,4682,netbanking,network_timeout,3,3,75,1,22,1,1
PAY08627,CUST0663,40227,netbanking,insufficient_balance,22,3,59,0,16,1,1
PAY08628,CUST0768,35206,netbanking,network_timeout,25,8,89,1,13,0,0
PAY08629,CUST2056,630,upi,authentication_failed,17,5,19,0,4,0,1
PAY08630,CUST0201,18898,card,bank_decline,8,8,89,1,22,0,0
PAY08631,CUST1507,23165,wallet,expired_card,17,7,4,0,4,0,1
PAY08632,CUST2121,30457,card,insufficient_balance,19,5,5,1,5,0,1
PAY08633,CUST2734,23872,netbanking,network_timeout,4,1,52,0,13,0,1
PAY08634,CUST0932,22546,wallet,insufficient_balance,21,6,18,0,8,1,1
PAY08635,CUST1773,12134,wallet,expired_card,11,6,15,1,21,1,0
PAY08636,CUST2691,29634,upi,insufficient_balance,10,5,10,1,4,1,0
PAY08637,CUST1150,45231,netbanking,bank_decline,29,2,59,0,11,1,0
PAY08638,CUST1140,24864,card,bank_decline,7,5,28,1,1,1,0
PAY08639,CUST2894,32892,netbanking,expired_card,15,0,54,1,9,0,1
PAY08640,CUST2494,48623,card,authentication_failed,5,6,3,0,20,1,0
PAY08641,CUST2613,3678,card,authentication_failed,29,7,8,0,0,1,1
PAY08642,CUST1214,33436,card,insufficient_balance,24,3,18,1,21,1,1
PAY08643,CUST2307,40820,card,network_timeout,24,8,68,0,9,1,1
PAY08644,CUST2217,41761,netbanking,bank_decline,21,5,33,0,22,0,0
PAY08645,CUST0739,18273,upi,insufficient_balance,19,6,7,1,19,0,1
PAY08646,CUST1023,36555,upi,authentication_failed,3,7,20,1,4,0,0
PAY08647,CUST2288,27091,wallet,bank_decline,16,2,27,1,15,1,1
PAY08648,CUST1762,47247,wallet,bank_decline,22,5,74,1,21,1,1
PAY08649,CUST0919,29584,wallet,authentication_failed,21,8,44,1,18,1,0
PAY08650,CUST0451,5379,wallet,authentication_failed,4,4,66,0,16,1,0
PAY08651,CUST0075,28507,upi,insufficient_balance,15,8,58,1,14,0,1
PAY08652,CUST2903,27085,wallet,authentication_failed,6,2,49,0,7,1,1
PAY08653,CUST0269,22168,upi,bank_decline,9,0,61,1,4,0,1
PAY08654,CUST2863,41384,upi,authentication_failed,17,2,3,1,9,1,1
PAY08655,CUST2909,40546,wallet,insufficient_balance,23,4,11,0,4,1,1
PAY08656,CUST1408,39417,card,authentication_failed,4,3,86,0,9,0,0
PAY08657,CUST1105,11200,card,expired_card,16,2,43,1,10,0,1
PAY08658,CUST1029,14459,netbanking,insufficient_balance,17,2,44,0,1,1,1
PAY08659,CUST2755,39693,upi,network_timeout,11,1,7,0,8,0,1
PAY08660,CUST1474,38910,netbanking,technical_error,24,2,69,0,9,1,1
PAY08661,CUST0624,33992,upi,expired_card,26,2,56,0,13,0,1
PAY08662,CUST1828,31713,card,expired_card,19,7,50,1,4,0,0
PAY08663,CUST1621,40287,card,bank_decline,28,0,30,0,9,0,1
PAY08664,CUST0747,14956,netbanking,network_timeout,14,7,75,0,22,0,1
PAY08665,CUST2768,6997,wallet,network_timeout,1,5,20,1,10,1,1
PAY08666,CUST0055,40813,card,network_timeout,5,7,15,1,5,0,1
PAY08667,CUST2307,44153,netbanking,network_timeout,5,7,4,1,6,0,0
PAY08668,CUST1440,11244,card,network_timeout,24,7,15,1,16,1,1
PAY08669,CUST2954,12096,netbanking,authentication_failed,12,1,47,1,7,1,1
PAY08670,CUST2275,35679,wallet,expired_card,21,6,81,1,20,0,1
PAY08671,CUST1165,49866,netbanking,bank_decline,18,6,0,1,5,1,1
PAY08672,CUST0934,25407,wallet,expired_card,19,2,71,0,16,1,1
PAY08673,CUST0313,4929,upi,authentication_failed,13,3,44,1,6,0,1
PAY08674,CUST0953,16066,card,network_timeout,22,2,87,1,23,0,1
PAY08675,CUST1790,47333,netbanking,expired_card,9,7,67,0,18,0,0
PAY08676,CUST1144,38020,wallet,technical_error,22,1,2,0,1,0,1
PAY08677,CUST0925,31208,card,bank_decline,2,8,42,0,5,1,0
PAY08678,CUST1634,28875,card,bank_decline,8,4,0,0,0,1,1
PAY08679,CUST1971,28943,wallet,authentication_failed,20,1,37,0,12,0,1
PAY08680,CUST1605,1552,card,expired_card,9,2,71,1,6,1,1
PAY08681,CUST2001,18501,card,technical_error,16,5,13,1,9,1,1
PAY08682,CUST1217,19111,card,insufficient_balance,24,8,69,0,10,0,0
PAY08683,CUST2945,16182,netbanking,expired_card,4,6,29,1,6,0,0
PAY08684,CUST2193,3970,wallet,network_timeout,15,7,79,0,9,0,1
PAY08685,CUST2189,45555,card,network_timeout,0,6,27,0,0,1,0
PAY08686,CUST2442,41539,netbanking,network_timeout,14,6,15,1,0,1,1
PAY08687,CUST2108,28214,wallet,network_timeout,27,6,76,0,15,0,1
PAY08688,CUST0924,36561,upi,network_timeout,1,2,6,0,19,0,1
PAY08689,CUST0478,18374,upi,network_timeout,21,6,71,1,0,1,1
PAY08690,CUST1896,40868,upi,technical_error,16,3,85,1,8,1,1
PAY08691,CUST2466,831,wallet,authentication_failed,3,0,78,1,1,0,1
PAY08692,CUST0959,34167,upi,insufficient_balance,21,3,70,0,5,0,1
PAY08693,CUST1532,13986,wallet,expired_card,10,7,17,1,22,0,0
PAY08694,CUST1365,40220,upi,authentication_failed,10,0,83,0,17,1,1
PAY08695,CUST0622,3134,wallet,technical_error,12,5,56,1,12,1,1
PAY08696,CUST2981,30587,wallet,network_timeout,6,0,65,1,16,0,1
PAY08697,CUST2470,32634,upi,network_timeout,29,0,50,1,6,0,0
PAY08698,CUST2529,22028,wallet,technical_error,18,8,48,1,14,1,1
PAY08699,CUST2054,38508,upi,bank_decline,14,0,55,0,18,1,1
PAY08700,CUST1467,638,card,insufficient_balance,16,1,38,0,8,0,1
PAY08701,CUST2287,35547,card,network_timeout,11,3,8,1,0,0,0
PAY08702,CUST1477,45556,upi,expired_card,21,3,38,1,20,1,0
PAY08703,CUST0754,21754,netbanking,bank_decline,2,4,8,1,16,1,0
PAY08704,CUST0896,29673,wallet,network_timeout,3,8,25,0,11,1,0
PAY08705,CUST2783,37502,card,authentication_failed,12,5,89,0,20,1,1
PAY08706,CUST0613,17207,wallet,technical_error,6,6,6,1,22,0,1
PAY08707,CUST1344,37634,card,expired_card,23,0,8,0,18,1,0
PAY08708,CUST2978,36805,card,authentication_failed,23,8,37,0,22,0,0
PAY08709,CUST1145,20253,netbanking,bank_decline,22,4,29,1,20,0,1
PAY08710,CUST1291,38824,netbanking,authentication_failed,2,2,19,1,18,1,0
PAY08711,CUST0584,38390,upi,authentication_failed,23,8,20,0,1,1,1
PAY08712,CUST0632,35397,wallet,technical_error,25,5,17,0,21,0,1
PAY08713,CUST0163,46201,wallet,insufficient_balance,10,0,9,0,5,1,1
PAY08714,CUST1891,1592,netbanking,expired_card,25,1,33,0,4,1,1
PAY08715,CUST0858,1299,upi,expired_card,19,5,64,1,10,1,0
PAY08716,CUST0856,39028,upi,technical_error,15,4,21,1,0,1,1
PAY08717,CUST1454,3012,upi,authentication_failed,12,2,47,0,8,0,1
PAY08718,CUST1298,14368,netbanking,technical_error,25,5,52,0,14,0,1
PAY08719,CUST0060,30983,card,insufficient_balance,13,7,79,0,15,0,0
PAY08720,CUST1593,14524,card,network_timeout,11,2,60,1,6,1,1
PAY08721,CUST1159,47128,card,network_timeout,17,4,35,1,17,0,1
PAY08722,CUST1464,9939,card,technical_error,27,4,37,0,18,0,1
PAY08723,CUST0251,11107,netbanking,expired_card,29,8,58,0,10,1,0
PAY08724,CUST0816,7268,upi,network_timeout,5,2,3,0,14,0,1
PAY08725,CUST2580,22786,netbanking,network_timeout,27,5,81,0,6,1,0
PAY08726,CUST0001,6386,wallet,expired_card,25,7,69,1,21,0,1
PAY08727,CUST2910,27385,card,technical_error,28,3,25,1,2,1,1
PAY08728,CUST1447,33246,netbanking,network_timeout,0,2,90,0,23,1,1
PAY08729,CUST1642,21241,netbanking,technical_error,28,1,72,0,5,0,1
PAY08730,CUST0091,25751,card,expired_card,5,5,3,0,19,0,0
PAY08731,CUST1793,31711,wallet,technical_error,10,0,38,1,20,0,1
PAY08732,CUST0047,26339,upi,insufficient_balance,10,0,9,1,15,1,1
PAY08733,CUST2504,5190,wallet,authentication_failed,9,8,82,0,19,0,0
PAY08734,CUST0816,36992,upi,bank_decline,28,0,89,1,20,1,1
PAY08735,CUST1986,1274,wallet,authentication_failed,24,0,53,1,1,1,1
PAY08736,CUST2020,40516,wallet,expired_card,4,7,26,0,2,0,1
PAY08737,CUST0654,48043,netbanking,technical_error,16,2,17,0,16,1,1
PAY08738,CUST0035,7304,wallet,insufficient_balance,21,4,87,1,8,1,1
PAY08739,CUST0289,26038,wallet,network_timeout,6,7,1,0,8,0,1
PAY08740,CUST2217,43954,netbanking,technical_error,15,8,41,0,3,1,1
PAY08741,CUST2924,3008,upi,authentication_failed,14,4,30,0,19,0,1
PAY08742,CUST2305,6733,wallet,expired_card,8,5,75,1,17,0,1
PAY08743,CUST1681,8920,card,technical_error,21,5,16,1,19,1,1
PAY08744,CUST2050,41641,wallet,network_timeout,14,2,45,0,19,0,1
PAY08745,CUST0779,41806,upi,network_timeout,4,0,53,0,4,0,1
PAY08746,CUST1316,14168,netbanking,expired_card,25,2,71,0,6,1,1
PAY08747,CUST2347,30797,netbanking,bank_decline,29,5,19,0,4,1,0
PAY08748,CUST1543,5724,card,insufficient_balance,17,2,14,0,16,1,1
PAY08749,CUST0710,588,netbanking,network_timeout,21,2,47,1,2,0,1
PAY08750,CUST0193,37051,wallet,insufficient_balance,19,4,23,1,9,1,1
PAY08751,CUST2013,1184,wallet,network_timeout,6,4,43,1,5,0,1
PAY08752,CUST1459,23648,netbanking,insufficient_balance,15,4,19,0,12,0,1
PAY08753,CUST2393,23479,wallet,expired_card,26,4,14,0,8,1,1
PAY08754,CUST1083,37747,card,bank_decline,10,4,63,0,19,0,0
PAY08755,CUST1232,3774,wallet,bank_decline,12,1,84,0,16,1,0
PAY08756,CUST0236,974,wallet,expired_card,19,8,77,0,0,1,1
PAY08757,CUST0375,36171,card,insufficient_balance,27,0,24,0,11,1,1
PAY08758,CUST1770,30551,wallet,expired_card,5,1,52,0,11,0,1
PAY08759,CUST2564,16917,netbanking,expired_card,24,5,3,1,13,1,1
PAY08760,CUST1256,30016,card,expired_card,25,5,79,0,19,1,1
PAY08761,CUST2012,23861,card,expired_card,4,5,64,0,15,1,0
PAY08762,CUST0595,10498,card,insufficient_balance,0,3,60,0,13,0,0
PAY08763,CUST0046,7057,netbanking,expired_card,5,3,22,0,4,0,0
PAY08764,CUST1181,8864,card,expired_card,24,1,62,0,22,1,0
PAY08765,CUST0900,33591,netbanking,insufficient_balance,0,7,9,1,13,1,0
PAY08766,CUST0048,39856,card,insufficient_balance,22,5,14,1,19,0,0
PAY08767,CUST2680,13750,upi,insufficient_balance,3,3,72,0,12,0,0
PAY08768,CUST1458,45820,wallet,insufficient_balance,23,0,86,1,6,0,1
PAY08769,CUST0292,23772,wallet,bank_decline,27,6,87,0,7,1,0
PAY08770,CUST1471,34962,upi,bank_decline,7,0,12,1,2,0,1
PAY08771,CUST0774,2355,upi,technical_error,14,4,20,1,6,1,1
PAY08772,CUST0032,48074,netbanking,expired_card,24,7,45,1,2,1,0
PAY08773,CUST2713,26448,upi,insufficient_balance,5,1,89,0,5,0,1
PAY08774,CUST2493,4564,card,bank_decline,15,0,10,0,15,1,1
PAY08775,CUST2648,7679,wallet,technical_error,10,6,63,1,20,1,0
PAY08776,CUST1626,28729,card,insufficient_balance,2,7,62,1,23,1,0
PAY08777,CUST1273,7201,netbanking,bank_decline,11,7,36,0,15,1,1
PAY08778,CUST2458,34697,upi,expired_card,30,8,9,0,4,0,0
PAY08779,CUST2072,1025,card,insufficient_balance,19,5,45,1,21,1,0
PAY08780,CUST1298,29423,upi,expired_card,5,6,33,0,14,0,0
PAY08781,CUST2859,47273,netbanking,authentication_failed,29,1,25,0,1,1,1
PAY08782,CUST1767,47603,netbanking,insufficient_balance,15,4,7,1,11,1,0
PAY08783,CUST1030,21134,netbanking,insufficient_balance,2,2,73,0,7,0,1
PAY08784,CUST1730,21012,card,insufficient_balance,24,4,57,0,18,0,1
PAY08785,CUST1661,14786,upi,bank_decline,1,0,76,1,3,0,0
PAY08786,CUST0895,44848,card,authentication_failed,25,2,18,0,14,1,1
PAY08787,CUST0405,23111,netbanking,insufficient_balance,11,1,11,1,22,1,1
PAY08788,CUST0743,10412,upi,network_timeout,17,5,64,0,2,0,1
PAY08789,CUST0702,40935,wallet,expired_card,15,0,25,1,0,1,1
PAY08790,CUST0481,47896,card,expired_card,26,8,47,1,7,1,1
PAY08791,CUST0595,41943,wallet,authentication_failed,8,8,13,1,6,0,1
PAY08792,CUST1962,47600,netbanking,insufficient_balance,18,7,55,1,5,1,1
PAY08793,CUST2684,49317,wallet,technical_error,10,1,75,0,12,0,1
PAY08794,CUST1997,45341,netbanking,authentication_failed,17,6,76,0,14,1,1
PAY08795,CUST0659,43191,card,authentication_failed,1,3,79,0,12,0,0
PAY08796,CUST0170,9142,card,network_timeout,28,1,12,1,1,1,1
PAY08797,CUST0084,19086,wallet,technical_error,20,7,29,1,9,0,1
PAY08798,CUST1531,8991,card,authentication_failed,21,7,0,0,1,1,0
PAY08799,CUST0992,37134,wallet,network_timeout,20,1,53,0,3,1,1
PAY08800,CUST0532,38036,netbanking,technical_error,30,1,6,1,15,0,1
PAY08801,CUST2384,26024,wallet,bank_decline,15,4,8,1,12,0,0
PAY08802,CUST1660,17564,netbanking,technical_error,21,8,69,1,20,1,1
PAY08803,CUST1089,43730,upi,expired_card,10,0,34,1,9,1,1
PAY08804,CUST0910,33003,wallet,technical_error,23,4,40,0,5,1,0
PAY08805,CUST1352,11733,wallet,bank_decline,13,7,30,0,10,1,0
PAY08806,CUST0705,20810,netbanking,network_timeout,22,7,69,0,5,0,0
PAY08807,CUST0323,10016,wallet,technical_error,30,1,70,1,16,1,1
PAY08808,CUST0098,25715,upi,expired_card,10,8,86,1,13,1,1
PAY08809,CUST1986,4253,card,expired_card,11,6,64,0,13,0,0
PAY08810,CUST1240,11672,netbanking,insufficient_balance,6,5,78,0,16,1,1
PAY08811,CUST0048,1177,netbanking,insufficient_balance,11,1,26,1,5,1,1
PAY08812,CUST0721,21562,wallet,network_timeout,16,2,12,0,20,1,1
PAY08813,CUST0043,46574,netbanking,authentication_failed,16,7,33,0,13,0,1
PAY08814,CUST1422,41525,netbanking,bank_decline,3,2,8,1,4,1,1
PAY08815,CUST1533,29903,upi,insufficient_balance,28,2,4,0,13,0,1
PAY08816,CUST0463,42378,upi,bank_decline,17,5,19,1,9,0,0
PAY08817,CUST0692,47176,upi,insufficient_balance,20,5,20,0,10,1,1
PAY08818,CUST2792,24588,wallet,insufficient_balance,25,8,27,1,12,0,1
PAY08819,CUST1845,19001,card,bank_decline,23,8,15,1,10,1,0
PAY08820,CUST1785,6779,upi,technical_error,13,0,85,1,15,1,1
PAY08821,CUST0477,41631,card,expired_card,5,4,17,1,17,1,1
PAY08822,CUST1612,24628,upi,insufficient_balance,7,5,61,0,14,1,0
PAY08823,CUST2241,46815,netbanking,insufficient_balance,16,4,75,1,0,1,1
PAY08824,CUST1853,30549,upi,bank_decline,19,7,19,0,19,0,0
PAY08825,CUST2038,30052,card,expired_card,0,0,87,1,12,1,0
PAY08826,CUST0216,34684,wallet,technical_error,17,1,60,0,13,0,1
PAY08827,CUST2085,34506,netbanking,bank_decline,23,5,19,1,11,0,0
PAY08828,CUST0469,25694,netbanking,insufficient_balance,20,0,88,0,3,0,1
PAY08829,CUST2152,11166,netbanking,expired_card,20,8,83,1,4,0,0
PAY08830,CUST2998,5456,upi,network_timeout,30,5,73,1,13,0,1
PAY08831,CUST0772,16305,card,authentication_failed,15,8,32,0,14,1,0
PAY08832,CUST2430,3050,card,bank_decline,14,0,48,0,22,1,1
PAY08833,CUST0938,12984,wallet,network_timeout,21,1,76,0,12,0,1
PAY08834,CUST2471,48473,wallet,authentication_failed,10,1,33,0,13,1,1
PAY08835,CUST1761,12148,wallet,authentication_failed,22,0,44,1,22,1,0
PAY08836,CUST0738,4991,card,technical_error,5,6,60,0,5,1,1
PAY08837,CUST2200,18107,card,expired_card,25,7,53,0,16,0,0
PAY08838,CUST0111,28790,upi,expired_card,28,4,53,0,0,1,0
PAY08839,CUST2381,30257,netbanking,network_timeout,20,7,55,1,12,1,0
PAY08840,CUST1058,49667,upi,expired_card,25,5,73,0,7,1,1
PAY08841,CUST2181,33120,wallet,technical_error,10,4,52,0,0,0,1
PAY08842,CUST0726,1069,wallet,bank_decline,8,6,46,0,2,1,1
PAY08843,CUST2725,24598,netbanking,technical_error,13,2,87,1,8,0,1
PAY08844,CUST0886,15287,netbanking,authentication_failed,3,2,69,0,9,0,0
PAY08845,CUST2609,30942,card,insufficient_balance,14,5,23,1,19,1,1
PAY08846,CUST2100,24638,wallet,expired_card,7,1,48,0,6,1,0
PAY08847,CUST1556,36199,upi,insufficient_balance,4,7,50,1,2,1,1
PAY08848,CUST0892,40901,netbanking,technical_error,3,1,58,0,4,1,1
PAY08849,CUST0482,11533,netbanking,bank_decline,9,8,15,1,6,0,0
PAY08850,CUST1261,28474,card,authentication_failed,12,3,77,0,20,0,1
PAY08851,CUST2157,21781,netbanking,expired_card,5,0,50,0,19,0,0
PAY08852,CUST2500,41077,wallet,network_timeout,1,7,70,1,18,0,1
PAY08853,CUST1388,530,wallet,network_timeout,28,7,58,0,6,0,1
PAY08854,CUST0130,29982,netbanking,network_timeout,3,3,38,1,10,1,1
PAY08855,CUST2422,27547,card,network_timeout,7,2,7,0,5,1,1
PAY08856,CUST0013,6592,wallet,insufficient_balance,21,2,71,0,10,1,1
PAY08857,CUST2853,20303,upi,network_timeout,4,4,81,1,15,1,1
PAY08858,CUST0039,45963,card,technical_error,9,0,38,0,14,0,1
PAY08859,CUST1167,4691,card,technical_error,11,8,59,0,13,0,1
PAY08860,CUST1689,45837,upi,expired_card,1,5,10,0,1,0,0
PAY08861,CUST1432,30432,upi,insufficient_balance,18,5,26,0,14,0,1
PAY08862,CUST2080,11271,upi,insufficient_balance,26,1,52,1,3,1,1
PAY08863,CUST0562,39276,wallet,authentication_failed,28,8,8,1,10,1,0
PAY08864,CUST2277,6225,netbanking,expired_card,26,2,83,0,7,1,1
PAY08865,CUST0638,43751,card,expired_card,12,0,18,0,21,0,1
PAY08866,CUST1233,32591,netbanking,bank_decline,30,8,61,0,15,0,0
PAY08867,CUST2257,23045,netbanking,authentication_failed,2,3,59,0,6,1,0
PAY08868,CUST2911,48365,wallet,technical_error,14,8,2,1,16,1,1
PAY08869,CUST0411,30112,wallet,bank_decline,19,3,78,0,13,0,1
PAY08870,CUST2340,19822,netbanking,bank_decline,5,0,16,0,6,1,1
PAY08871,CUST0670,8051,card,expired_card,17,1,15,1,13,0,0
PAY08872,CUST0993,35088,upi,insufficient_balance,2,3,67,1,6,1,1
PAY08873,CUST2355,8990,upi,expired_card,22,2,35,0,15,0,1
PAY08874,CUST0182,18370,card,bank_decline,12,2,71,1,22,0,1
PAY08875,CUST0027,16482,card,network_timeout,13,4,5,1,0,0,0
PAY08876,CUST2514,45909,wallet,authentication_failed,12,2,14,0,16,0,1
PAY08877,CUST1789,40279,card,expired_card,7,8,75,0,3,1,0
PAY08878,CUST2650,33691,upi,network_timeout,19,1,21,0,12,0,1
PAY08879,CUST1040,18931,card,technical_error,10,0,8,1,13,1,1
PAY08880,CUST2742,5281,netbanking,network_timeout,19,5,63,1,12,0,1
PAY08881,CUST0304,42531,upi,expired_card,7,1,43,0,5,0,1
PAY08882,CUST0385,17086,upi,technical_error,4,8,82,0,5,0,0
PAY08883,CUST1504,46244,wallet,insufficient_balance,8,7,21,1,5,1,1
PAY08884,CUST1822,6925,upi,technical_error,3,6,40,0,14,1,0
PAY08885,CUST0816,458,wallet,authentication_failed,4,4,1,0,12,1,1
PAY08886,CUST2151,49312,card,network_timeout,28,2,85,1,21,1,1
PAY08887,CUST0038,28378,netbanking,authentication_failed,30,6,85,1,13,1,0
PAY08888,CUST0265,32342,upi,bank_decline,23,7,90,1,7,0,1
PAY08889,CUST2368,7501,upi,insufficient_balance,20,6,41,1,13,1,1
PAY08890,CUST1059,7209,netbanking,technical_error,6,0,3,0,23,1,1
PAY08891,CUST2527,175,upi,technical_error,5,4,1,0,1,0,1
PAY08892,CUST0566,44223,upi,expired_card,6,6,34,1,11,1,1
PAY08893,CUST1740,13232,card,technical_error,25,0,48,1,18,1,0
PAY08894,CUST2251,3578,netbanking,technical_error,8,0,50,1,9,1,1
PAY08895,CUST1672,24270,card,expired_card,14,1,62,0,22,0,1
PAY08896,CUST0207,928,upi,technical_error,16,3,35,0,17,1,1
PAY08897,CUST1216,21837,netbanking,network_timeout,15,4,82,0,19,0,1
PAY08898,CUST2232,1427,upi,authentication_failed,15,4,34,0,1,0,1
PAY08899,CUST0266,340,netbanking,bank_decline,16,7,60,0,7,1,0
PAY08900,CUST1055,40027,wallet,expired_card,9,2,85,0,3,1,0
PAY08901,CUST2386,26749,upi,authentication_failed,16,6,72,1,18,1,1
PAY08902,CUST2379,15432,netbanking,technical_error,27,5,79,1,6,1,0
PAY08903,CUST1941,8307,upi,authentication_failed,6,1,40,0,21,1,0
PAY08904,CUST0137,23703,wallet,technical_error,9,8,8,1,14,1,0
PAY08905,CUST2172,7934,card,network_timeout,2,5,39,1,14,1,1
PAY08906,CUST0261,11870,netbanking,expired_card,15,3,61,1,16,0,0
PAY08907,CUST2884,3836,upi,network_timeout,25,3,21,1,20,0,1
PAY08908,CUST1810,34337,wallet,authentication_failed,2,7,67,0,4,0,0
PAY08909,CUST1529,43707,card,technical_error,22,1,47,1,14,0,1
PAY08910,CUST0651,11748,upi,insufficient_balance,7,2,51,0,2,1,0
PAY08911,CUST1471,18853,upi,bank_decline,19,8,66,0,5,0,1
PAY08912,CUST2515,37751,card,insufficient_balance,8,2,26,1,17,0,1
PAY08913,CUST2680,40792,card,authentication_failed,13,1,90,1,10,1,0
PAY08914,CUST2849,46189,wallet,insufficient_balance,14,8,44,1,6,0,1
PAY08915,CUST0549,46446,upi,authentication_failed,23,4,71,1,15,1,1
PAY08916,CUST0326,17706,wallet,bank_decline,7,3,82,0,19,0,0
PAY08917,CUST0501,16010,wallet,network_timeout,3,8,27,0,15,1,0
PAY08918,CUST0046,12790,card,bank_decline,18,4,81,1,8,0,0
PAY08919,CUST1067,5729,card,expired_card,27,7,83,1,21,1,0
PAY08920,CUST0341,24597,card,insufficient_balance,3,8,51,1,10,0,1
PAY08921,CUST0353,37791,netbanking,network_timeout,11,1,60,1,7,1,1
PAY08922,CUST0363,36264,card,technical_error,11,4,1,0,1,0,1
PAY08923,CUST0588,23606,upi,expired_card,10,5,75,1,6,1,0
PAY08924,CUST0742,824,netbanking,bank_decline,0,0,81,1,22,1,0
PAY08925,CUST0574,246,upi,insufficient_balance,27,5,72,1,7,1,1
PAY08926,CUST1900,3201,wallet,network_timeout,1,6,90,0,3,0,1
PAY08927,CUST2881,15343,card,insufficient_balance,4,2,27,0,7,1,1
PAY08928,CUST2907,20074,upi,insufficient_balance,22,7,33,1,6,1,1
PAY08929,CUST2875,22052,wallet,network_timeout,25,2,49,1,22,1,1
PAY08930,CUST0409,11384,card,bank_decline,7,8,21,1,10,1,1
PAY08931,CUST0765,11089,upi,technical_error,20,7,18,1,22,1,1
PAY08932,CUST0893,37596,wallet,authentication_failed,23,0,76,1,22,0,1
PAY08933,CUST1879,38266,upi,technical_error,27,1,0,1,3,1,1
PAY08934,CUST2581,2121,wallet,network_timeout,20,0,67,0,13,1,1
PAY08935,CUST0820,45405,netbanking,technical_error,22,8,46,0,11,0,1
PAY08936,CUST2562,10250,card,authentication_failed,19,2,71,0,20,1,1
PAY08937,CUST0974,17937,upi,authentication_failed,8,5,1,0,10,0,1
PAY08938,CUST2936,47840,card,network_timeout,23,6,33,1,3,1,0
PAY08939,CUST1831,43224,wallet,technical_error,18,3,86,0,8,1,1
PAY08940,CUST2904,40852,wallet,authentication_failed,8,2,66,1,6,1,1
PAY08941,CUST2085,810,card,insufficient_balance,22,6,48,0,1,0,1
PAY08942,CUST1312,20502,wallet,bank_decline,8,2,36,1,9,0,1
PAY08943,CUST2304,11786,card,technical_error,28,3,19,1,11,0,0
PAY08944,CUST0649,24707,wallet,authentication_failed,30,1,61,0,14,0,0
PAY08945,CUST2481,30153,upi,network_timeout,7,6,78,0,17,1,1
PAY08946,CUST1754,1365,upi,insufficient_balance,18,6,29,0,13,1,0
PAY08947,CUST0197,7779,upi,expired_card,26,0,37,0,23,0,0
PAY08948,CUST1279,6445,wallet,bank_decline,0,7,14,0,15,1,1
PAY08949,CUST1968,40957,upi,technical_error,12,4,2,1,14,0,1
PAY08950,CUST1113,10024,card,authentication_failed,17,6,51,1,15,1,0
PAY08951,CUST0773,23942,netbanking,insufficient_balance,0,1,19,0,12,1,1
PAY08952,CUST0483,21359,upi,authentication_failed,10,4,25,0,16,1,0
PAY08953,CUST0053,42453,netbanking,network_timeout,19,8,20,0,2,1,1
PAY08954,CUST0569,47505,netbanking,technical_error,27,3,22,0,8,0,1
PAY08955,CUST2894,34214,netbanking,authentication_failed,0,7,37,0,16,0,0
PAY08956,CUST1086,5340,wallet,insufficient_balance,28,3,18,1,20,0,1
PAY08957,CUST2089,32847,netbanking,expired_card,30,0,17,0,6,0,1
PAY08958,CUST0558,10051,wallet,bank_decline,27,0,26,0,3,0,0
PAY08959,CUST1683,21520,card,bank_decline,8,3,80,1,10,0,1
PAY08960,CUST0569,40296,wallet,bank_decline,22,3,14,0,10,0,1
PAY08961,CUST0035,40330,wallet,bank_decline,18,0,84,1,12,0,1
PAY08962,CUST1295,1612,wallet,bank_decline,7,1,70,1,19,0,1
PAY08963,CUST1917,30208,netbanking,insufficient_balance,6,5,76,1,20,0,1
PAY08964,CUST2335,20750,upi,insufficient_balance,29,2,82,1,21,0,1
PAY08965,CUST0808,47260,netbanking,network_timeout,12,8,37,1,7,0,1
PAY08966,CUST2996,34017,card,insufficient_balance,10,4,63,0,21,0,1
PAY08967,CUST1939,35730,card,bank_decline,12,4,39,1,20,1,0
PAY08968,CUST1978,35946,wallet,technical_error,19,2,50,1,22,1,1
PAY08969,CUST0452,9762,wallet,network_timeout,23,1,13,0,13,0,1
PAY08970,CUST1620,14935,wallet,network_timeout,25,5,43,1,11,1,1
PAY08971,CUST2912,22172,card,expired_card,8,1,35,0,7,1,1
PAY08972,CUST0312,20150,netbanking,network_timeout,19,4,15,0,20,0,1
PAY08973,CUST0637,23363,card,expired_card,22,0,10,0,3,0,1
PAY08974,CUST2364,1729,netbanking,network_timeout,21,4,39,0,21,0,1
PAY08975,CUST1719,20091,netbanking,technical_error,22,0,83,0,1,1,1
PAY08976,CUST2869,14942,netbanking,expired_card,3,7,18,1,6,1,0
PAY08977,CUST2904,17974,netbanking,expired_card,13,5,70,0,9,1,1
PAY08978,CUST1711,36617,upi,authentication_failed,23,5,68,1,11,1,0
PAY08979,CUST0545,9866,card,expired_card,1,1,87,0,12,0,0
PAY08980,CUST0092,9272,wallet,technical_error,9,6,60,1,15,1,1
PAY08981,CUST0498,38379,upi,network_timeout,4,7,51,0,14,1,1
PAY08982,CUST1399,22852,netbanking,authentication_failed,24,7,79,1,23,0,0
PAY08983,CUST0425,44666,upi,bank_decline,12,7,11,0,12,0,0
PAY08984,CUST1468,13392,netbanking,insufficient_balance,4,3,71,1,5,0,1
PAY08985,CUST2197,31316,upi,authentication_failed,23,7,43,0,20,1,0
PAY08986,CUST2600,8692,wallet,expired_card,30,1,27,0,10,1,0
PAY08987,CUST0585,1622,wallet,network_timeout,6,8,73,1,15,1,1
PAY08988,CUST2743,36399,netbanking,expired_card,20,0,56,1,11,0,0
PAY08989,CUST2520,14004,netbanking,network_timeout,3,2,27,1,9,1,1
PAY08990,CUST2839,11965,netbanking,network_timeout,12,6,58,0,23,0,1
PAY08991,CUST1628,49866,netbanking,bank_decline,9,0,43,1,22,0,1
PAY08992,CUST0917,31279,netbanking,network_timeout,3,6,0,1,11,1,1
PAY08993,CUST0178,18294,wallet,technical_error,27,7,85,0,4,0,1
PAY08994,CUST1965,47924,upi,technical_error,15,3,46,1,12,1,1
PAY08995,CUST1778,16695,upi,technical_error,13,5,27,0,19,1,1
PAY08996,CUST1163,30997,card,bank_decline,22,7,32,0,13,1,0
PAY08997,CUST1999,18629,netbanking,technical_error,18,6,15,1,3,1,1
PAY08998,CUST0059,1238,card,expired_card,9,3,46,0,10,0,1
PAY08999,CUST0008,3195,wallet,authentication_failed,26,7,4,1,20,1,1
PAY09000,CUST0101,16244,netbanking,expired_card,7,0,4,1,20,0,0
PAY09001,CUST1151,5844,netbanking,insufficient_balance,15,4,84,0,23,0,0
PAY09002,CUST0580,35320,card,insufficient_balance,6,0,77,1,7,0,1
PAY09003,CUST0491,49559,card,technical_error,15,5,24,1,9,0,1
PAY09004,CUST0713,47620,wallet,network_timeout,0,2,54,1,8,1,1
PAY09005,CUST2801,49407,wallet,network_timeout,26,8,72,1,4,0,1
PAY09006,CUST1569,9962,netbanking,technical_error,17,7,64,0,21,0,1
PAY09007,CUST0659,49283,upi,expired_card,6,6,44,1,4,0,0
PAY09008,CUST0090,20654,upi,technical_error,9,8,7,0,0,0,0
PAY09009,CUST1446,6811,netbanking,bank_decline,24,1,50,0,19,1,1
PAY09010,CUST2928,19609,wallet,bank_decline,4,3,76,0,21,1,0
PAY09011,CUST1245,7065,netbanking,authentication_failed,1,7,8,0,6,0,0
PAY09012,CUST2678,44004,netbanking,network_timeout,8,6,31,1,9,1,1
PAY09013,CUST1638,24190,netbanking,technical_error,22,8,41,1,22,1,1
PAY09014,CUST1676,11778,card,bank_decline,18,3,90,1,16,1,1
PAY09015,CUST1985,13988,wallet,network_timeout,29,2,13,1,12,0,1
PAY09016,CUST1960,17122,upi,insufficient_balance,25,6,38,0,15,0,1
PAY09017,CUST2754,12242,netbanking,expired_card,3,4,44,1,0,0,0
PAY09018,CUST2223,11992,card,technical_error,2,0,13,0,5,1,0
PAY09019,CUST1005,38293,card,network_timeout,21,1,77,0,14,0,1
PAY09020,CUST2325,17935,upi,expired_card,0,3,76,0,13,0,1
PAY09021,CUST1854,43119,wallet,network_timeout,28,8,59,0,19,1,1
PAY09022,CUST0196,12519,netbanking,expired_card,1,5,69,0,21,0,1
PAY09023,CUST0703,16497,netbanking,bank_decline,21,4,80,0,19,1,0
PAY09024,CUST1190,11939,upi,expired_card,15,7,75,0,0,1,0
PAY09025,CUST2637,8690,card,expired_card,10,3,65,0,6,0,1
PAY09026,CUST0691,6036,upi,authentication_failed,28,0,8,0,17,1,1
PAY09027,CUST2608,33779,upi,insufficient_balance,12,7,22,0,10,1,0
PAY09028,CUST0412,4287,netbanking,insufficient_balance,13,1,36,1,10,1,1
PAY09029,CUST0565,38535,wallet,technical_error,17,2,31,1,10,0,0
PAY09030,CUST0290,34955,netbanking,expired_card,27,4,90,1,19,0,1
PAY09031,CUST1225,33821,upi,expired_card,12,3,36,1,3,1,1
PAY09032,CUST2266,42305,card,network_timeout,27,7,58,0,1,1,0
PAY09033,CUST2434,25817,netbanking,expired_card,1,6,46,0,1,0,0
PAY09034,CUST0809,24340,wallet,authentication_failed,9,1,38,0,15,1,0
PAY09035,CUST0451,16630,upi,network_timeout,22,0,40,1,7,1,1
PAY09036,CUST0352,12635,wallet,network_timeout,16,3,90,1,18,1,1
PAY09037,CUST2869,38202,upi,insufficient_balance,19,1,7,0,14,1,1
PAY09038,CUST2220,24448,netbanking,technical_error,25,1,86,0,16,0,1
PAY09039,CUST0483,30381,wallet,technical_error,26,6,7,0,17,0,0
PAY09040,CUST1072,32278,wallet,insufficient_balance,13,4,54,0,23,1,1
PAY09041,CUST0488,21851,card,network_timeout,17,6,2,1,0,0,1
PAY09042,CUST1340,2341,card,authentication_failed,15,8,51,0,3,1,0
PAY09043,CUST0089,45005,wallet,bank_decline,14,0,29,1,21,1,0
PAY09044,CUST0085,2335,upi,bank_decline,6,7,38,1,9,1,0
PAY09045,CUST0622,8997,netbanking,network_timeout,20,7,33,1,13,0,1
PAY09046,CUST0384,37030,upi,authentication_failed,17,3,87,1,18,0,1
PAY09047,CUST0056,5012,wallet,technical_error,25,4,72,1,1,1,1
PAY09048,CUST0271,38765,upi,expired_card,15,5,15,0,14,0,0
PAY09049,CUST1035,19475,card,insufficient_balance,9,2,68,1,10,1,0
PAY09050,CUST1811,13299,card,authentication_failed,3,0,15,1,12,1,1
PAY09051,CUST0010,12046,wallet,technical_error,2,2,53,0,11,1,0
PAY09052,CUST0151,40727,netbanking,bank_decline,19,1,0,0,18,0,1
PAY09053,CUST1222,36766,card,network_timeout,1,3,24,1,20,1,1
PAY09054,CUST0861,37725,upi,network_timeout,20,7,39,0,4,0,1
PAY09055,CUST1776,23824,card,network_timeout,11,7,72,0,6,1,1
PAY09056,CUST2764,29181,netbanking,insufficient_balance,26,7,77,0,17,0,0
PAY09057,CUST1599,15852,wallet,authentication_failed,17,2,33,0,15,0,0
PAY09058,CUST2512,32392,card,insufficient_balance,2,1,87,1,23,0,1
PAY09059,CUST1343,3368,netbanking,insufficient_balance,8,2,11,0,5,0,1
PAY09060,CUST2837,35902,upi,technical_error,16,2,75,0,8,1,1
PAY09061,CUST1273,30782,card,authentication_failed,21,5,36,0,6,0,0
PAY09062,CUST0383,10182,netbanking,technical_error,22,5,83,1,6,0,0
PAY09063,CUST2852,18196,netbanking,authentication_failed,6,2,22,0,14,0,0
PAY09064,CUST0101,21748,card,technical_error,18,8,88,1,23,0,1
PAY09065,CUST2215,45183,card,bank_decline,20,7,20,0,6,1,0
PAY09066,CUST2396,16126,netbanking,network_timeout,23,0,59,0,16,1,1
PAY09067,CUST0258,20896,upi,expired_card,20,3,46,1,15,1,1
PAY09068,CUST0293,22700,netbanking,authentication_failed,0,4,53,0,14,1,0
PAY09069,CUST1505,21015,wallet,insufficient_balance,25,7,71,0,3,1,1
PAY09070,CUST0399,47186,netbanking,network_timeout,7,0,0,1,6,1,1
PAY09071,CUST0146,38901,wallet,network_timeout,5,2,48,0,21,0,0
PAY09072,CUST1587,7318,card,expired_card,14,7,56,1,9,0,1
PAY09073,CUST0826,30728,netbanking,network_timeout,14,0,82,1,14,1,1
PAY09074,CUST1427,10360,upi,network_timeout,24,3,26,1,20,0,1
PAY09075,CUST0432,11780,upi,insufficient_balance,18,0,6,0,3,0,1
PAY09076,CUST1092,40371,upi,expired_card,3,5,87,0,4,0,1
PAY09077,CUST0684,5594,netbanking,network_timeout,3,0,70,0,22,1,0
PAY09078,CUST0202,25520,wallet,expired_card,19,3,43,1,3,1,0
PAY09079,CUST0240,1698,card,expired_card,21,5,16,1,0,1,0
PAY09080,CUST2195,38941,upi,network_timeout,15,4,33,1,23,0,1
PAY09081,CUST1970,16582,netbanking,insufficient_balance,4,4,77,1,21,1,1
PAY09082,CUST1635,15119,card,bank_decline,0,0,57,1,18,1,1
PAY09083,CUST0338,45515,wallet,expired_card,21,8,59,0,23,0,0
PAY09084,CUST1427,8359,netbanking,network_timeout,24,6,31,1,9,0,0
PAY09085,CUST2600,46644,wallet,bank_decline,16,5,28,0,8,1,0
PAY09086,CUST1286,25507,wallet,expired_card,20,8,87,0,17,1,0
PAY09087,CUST0999,9010,netbanking,authentication_failed,6,3,40,0,17,1,1
PAY09088,CUST0368,7645,upi,bank_decline,8,8,83,0,12,0,1
PAY09089,CUST1723,48933,netbanking,insufficient_balance,29,0,43,1,21,1,1
PAY09090,CUST0029,21956,upi,insufficient_balance,28,1,73,1,8,1,1
PAY09091,CUST1535,25934,upi,authentication_failed,16,2,47,1,19,0,1
PAY09092,CUST0645,34564,wallet,authentication_failed,12,1,89,1,22,1,1
PAY09093,CUST2201,6238,upi,technical_error,18,1,2,0,20,0,1
PAY09094,CUST2232,32830,netbanking,network_timeout,5,8,75,0,13,1,0
PAY09095,CUST2641,47570,card,network_timeout,23,3,8,0,17,1,1
PAY09096,CUST1871,36565,upi,expired_card,16,4,18,0,0,1,0
PAY09097,CUST1457,8365,card,bank_decline,15,4,66,1,1,0,1
PAY09098,CUST1449,49297,wallet,insufficient_balance,15,8,11,0,22,1,1
PAY09099,CUST2411,3580,wallet,insufficient_balance,27,7,31,0,20,1,0
PAY09100,CUST1527,32357,wallet,technical_error,28,7,34,1,23,0,1
PAY09101,CUST2140,23745,upi,insufficient_balance,16,6,11,0,14,0,0
PAY09102,CUST1674,524,wallet,expired_card,15,6,65,0,22,1,1
PAY09103,CUST1928,9723,upi,expired_card,3,7,64,1,16,0,0
PAY09104,CUST1078,11143,wallet,technical_error,21,2,41,1,14,0,1
PAY09105,CUST2841,19530,card,technical_error,11,4,15,1,15,0,1
PAY09106,CUST1947,28679,upi,bank_decline,18,6,59,0,17,0,0
PAY09107,CUST1474,31927,wallet,expired_card,10,5,8,1,13,1,1
PAY09108,CUST2485,38614,upi,network_timeout,8,3,7,1,7,0,0
PAY09109,CUST0422,35593,upi,network_timeout,27,5,87,0,1,1,1
PAY09110,CUST2723,33617,wallet,expired_card,8,8,26,0,21,0,1
PAY09111,CUST1742,32831,card,technical_error,3,7,36,0,11,0,1
PAY09112,CUST2103,43295,wallet,technical_error,14,5,85,1,12,1,1
PAY09113,CUST0415,29727,netbanking,authentication_failed,4,4,86,0,19,1,0
PAY09114,CUST2866,23078,wallet,network_timeout,30,3,83,0,8,1,1
PAY09115,CUST1065,43715,netbanking,network_timeout,1,4,39,0,17,1,1
PAY09116,CUST2590,3771,card,authentication_failed,24,6,4,0,0,1,0
PAY09117,CUST2688,46704,netbanking,insufficient_balance,24,6,29,1,16,1,1
PAY09118,CUST0339,21230,wallet,expired_card,17,8,60,0,9,0,1
PAY09119,CUST2576,16929,wallet,technical_error,29,3,69,1,2,0,0
PAY09120,CUST1945,1178,wallet,technical_error,15,0,29,0,1,0,1
PAY09121,CUST1146,4440,card,technical_error,4,6,80,0,13,0,1
PAY09122,CUST1592,34661,upi,authentication_failed,23,1,60,1,13,1,1
PAY09123,CUST2638,26268,wallet,network_timeout,24,5,63,1,5,0,1
PAY09124,CUST1410,2263,card,technical_error,1,0,4,0,16,0,0
PAY09125,CUST1714,359,wallet,insufficient_balance,1,1,15,0,12,1,1
PAY09126,CUST0020,49249,card,technical_error,1,4,20,0,4,1,0
PAY09127,CUST2613,27211,upi,authentication_failed,8,5,51,1,10,0,1
PAY09128,CUST2600,41079,netbanking,network_timeout,22,7,75,1,4,1,1
PAY09129,CUST2449,9364,upi,network_timeout,5,1,29,1,4,0,1
PAY09130,CUST1935,27195,netbanking,authentication_failed,27,3,43,0,4,1,0
PAY09131,CUST1721,8113,upi,authentication_failed,26,7,5,0,10,1,0
PAY09132,CUST1968,20156,netbanking,network_timeout,20,6,54,0,3,1,0
PAY09133,CUST2868,21438,netbanking,authentication_failed,20,8,89,1,15,0,1
PAY09134,CUST1747,42078,upi,bank_decline,30,1,63,1,12,0,1
PAY09135,CUST2753,41816,wallet,technical_error,27,1,33,0,11,1,1
PAY09136,CUST2698,2034,card,authentication_failed,9,5,58,0,0,1,0
PAY09137,CUST2763,1170,card,bank_decline,6,3,58,1,18,0,1
PAY09138,CUST0423,41830,upi,technical_error,20,6,89,0,7,0,1
PAY09139,CUST2137,33906,upi,technical_error,10,5,57,0,2,1,1
PAY09140,CUST0118,6475,wallet,network_timeout,21,5,73,1,5,1,1
PAY09141,CUST2840,16459,netbanking,insufficient_balance,27,5,30,1,0,1,1
PAY09142,CUST0637,1986,wallet,expired_card,19,5,83,1,8,0,1
PAY09143,CUST2250,888,netbanking,technical_error,19,2,83,0,3,1,0
PAY09144,CUST1256,38054,wallet,insufficient_balance,0,8,30,1,15,0,0
PAY09145,CUST2692,22310,card,technical_error,29,8,29,0,17,1,0
PAY09146,CUST0999,19883,card,network_timeout,5,6,28,1,9,0,1
PAY09147,CUST1508,19407,netbanking,technical_error,19,7,1,1,10,1,1
PAY09148,CUST1190,23784,upi,technical_error,17,2,19,0,20,1,1
PAY09149,CUST0124,37150,card,bank_decline,1,8,88,1,15,1,0
PAY09150,CUST0871,34583,upi,bank_decline,15,8,19,0,14,1,0
PAY09151,CUST2378,34140,wallet,bank_decline,16,0,59,0,1,1,1
PAY09152,CUST0500,45509,upi,network_timeout,9,6,74,0,18,0,1
PAY09153,CUST0833,41188,wallet,authentication_failed,21,3,33,1,16,1,1
PAY09154,CUST0696,14790,wallet,insufficient_balance,20,6,19,1,23,1,1
PAY09155,CUST2647,38609,card,network_timeout,26,4,47,1,11,1,1
PAY09156,CUST0916,34947,wallet,technical_error,16,0,46,0,22,1,1
PAY09157,CUST1236,20617,card,network_timeout,10,2,37,1,2,1,1
PAY09158,CUST0348,1318,card,network_timeout,24,3,0,0,7,1,1
PAY09159,CUST2703,8859,wallet,expired_card,3,7,81,0,16,1,0
PAY09160,CUST0909,8545,netbanking,technical_error,9,8,63,0,13,0,1
PAY09161,CUST2940,44212,card,insufficient_balance,19,8,38,1,20,1,0
PAY09162,CUST2230,12134,card,expired_card,24,6,80,0,14,0,1
PAY09163,CUST1924,2135,card,technical_error,18,1,26,1,4,0,1
PAY09164,CUST1985,44303,upi,authentication_failed,17,3,51,0,13,1,1
PAY09165,CUST1730,35414,netbanking,expired_card,17,7,74,1,19,0,1
PAY09166,CUST0357,29715,upi,insufficient_balance,29,2,16,0,13,0,1
PAY09167,CUST1142,46460,card,bank_decline,5,7,36,0,10,1,1
PAY09168,CUST1576,37499,upi,insufficient_balance,16,7,33,0,9,0,1
PAY09169,CUST0214,21772,card,insufficient_balance,9,0,74,0,11,0,1
PAY09170,CUST2291,41429,upi,authentication_failed,27,4,44,0,6,1,1
PAY09171,CUST0955,24547,card,technical_error,5,6,72,0,10,0,1
PAY09172,CUST1745,4551,wallet,expired_card,2,5,32,0,16,0,1
PAY09173,CUST2912,11749,wallet,network_timeout,1,2,8,0,13,0,1
PAY09174,CUST0886,39600,upi,insufficient_balance,4,3,75,1,22,1,1
PAY09175,CUST2776,42330,netbanking,expired_card,3,2,18,1,13,0,1
PAY09176,CUST1847,35111,wallet,bank_decline,0,7,89,1,9,1,0
PAY09177,CUST2657,43970,upi,network_timeout,29,7,4,1,15,0,1
PAY09178,CUST0948,42418,netbanking,authentication_failed,18,2,30,0,2,0,0
PAY09179,CUST2242,40769,netbanking,network_timeout,2,8,55,0,11,1,1
PAY09180,CUST0522,13175,card,network_timeout,20,2,48,0,11,1,1
PAY09181,CUST1109,33712,netbanking,bank_decline,12,7,39,1,22,1,0
PAY09182,CUST1402,1679,netbanking,bank_decline,10,1,72,1,7,1,1
PAY09183,CUST0524,22135,netbanking,technical_error,4,5,85,0,17,1,1
PAY09184,CUST0258,5299,netbanking,expired_card,25,4,57,1,23,0,0
PAY09185,CUST2813,19509,wallet,expired_card,6,4,21,1,9,0,0
PAY09186,CUST0618,49915,card,authentication_failed,7,2,53,0,5,1,0
PAY09187,CUST2652,48624,netbanking,technical_error,0,5,58,1,22,1,0
PAY09188,CUST2742,13053,upi,expired_card,5,0,12,1,12,0,1
PAY09189,CUST0349,3495,wallet,bank_decline,6,0,20,1,13,1,0
PAY09190,CUST0999,24001,card,technical_error,26,8,45,1,19,0,0
PAY09191,CUST2695,29138,upi,network_timeout,8,8,51,0,20,0,0
PAY09192,CUST2280,46469,netbanking,expired_card,3,5,13,0,21,0,0
PAY09193,CUST1034,26586,wallet,bank_decline,7,0,64,0,8,0,0
PAY09194,CUST2166,6125,upi,authentication_failed,15,2,63,1,13,0,1
PAY09195,CUST0169,5348,card,network_timeout,11,6,53,0,20,0,0
PAY09196,CUST0267,1827,netbanking,technical_error,11,5,58,0,19,0,1
PAY09197,CUST2121,6740,upi,expired_card,0,1,36,1,12,1,0
PAY09198,CUST2387,26201,netbanking,technical_error,8,6,11,1,19,0,0
PAY09199,CUST0112,7572,netbanking,expired_card,5,7,83,0,14,0,0
PAY09200,CUST0033,18030,upi,authentication_failed,29,1,8,0,16,1,1
PAY09201,CUST1328,564,upi,network_timeout,20,0,52,0,15,0,0
PAY09202,CUST1397,46129,netbanking,authentication_failed,29,7,15,1,15,1,1
PAY09203,CUST0642,7540,wallet,bank_decline,9,0,10,1,5,1,1
PAY09204,CUST2310,22524,upi,expired_card,11,4,58,1,4,0,1
PAY09205,CUST2056,39210,upi,bank_decline,4,5,73,1,13,0,1
PAY09206,CUST1605,47371,upi,bank_decline,21,5,2,0,9,0,0
PAY09207,CUST2759,3114,upi,bank_decline,0,3,50,1,22,1,0
PAY09208,CUST1444,46075,wallet,bank_decline,2,0,46,0,15,0,1
PAY09209,CUST0777,44875,wallet,expired_card,9,3,41,1,15,1,0
PAY09210,CUST2276,44925,card,network_timeout,10,2,55,0,15,1,1
PAY09211,CUST2185,25323,upi,expired_card,16,8,24,1,23,1,1
PAY09212,CUST1834,39362,card,authentication_failed,21,6,51,1,18,0,0
PAY09213,CUST1161,19848,netbanking,expired_card,0,3,22,0,3,0,0
PAY09214,CUST1078,41680,card,expired_card,26,2,62,1,4,1,1
PAY09215,CUST2071,37081,card,expired_card,25,6,41,1,10,0,0
PAY09216,CUST1976,14320,wallet,authentication_failed,5,0,33,0,13,0,1
PAY09217,CUST2496,45641,netbanking,insufficient_balance,8,1,67,1,0,1,1
PAY09218,CUST2151,38564,card,network_timeout,12,0,50,1,0,1,1
PAY09219,CUST1634,8372,netbanking,network_timeout,16,2,71,0,6,0,1
PAY09220,CUST0127,44255,upi,bank_decline,6,3,66,1,4,0,0
PAY09221,CUST1299,32472,card,insufficient_balance,22,6,86,1,5,0,1
PAY09222,CUST2219,11100,netbanking,bank_decline,28,1,46,1,15,0,1
PAY09223,CUST2964,8160,wallet,expired_card,7,6,29,1,17,1,0
PAY09224,CUST2685,39062,card,insufficient_balance,12,1,67,1,7,1,1
PAY09225,CUST2195,10968,upi,technical_error,16,3,26,1,18,0,0
PAY09226,CUST2402,22117,wallet,network_timeout,15,8,26,0,1,0,0
PAY09227,CUST0116,41323,netbanking,bank_decline,9,4,10,1,17,1,0
PAY09228,CUST2247,38086,wallet,expired_card,16,2,84,1,10,0,0
PAY09229,CUST2801,44878,upi,network_timeout,17,3,85,0,23,0,1
PAY09230,CUST0356,21506,wallet,insufficient_balance,26,2,0,0,22,1,1
PAY09231,CUST0409,47276,wallet,authentication_failed,5,2,64,1,18,1,1
PAY09232,CUST1936,15369,card,network_timeout,27,0,75,0,1,1,1
PAY09233,CUST2133,7426,wallet,network_timeout,2,3,31,1,5,1,0
PAY09234,CUST1960,42149,card,network_timeout,11,8,77,1,15,0,1
PAY09235,CUST2332,27342,netbanking,insufficient_balance,20,6,83,0,22,0,0
PAY09236,CUST0679,44057,wallet,bank_decline,19,8,5,0,4,1,0
PAY09237,CUST2949,13808,wallet,bank_decline,12,2,73,0,18,0,1
PAY09238,CUST0833,30020,netbanking,network_timeout,26,2,69,0,23,0,1
PAY09239,CUST2690,29063,netbanking,authentication_failed,25,6,62,0,10,0,0
PAY09240,CUST2798,35048,upi,insufficient_balance,22,0,35,1,21,0,1
PAY09241,CUST0091,6334,upi,expired_card,18,0,57,1,16,0,1
PAY09242,CUST1140,6586,upi,authentication_failed,26,3,45,1,14,0,0
PAY09243,CUST0128,31158,card,authentication_failed,18,0,13,1,22,1,1
PAY09244,CUST0915,48129,netbanking,authentication_failed,29,2,59,0,5,0,1
PAY09245,CUST2114,37479,netbanking,technical_error,21,0,78,0,21,0,1
PAY09246,CUST1478,5003,wallet,expired_card,21,8,75,1,4,0,1
PAY09247,CUST0080,26789,wallet,bank_decline,7,6,35,0,20,1,0
PAY09248,CUST0262,24502,upi,insufficient_balance,11,8,23,0,4,0,1
PAY09249,CUST0288,25931,wallet,expired_card,28,1,46,0,14,1,1
PAY09250,CUST2016,29003,upi,insufficient_balance,21,4,26,1,12,1,1
PAY09251,CUST1157,28817,netbanking,authentication_failed,13,5,83,0,6,0,1
PAY09252,CUST1468,1353,netbanking,bank_decline,16,0,89,0,10,0,0
PAY09253,CUST1836,26701,netbanking,network_timeout,19,6,4,0,1,1,1
PAY09254,CUST1482,45598,netbanking,bank_decline,19,3,89,1,7,0,1
PAY09255,CUST0710,38644,card,technical_error,8,5,88,1,12,0,0
PAY09256,CUST2657,16819,upi,insufficient_balance,19,7,8,0,7,1,1
PAY09257,CUST0903,2539,wallet,network_timeout,19,3,56,1,20,0,1
PAY09258,CUST1624,7917,wallet,technical_error,23,0,82,0,17,1,1
PAY09259,CUST2766,4432,wallet,bank_decline,20,3,34,0,1,1,1
PAY09260,CUST1396,25125,wallet,authentication_failed,5,4,16,1,8,0,1
PAY09261,CUST0143,42051,wallet,technical_error,28,4,22,1,3,1,1
PAY09262,CUST2744,4254,upi,bank_decline,27,5,51,1,17,1,1
PAY09263,CUST1808,49007,card,expired_card,26,3,52,1,17,0,0
PAY09264,CUST1537,5567,wallet,expired_card,28,0,64,1,22,0,1
PAY09265,CUST0244,10293,netbanking,network_timeout,29,8,71,0,17,0,0
PAY09266,CUST1616,3067,upi,expired_card,29,3,30,1,9,0,1
PAY09267,CUST0469,175,upi,insufficient_balance,1,1,28,0,2,1,1
PAY09268,CUST0102,41530,upi,insufficient_balance,29,8,78,0,14,0,1
PAY09269,CUST2446,47990,wallet,insufficient_balance,29,6,31,0,4,0,1
PAY09270,CUST0909,43680,card,network_timeout,4,3,21,1,5,0,1
PAY09271,CUST0580,17639,card,network_timeout,12,2,16,1,3,1,1
PAY09272,CUST1243,48752,wallet,network_timeout,0,6,34,0,8,1,0
PAY09273,CUST2830,28564,card,authentication_failed,27,2,75,0,23,0,1
PAY09274,CUST1899,26384,card,expired_card,28,5,5,0,0,0,1
PAY09275,CUST1773,47399,upi,bank_decline,17,2,87,1,5,1,0
PAY09276,CUST0876,37894,upi,authentication_failed,28,7,37,1,7,1,1
PAY09277,CUST1092,3530,card,authentication_failed,5,6,69,1,19,0,0
PAY09278,CUST2197,22655,wallet,expired_card,6,2,82,0,13,1,1
PAY09279,CUST2551,14949,card,insufficient_balance,8,8,30,0,14,0,0
PAY09280,CUST1600,41414,netbanking,expired_card,10,7,30,1,21,1,0
PAY09281,CUST1117,7839,upi,insufficient_balance,7,6,48,0,13,0,0
PAY09282,CUST1507,12039,upi,network_timeout,30,8,8,1,6,0,0
PAY09283,CUST2886,41786,netbanking,technical_error,9,5,18,0,8,1,0
PAY09284,CUST0606,18465,upi,authentication_failed,1,5,21,1,21,1,1
PAY09285,CUST0827,34070,card,authentication_failed,14,6,14,0,3,1,1
PAY09286,CUST2874,25250,upi,authentication_failed,25,5,37,0,0,0,0
PAY09287,CUST0564,675,upi,authentication_failed,27,6,58,1,18,1,0
PAY09288,CUST0421,10398,wallet,authentication_failed,30,0,40,1,0,0,1
PAY09289,CUST1979,12590,card,authentication_failed,7,8,23,0,1,0,0
PAY09290,CUST2746,2573,upi,technical_error,0,1,14,0,17,0,1
PAY09291,CUST0208,37282,upi,technical_error,28,2,14,0,6,1,1
PAY09292,CUST2096,6986,netbanking,network_timeout,28,4,13,1,16,0,1
PAY09293,CUST1743,24151,netbanking,network_timeout,25,1,50,0,23,1,1
PAY09294,CUST0572,39068,netbanking,authentication_failed,28,5,47,0,16,1,1
PAY09295,CUST0203,37487,wallet,technical_error,2,5,84,1,5,0,0
PAY09296,CUST2908,48882,card,expired_card,17,3,17,0,15,0,0
PAY09297,CUST2854,24665,wallet,expired_card,9,4,78,1,6,0,0
PAY09298,CUST1088,9965,netbanking,bank_decline,12,0,39,1,5,1,0
PAY09299,CUST2092,17592,upi,insufficient_balance,28,0,78,0,0,0,0
PAY09300,CUST1196,14767,card,network_timeout,30,1,55,0,19,1,1
PAY09301,CUST2980,1795,wallet,bank_decline,20,0,32,0,0,0,1
PAY09302,CUST1119,7262,upi,expired_card,1,8,90,0,11,1,0
PAY09303,CUST0717,13524,upi,expired_card,15,4,9,1,3,0,0
PAY09304,CUST0962,16505,upi,authentication_failed,17,8,14,1,2,1,1
PAY09305,CUST1809,48194,upi,technical_error,23,0,41,0,14,0,1
PAY09306,CUST2942,22755,netbanking,bank_decline,4,8,61,1,17,1,0
PAY09307,CUST2656,6618,card,bank_decline,4,8,23,1,3,0,0
PAY09308,CUST1614,9443,netbanking,insufficient_balance,20,4,84,0,18,0,0
PAY09309,CUST1898,44047,upi,authentication_failed,24,5,72,0,4,1,1
PAY09310,CUST1252,17555,card,expired_card,23,5,34,1,7,0,1
PAY09311,CUST0356,36392,upi,bank_decline,0,0,50,0,13,1,0
PAY09312,CUST0389,2913,netbanking,expired_card,27,7,53,0,20,1,0
PAY09313,CUST2019,39504,wallet,authentication_failed,27,2,66,1,15,1,1
PAY09314,CUST0894,15276,upi,authentication_failed,19,8,77,1,4,1,1
PAY09315,CUST2278,33639,card,expired_card,18,6,88,0,11,0,0
PAY09316,CUST1453,47541,netbanking,technical_error,0,3,90,0,10,0,1
PAY09317,CUST2475,49037,netbanking,insufficient_balance,2,3,9,0,11,0,0
PAY09318,CUST0274,19935,netbanking,authentication_failed,15,5,9,1,8,0,1
PAY09319,CUST0261,39844,upi,authentication_failed,13,2,10,1,22,0,1
PAY09320,CUST0429,19665,netbanking,bank_decline,5,6,83,1,9,0,1
PAY09321,CUST1326,33798,wallet,authentication_failed,12,0,15,1,12,0,1
PAY09322,CUST0495,27869,card,technical_error,3,0,62,1,21,1,0
PAY09323,CUST0654,23334,netbanking,authentication_failed,26,8,51,0,20,1,1
PAY09324,CUST0171,34861,netbanking,expired_card,3,1,6,0,6,0,1
PAY09325,CUST1644,45099,card,expired_card,9,7,11,0,10,1,0
PAY09326,CUST2201,30590,card,insufficient_balance,20,7,13,0,3,0,0
PAY09327,CUST2400,20345,upi,authentication_failed,14,1,5,0,6,1,1
PAY09328,CUST1579,28350,card,bank_decline,6,2,71,1,19,0,1
PAY09329,CUST1440,38378,netbanking,authentication_failed,28,5,54,0,12,1,1
PAY09330,CUST1328,42675,card,expired_card,5,4,23,1,22,1,0
PAY09331,CUST2727,3957,card,network_timeout,12,1,43,0,20,1,1
PAY09332,CUST1050,18372,upi,network_timeout,12,2,28,0,0,0,1
PAY09333,CUST0027,2041,netbanking,authentication_failed,11,2,5,0,6,1,1
PAY09334,CUST0014,40651,wallet,technical_error,17,8,87,0,2,0,0
PAY09335,CUST1186,38920,wallet,insufficient_balance,22,8,52,1,13,1,1
PAY09336,CUST1087,18078,card,authentication_failed,24,2,14,0,15,0,1
PAY09337,CUST1566,9786,upi,authentication_failed,3,7,69,1,4,1,1
PAY09338,CUST0016,12981,upi,network_timeout,0,3,84,0,5,0,0
PAY09339,CUST1370,20382,upi,expired_card,19,4,89,0,16,0,1
PAY09340,CUST2397,45861,card,network_timeout,4,1,4,1,18,1,1
PAY09341,CUST0055,5718,upi,authentication_failed,8,4,19,0,12,0,0
PAY09342,CUST2864,9414,netbanking,bank_decline,15,3,22,0,19,0,0
PAY09343,CUST1850,6877,upi,insufficient_balance,23,2,6,1,10,1,1
PAY09344,CUST0008,40790,upi,expired_card,7,6,65,1,18,0,1
PAY09345,CUST1146,36167,card,insufficient_balance,0,6,52,1,12,0,0
PAY09346,CUST0081,47776,card,authentication_failed,20,0,31,1,10,1,0
PAY09347,CUST1701,29545,wallet,network_timeout,7,4,23,0,7,0,0
PAY09348,CUST1121,17804,upi,network_timeout,22,4,60,0,9,0,0
PAY09349,CUST1988,8827,card,expired_card,2,3,77,1,9,0,1
PAY09350,CUST1191,37407,card,bank_decline,3,1,10,0,16,1,1
PAY09351,CUST0603,20974,wallet,authentication_failed,2,6,22,0,4,1,0
PAY09352,CUST2183,27514,upi,expired_card,2,3,59,1,4,1,0
PAY09353,CUST1623,43885,card,expired_card,11,5,76,0,16,1,0
PAY09354,CUST2704,34008,upi,network_timeout,0,3,34,1,13,1,1
PAY09355,CUST0883,3864,wallet,expired_card,29,8,83,0,1,1,0
PAY09356,CUST2646,26677,card,insufficient_balance,14,8,64,0,2,0,0
PAY09357,CUST0602,26675,netbanking,network_timeout,30,0,53,0,19,1,1
PAY09358,CUST1239,9439,card,expired_card,5,0,25,0,13,1,1
PAY09359,CUST1993,6793,upi,technical_error,15,5,26,0,21,1,0
PAY09360,CUST2073,1409,card,network_timeout,6,6,7,1,18,1,0
PAY09361,CUST2030,17057,upi,network_timeout,8,2,43,1,23,0,1
PAY09362,CUST1859,6599,card,expired_card,10,7,50,0,5,1,1
PAY09363,CUST0641,23449,netbanking,bank_decline,29,0,61,0,3,1,1
PAY09364,CUST1751,39064,netbanking,technical_error,1,5,28,0,8,1,1
PAY09365,CUST0911,5768,wallet,expired_card,27,0,50,0,20,1,1
PAY09366,CUST2544,3390,wallet,network_timeout,28,0,79,1,9,0,1
PAY09367,CUST1915,16120,upi,technical_error,30,7,27,1,3,0,1
PAY09368,CUST2375,579,upi,authentication_failed,6,1,66,1,22,0,0
PAY09369,CUST2736,38258,netbanking,technical_error,2,4,88,1,19,0,0
PAY09370,CUST1609,24764,wallet,insufficient_balance,18,1,86,0,1,0,1
PAY09371,CUST2051,45951,card,bank_decline,7,2,12,1,3,1,0
PAY09372,CUST2633,4296,wallet,authentication_failed,6,4,67,1,1,1,1
PAY09373,CUST2800,5876,wallet,authentication_failed,15,5,37,1,0,1,1
PAY09374,CUST2611,47863,netbanking,authentication_failed,12,8,84,1,17,0,0
PAY09375,CUST1208,32214,wallet,authentication_failed,29,0,7,0,20,0,1
PAY09376,CUST2294,45629,netbanking,technical_error,14,8,58,0,18,0,1
PAY09377,CUST1024,40908,upi,network_timeout,3,7,7,1,18,1,0
PAY09378,CUST1595,24767,wallet,network_timeout,26,4,85,1,18,1,1
PAY09379,CUST2742,37175,upi,technical_error,18,2,50,1,16,0,1
PAY09380,CUST0926,43803,upi,authentication_failed,11,2,75,1,23,1,1
PAY09381,CUST2587,3876,card,expired_card,23,4,42,0,0,1,1
PAY09382,CUST0550,7234,netbanking,authentication_failed,29,3,10,1,23,1,1
PAY09383,CUST1430,7598,netbanking,network_timeout,6,6,84,1,1,0,1
PAY09384,CUST2370,35554,card,bank_decline,16,7,71,0,6,0,0
PAY09385,CUST1556,10453,card,network_timeout,0,3,85,1,16,1,1
PAY09386,CUST1949,8588,card,expired_card,11,1,41,0,3,0,0
PAY09387,CUST1672,45890,upi,insufficient_balance,29,0,68,0,20,1,0
PAY09388,CUST0579,46652,wallet,network_timeout,30,7,55,0,4,1,1
PAY09389,CUST0528,3392,netbanking,expired_card,2,5,50,0,23,0,0
PAY09390,CUST1932,10222,wallet,authentication_failed,28,4,73,1,20,0,1
PAY09391,CUST0494,46845,upi,bank_decline,13,2,73,0,22,1,0
PAY09392,CUST1843,16608,card,technical_error,20,6,47,1,23,0,0
PAY09393,CUST0128,10906,upi,technical_error,10,7,3,0,9,0,1
PAY09394,CUST1420,49061,netbanking,insufficient_balance,8,1,60,1,1,1,1
PAY09395,CUST2454,45280,wallet,bank_decline,15,3,53,0,19,1,0
PAY09396,CUST0767,3000,netbanking,bank_decline,22,3,36,1,14,1,1
PAY09397,CUST1055,6975,netbanking,expired_card,24,6,25,0,9,1,0
PAY09398,CUST2944,8159,card,network_timeout,5,8,3,0,18,0,1
PAY09399,CUST1244,13271,netbanking,insufficient_balance,24,0,56,1,16,0,1
PAY09400,CUST0280,22092,netbanking,technical_error,14,2,7,1,12,1,1
PAY09401,CUST0560,11301,wallet,network_timeout,19,2,53,0,14,1,1
PAY09402,CUST0146,42961,card,technical_error,12,7,0,0,6,0,1
PAY09403,CUST1757,36991,wallet,insufficient_balance,24,3,67,0,16,1,1
PAY09404,CUST2083,45134,card,authentication_failed,30,7,19,0,10,0,0
PAY09405,CUST2288,48782,card,expired_card,28,1,24,1,19,0,1
PAY09406,CUST2072,32789,card,authentication_failed,0,0,22,0,18,1,1
PAY09407,CUST1853,1149,netbanking,insufficient_balance,2,3,37,1,22,1,1
PAY09408,CUST0259,26811,upi,technical_error,16,8,31,0,16,1,1
PAY09409,CUST2781,47462,card,network_timeout,11,7,41,1,22,0,1
PAY09410,CUST0474,5053,card,technical_error,17,1,52,1,21,0,1
PAY09411,CUST2966,35859,card,authentication_failed,3,2,65,0,9,1,1
PAY09412,CUST0404,17543,upi,technical_error,21,4,4,0,2,1,1
PAY09413,CUST2588,18677,card,authentication_failed,29,3,25,1,19,1,0
PAY09414,CUST2391,3692,card,bank_decline,1,5,40,0,0,1,0
PAY09415,CUST0551,47958,wallet,bank_decline,2,8,53,1,17,0,0
PAY09416,CUST0244,7389,wallet,bank_decline,13,2,51,0,19,1,1
PAY09417,CUST2552,9650,wallet,authentication_failed,9,5,31,1,19,1,1
PAY09418,CUST2646,26408,wallet,technical_error,5,6,88,0,22,1,1
PAY09419,CUST2474,9565,card,expired_card,3,7,78,1,17,0,0
PAY09420,CUST0172,15644,upi,expired_card,1,0,27,1,12,1,1
PAY09421,CUST0161,2312,upi,technical_error,27,5,41,0,6,1,0
PAY09422,CUST2780,28868,card,network_timeout,13,8,83,1,6,0,1
PAY09423,CUST1918,16327,wallet,bank_decline,26,2,31,0,1,0,1
PAY09424,CUST2917,2089,netbanking,expired_card,26,7,45,0,7,0,0
PAY09425,CUST0447,10954,card,bank_decline,7,0,69,0,12,0,0
PAY09426,CUST1184,32919,card,network_timeout,0,5,2,0,14,0,0
PAY09427,CUST1354,42505,wallet,bank_decline,30,2,55,0,19,1,1
PAY09428,CUST2178,46718,netbanking,insufficient_balance,28,6,14,0,15,0,0
PAY09429,CUST1436,36885,netbanking,technical_error,21,2,37,0,9,0,1
PAY09430,CUST0585,34491,card,technical_error,10,7,48,0,21,0,0
PAY09431,CUST1577,11295,upi,technical_error,2,6,13,0,23,1,1
PAY09432,CUST0009,9456,netbanking,technical_error,27,5,40,0,10,1,1
PAY09433,CUST2106,29338,card,technical_error,17,0,50,0,11,1,1
PAY09434,CUST0583,38062,upi,network_timeout,25,5,39,0,7,1,1
PAY09435,CUST0705,35925,upi,technical_error,3,2,56,0,12,1,1
PAY09436,CUST0950,7347,wallet,technical_error,10,8,7,0,13,1,1
PAY09437,CUST0306,49940,card,bank_decline,1,2,80,0,23,0,1
PAY09438,CUST0692,9589,card,insufficient_balance,11,8,39,1,4,0,1
PAY09439,CUST2145,30302,netbanking,technical_error,27,4,64,0,20,1,1
PAY09440,CUST2337,33259,card,authentication_failed,4,2,43,0,18,0,0
PAY09441,CUST0889,24582,wallet,authentication_failed,21,8,11,0,15,1,0
PAY09442,CUST0744,7048,netbanking,network_timeout,10,7,2,1,4,0,1
PAY09443,CUST0250,49666,netbanking,bank_decline,25,0,43,0,12,0,1
PAY09444,CUST0453,1699,netbanking,expired_card,23,7,85,1,21,0,0
PAY09445,CUST2880,18847,netbanking,insufficient_balance,9,0,44,0,2,0,1
PAY09446,CUST1702,32894,card,technical_error,9,5,58,1,8,1,1
PAY09447,CUST0689,14521,netbanking,expired_card,24,8,77,1,4,1,1
PAY09448,CUST1496,300,netbanking,expired_card,4,4,8,0,0,1,1
PAY09449,CUST2633,5829,netbanking,expired_card,0,2,22,0,9,1,1
PAY09450,CUST1633,11103,wallet,insufficient_balance,11,4,70,0,11,1,1
PAY09451,CUST1519,47032,netbanking,bank_decline,5,6,26,1,16,1,0
PAY09452,CUST1376,43392,card,network_timeout,4,3,87,0,19,1,0
PAY09453,CUST0650,39098,wallet,authentication_failed,14,8,20,1,12,0,1
PAY09454,CUST2347,33335,upi,technical_error,10,0,34,0,13,0,1
PAY09455,CUST0218,37409,netbanking,insufficient_balance,25,4,14,0,4,0,0
PAY09456,CUST2942,1226,card,authentication_failed,6,0,14,0,7,0,1
PAY09457,CUST1594,15956,upi,technical_error,17,8,52,1,18,1,1
PAY09458,CUST1746,27406,wallet,bank_decline,6,4,65,0,11,0,1
PAY09459,CUST2344,5752,upi,insufficient_balance,28,1,76,0,8,0,1
PAY09460,CUST2863,43200,wallet,network_timeout,29,5,53,0,8,0,1
PAY09461,CUST1692,46077,netbanking,authentication_failed,23,4,32,1,19,1,1
PAY09462,CUST1239,9121,card,authentication_failed,2,0,52,1,0,0,1
PAY09463,CUST1475,13781,card,insufficient_balance,5,6,80,0,10,0,1
PAY09464,CUST2590,36498,wallet,network_timeout,1,4,2,1,8,1,1
PAY09465,CUST1072,49904,wallet,insufficient_balance,17,8,74,0,4,1,0
PAY09466,CUST0158,4400,netbanking,authentication_failed,8,7,73,0,22,1,1
PAY09467,CUST2598,32456,upi,expired_card,16,0,42,1,3,1,0
PAY09468,CUST0997,6953,upi,bank_decline,29,5,4,0,13,0,1
PAY09469,CUST0421,22044,upi,technical_error,20,0,87,0,10,0,1
PAY09470,CUST2898,27401,wallet,authentication_failed,22,4,64,0,14,0,1
PAY09471,CUST0826,44436,upi,network_timeout,28,3,75,0,15,1,1
PAY09472,CUST2626,43702,card,insufficient_balance,22,0,88,0,4,0,1
PAY09473,CUST1882,1609,netbanking,expired_card,18,5,59,0,17,0,0
PAY09474,CUST0847,16793,card,network_timeout,5,0,55,0,12,0,1
PAY09475,CUST2908,35711,netbanking,insufficient_balance,13,1,7,1,15,0,1
PAY09476,CUST1920,26059,wallet,bank_decline,0,2,41,0,4,1,1
PAY09477,CUST0431,30912,wallet,insufficient_balance,30,2,50,1,22,1,0
PAY09478,CUST2189,4743,card,expired_card,23,2,64,1,2,1,0
PAY09479,CUST2710,45321,wallet,insufficient_balance,2,8,45,1,4,1,0
PAY09480,CUST1701,30126,wallet,authentication_failed,15,8,56,0,10,1,0
PAY09481,CUST0503,5410,wallet,authentication_failed,23,6,76,0,2,1,0
PAY09482,CUST0850,19010,card,authentication_failed,29,5,18,1,4,1,1
PAY09483,CUST2465,40873,wallet,authentication_failed,30,6,72,1,13,1,0
PAY09484,CUST2521,37483,card,network_timeout,14,8,22,0,12,0,0
PAY09485,CUST1072,7595,upi,bank_decline,18,6,34,0,9,1,1
PAY09486,CUST0175,13915,upi,expired_card,3,0,30,0,3,0,0
PAY09487,CUST1514,23455,wallet,authentication_failed,27,7,6,0,17,0,0
PAY09488,CUST0051,45142,wallet,technical_error,9,0,64,0,8,1,1
PAY09489,CUST1545,996,netbanking,insufficient_balance,29,2,3,0,6,0,1
PAY09490,CUST0619,8513,upi,technical_error,24,3,83,1,8,0,1
PAY09491,CUST1011,24582,wallet,network_timeout,7,3,71,1,8,1,1
PAY09492,CUST0657,41155,wallet,technical_error,2,2,14,1,20,1,1
PAY09493,CUST2624,46166,wallet,insufficient_balance,26,5,10,1,21,1,1
PAY09494,CUST2323,25007,card,authentication_failed,12,6,7,1,22,1,1
PAY09495,CUST1680,17552,wallet,network_timeout,4,4,26,1,23,1,1
PAY09496,CUST2629,36931,upi,expired_card,16,5,37,1,10,0,1
PAY09497,CUST2811,21631,wallet,technical_error,16,0,3,1,16,0,1
PAY09498,CUST0607,27773,wallet,authentication_failed,7,6,6,1,7,0,0
PAY09499,CUST0289,28872,upi,authentication_failed,2,0,78,1,19,0,0
PAY09500,CUST2046,36403,upi,authentication_failed,23,3,22,1,19,1,1
PAY09501,CUST2298,15153,netbanking,expired_card,3,1,54,0,22,0,1
PAY09502,CUST1573,22766,card,expired_card,20,1,27,0,5,0,0
PAY09503,CUST1701,10169,upi,bank_decline,24,5,65,0,8,1,1
PAY09504,CUST0195,21824,upi,network_timeout,23,4,69,0,10,0,0
PAY09505,CUST1557,44520,wallet,authentication_failed,19,1,24,1,2,1,1
PAY09506,CUST2061,26392,netbanking,network_timeout,19,4,65,1,2,0,1
PAY09507,CUST2439,40137,card,authentication_failed,14,8,0,1,12,1,1
PAY09508,CUST0406,23857,netbanking,expired_card,22,8,1,1,3,1,1
PAY09509,CUST0216,1885,card,insufficient_balance,13,5,8,0,5,0,1
PAY09510,CUST0260,27702,upi,expired_card,14,6,77,0,7,1,0
PAY09511,CUST1269,42407,wallet,insufficient_balance,27,5,75,1,12,1,1
PAY09512,CUST0725,6722,upi,insufficient_balance,16,8,40,0,10,1,0
PAY09513,CUST0419,17205,upi,network_timeout,3,4,22,1,14,0,1
PAY09514,CUST1637,12735,upi,expired_card,28,1,45,0,2,0,0
PAY09515,CUST2908,17330,upi,network_timeout,17,0,37,1,7,0,1
PAY09516,CUST0138,2496,upi,expired_card,19,0,37,1,11,1,1
PAY09517,CUST2869,31595,wallet,technical_error,2,7,13,0,11,1,0
PAY09518,CUST0277,42194,netbanking,bank_decline,26,1,60,0,16,1,0
PAY09519,CUST1938,5702,upi,bank_decline,3,2,62,0,9,0,0
PAY09520,CUST2478,35476,wallet,technical_error,26,3,30,0,6,0,1
PAY09521,CUST1735,23955,netbanking,authentication_failed,19,7,50,0,7,1,0
PAY09522,CUST1405,8684,upi,network_timeout,22,2,16,1,19,1,1
PAY09523,CUST0407,43273,wallet,bank_decline,30,0,4,0,5,0,0
PAY09524,CUST2258,22668,netbanking,authentication_failed,2,7,23,1,17,0,1
PAY09525,CUST0908,46262,card,network_timeout,18,8,73,1,17,0,1
PAY09526,CUST1485,19912,card,expired_card,4,5,82,1,8,0,0
PAY09527,CUST1583,1677,netbanking,bank_decline,9,3,17,0,1,1,1
PAY09528,CUST0042,37813,card,expired_card,15,2,63,1,0,1,1
PAY09529,CUST2880,16319,wallet,insufficient_balance,4,8,22,0,10,0,1
PAY09530,CUST1416,16111,wallet,expired_card,27,3,11,0,6,1,0
PAY09531,CUST2292,17515,netbanking,insufficient_balance,1,4,11,1,9,1,1
PAY09532,CUST1767,46750,upi,network_timeout,8,2,39,1,23,1,0
PAY09533,CUST2603,38449,wallet,insufficient_balance,14,3,11,0,21,0,1
PAY09534,CUST2912,5865,card,authentication_failed,16,0,65,0,21,0,0
PAY09535,CUST2223,2464,wallet,expired_card,6,8,43,1,5,0,0
PAY09536,CUST0954,9004,card,authentication_failed,13,5,15,1,11,1,1
PAY09537,CUST2624,29944,upi,authentication_failed,6,7,48,0,1,1,1
PAY09538,CUST0565,28892,wallet,authentication_failed,23,8,89,1,23,1,0
PAY09539,CUST2582,21712,wallet,insufficient_balance,4,4,53,0,11,1,1
PAY09540,CUST0146,23004,card,insufficient_balance,22,1,12,0,10,0,1
PAY09541,CUST2949,24338,upi,bank_decline,22,8,21,1,2,1,0
PAY09542,CUST0198,41907,upi,expired_card,29,5,83,1,20,0,1
PAY09543,CUST1538,29855,netbanking,bank_decline,18,3,36,1,6,0,1
PAY09544,CUST0540,10681,upi,bank_decline,26,2,9,0,0,0,1
PAY09545,CUST2756,32515,upi,insufficient_balance,4,0,38,1,17,1,1
PAY09546,CUST0039,42204,card,network_timeout,8,5,27,1,9,1,1
PAY09547,CUST1611,12223,upi,bank_decline,30,2,64,0,15,0,1
PAY09548,CUST1983,11646,netbanking,insufficient_balance,6,4,59,1,5,0,1
PAY09549,CUST1088,34989,netbanking,expired_card,7,7,49,0,20,0,0
PAY09550,CUST1379,44574,netbanking,technical_error,19,4,71,1,17,0,0
PAY09551,CUST2033,22995,wallet,expired_card,11,8,63,1,20,1,0
PAY09552,CUST0436,15687,card,network_timeout,16,7,11,0,13,0,0
PAY09553,CUST0901,22105,card,bank_decline,18,3,13,0,21,1,1
PAY09554,CUST1133,25443,netbanking,technical_error,10,6,89,1,21,1,1
PAY09555,CUST1647,45845,wallet,network_timeout,5,0,63,1,20,0,1
PAY09556,CUST1146,48179,netbanking,network_timeout,28,3,7,1,3,0,1
PAY09557,CUST1886,48106,upi,expired_card,22,8,42,1,19,1,0
PAY09558,CUST2560,19660,card,technical_error,9,4,21,1,10,1,1
PAY09559,CUST2381,41854,netbanking,insufficient_balance,14,0,47,1,11,1,1
PAY09560,CUST2535,19491,card,expired_card,16,7,39,1,19,0,1
PAY09561,CUST1397,43752,card,insufficient_balance,4,2,76,1,2,1,0
PAY09562,CUST2713,36941,wallet,bank_decline,16,1,9,1,22,1,1
PAY09563,CUST1441,459,card,expired_card,19,0,67,1,13,0,1
PAY09564,CUST1521,30584,netbanking,technical_error,24,0,7,1,23,1,1
PAY09565,CUST2363,2974,card,authentication_failed,4,6,63,0,5,1,0
PAY09566,CUST2348,1120,upi,expired_card,4,7,34,1,16,1,0
PAY09567,CUST1873,21135,upi,insufficient_balance,16,1,47,1,2,1,1
PAY09568,CUST1664,12269,netbanking,technical_error,19,3,62,0,18,1,0
PAY09569,CUST2976,45314,upi,network_timeout,8,3,4,0,12,0,1
PAY09570,CUST1182,9224,wallet,insufficient_balance,23,7,47,1,22,0,0
PAY09571,CUST2342,33294,netbanking,bank_decline,20,8,46,1,14,1,0
PAY09572,CUST0124,24413,card,authentication_failed,30,5,60,1,19,1,1
PAY09573,CUST1477,46714,upi,authentication_failed,19,2,72,0,17,0,1
PAY09574,CUST2547,16747,card,expired_card,8,8,32,1,23,1,0
PAY09575,CUST0707,38140,card,authentication_failed,26,8,74,0,11,0,0
PAY09576,CUST1497,35894,upi,network_timeout,14,6,69,0,21,0,1
PAY09577,CUST1304,16553,upi,bank_decline,0,2,35,1,4,0,0
PAY09578,CUST0382,31795,upi,technical_error,9,6,19,1,8,0,0
PAY09579,CUST2922,45380,wallet,technical_error,30,4,69,1,1,1,1
PAY09580,CUST0091,4466,upi,authentication_failed,9,2,22,0,10,1,1
PAY09581,CUST0097,18222,netbanking,authentication_failed,23,0,47,1,23,0,1
PAY09582,CUST0216,43391,wallet,insufficient_balance,1,8,82,0,4,0,0
PAY09583,CUST0465,42682,card,network_timeout,8,1,18,1,16,1,1
PAY09584,CUST2820,2984,netbanking,technical_error,20,6,0,0,20,0,1
PAY09585,CUST1284,3008,upi,authentication_failed,0,1,13,1,10,0,0
PAY09586,CUST1617,5673,wallet,insufficient_balance,16,2,62,0,4,1,1
PAY09587,CUST0489,8571,netbanking,technical_error,4,7,74,1,12,0,1
PAY09588,CUST1030,3082,upi,bank_decline,3,8,88,0,0,0,0
PAY09589,CUST0046,3353,netbanking,technical_error,26,5,18,1,8,0,1
PAY09590,CUST0036,48984,upi,expired_card,21,1,84,0,8,1,0
PAY09591,CUST2019,25287,netbanking,technical_error,9,7,64,1,19,0,1
PAY09592,CUST1584,45936,card,network_timeout,12,1,52,1,12,1,1
PAY09593,CUST1610,44038,upi,insufficient_balance,13,6,28,0,16,0,0
PAY09594,CUST2444,28943,wallet,bank_decline,17,2,37,1,16,1,1
PAY09595,CUST2074,20985,card,bank_decline,13,2,54,0,10,1,1
PAY09596,CUST1326,19523,netbanking,expired_card,5,4,3,1,8,0,1
PAY09597,CUST1692,35194,upi,insufficient_balance,3,4,22,0,21,1,1
PAY09598,CUST1915,11777,upi,technical_error,1,3,20,1,1,1,1
PAY09599,CUST1361,19684,netbanking,network_timeout,5,7,37,0,5,1,1
PAY09600,CUST0917,10313,card,authentication_failed,10,8,75,0,0,1,0
PAY09601,CUST2497,1103,netbanking,authentication_failed,4,6,86,1,3,0,0
PAY09602,CUST1554,42657,wallet,bank_decline,6,4,80,1,4,1,1
PAY09603,CUST2802,9693,netbanking,technical_error,0,3,89,0,4,0,1
PAY09604,CUST0451,14979,upi,authentication_failed,15,6,65,1,11,1,1
PAY09605,CUST1320,41477,upi,network_timeout,23,1,60,1,23,0,1
PAY09606,CUST0047,11069,card,network_timeout,10,3,77,0,7,0,0
PAY09607,CUST1548,20535,card,bank_decline,15,0,21,0,9,0,0
PAY09608,CUST2566,49777,card,bank_decline,16,3,35,0,3,0,0
PAY09609,CUST1892,30191,upi,expired_card,21,0,16,0,1,1,1
PAY09610,CUST2392,14335,card,authentication_failed,13,0,65,1,6,0,1
PAY09611,CUST2542,6040,upi,expired_card,28,3,75,1,2,0,0
PAY09612,CUST2102,31793,upi,bank_decline,8,2,77,0,7,0,1
PAY09613,CUST1906,22664,wallet,network_timeout,6,6,25,0,3,1,0
PAY09614,CUST2426,25053,netbanking,authentication_failed,11,4,76,0,23,1,1
PAY09615,CUST2254,4048,netbanking,expired_card,15,6,30,1,3,1,1
PAY09616,CUST0754,24548,upi,network_timeout,28,6,34,0,20,0,0
PAY09617,CUST2860,13858,wallet,insufficient_balance,18,3,6,1,11,1,1
PAY09618,CUST1144,6458,upi,technical_error,30,8,54,0,23,0,0
PAY09619,CUST1945,31570,card,expired_card,8,2,40,0,2,1,0
PAY09620,CUST2606,1640,upi,bank_decline,14,7,22,0,20,1,0
PAY09621,CUST2732,33814,wallet,authentication_failed,4,8,58,0,12,1,0
PAY09622,CUST0038,3214,upi,network_timeout,23,2,26,1,9,0,1
PAY09623,CUST1782,27707,upi,expired_card,7,6,62,0,17,0,0
PAY09624,CUST0603,14215,netbanking,insufficient_balance,0,2,9,1,10,1,1
PAY09625,CUST0763,10332,upi,technical_error,27,3,13,1,19,0,1
PAY09626,CUST0144,23502,card,technical_error,23,5,5,1,18,1,1
PAY09627,CUST0513,10843,card,network_timeout,23,8,74,0,17,1,1
PAY09628,CUST0034,33983,netbanking,network_timeout,1,0,28,0,3,0,0
PAY09629,CUST0527,2160,upi,bank_decline,0,6,3,0,7,1,0
PAY09630,CUST1131,37019,wallet,network_timeout,5,6,74,0,14,0,1
PAY09631,CUST2969,33020,card,bank_decline,19,3,88,1,9,1,1
PAY09632,CUST2481,24850,card,authentication_failed,18,1,6,0,6,0,1
PAY09633,CUST2366,15907,wallet,technical_error,23,8,7,1,8,1,1
PAY09634,CUST0009,455,wallet,technical_error,28,1,77,1,18,0,1
PAY09635,CUST0884,21749,upi,network_timeout,5,7,26,0,9,1,1
PAY09636,CUST2170,2330,netbanking,expired_card,24,0,13,1,8,0,1
PAY09637,CUST0015,6547,card,network_timeout,20,6,62,0,11,0,0
PAY09638,CUST0563,45057,card,network_timeout,15,5,31,1,6,1,1
PAY09639,CUST2781,19335,upi,authentication_failed,7,6,47,0,15,1,0
PAY09640,CUST1526,34994,netbanking,technical_error,3,2,81,0,12,1,1
PAY09641,CUST0752,20109,card,expired_card,24,8,42,1,3,1,0
PAY09642,CUST1661,21225,netbanking,expired_card,23,7,28,0,20,0,0
PAY09643,CUST0344,28012,card,insufficient_balance,30,7,77,0,9,0,1
PAY09644,CUST1549,8588,card,network_timeout,26,5,2,1,3,1,1
PAY09645,CUST2178,37257,upi,insufficient_balance,4,1,62,0,2,1,1
PAY09646,CUST1552,30537,netbanking,insufficient_balance,1,1,40,1,1,1,1
PAY09647,CUST1455,29475,card,network_timeout,8,3,84,0,4,1,0
PAY09648,CUST2914,25744,wallet,authentication_failed,19,1,85,0,8,1,1
PAY09649,CUST0033,18483,upi,authentication_failed,17,3,16,1,5,0,1
PAY09650,CUST0169,39772,netbanking,expired_card,2,0,65,1,4,1,1
PAY09651,CUST2481,45409,wallet,bank_decline,12,4,17,1,7,0,1
PAY09652,CUST2915,13825,card,insufficient_balance,5,5,53,0,2,0,1
PAY09653,CUST2589,30599,netbanking,network_timeout,28,4,1,1,11,0,1
PAY09654,CUST1778,43928,upi,authentication_failed,19,7,59,0,19,0,0
PAY09655,CUST1658,8207,wallet,technical_error,7,4,73,1,2,1,1
PAY09656,CUST1265,26051,netbanking,technical_error,14,8,23,0,15,1,1
PAY09657,CUST2981,46492,upi,network_timeout,15,5,60,0,8,1,0
PAY09658,CUST1127,34989,upi,authentication_failed,27,7,10,1,6,0,1
PAY09659,CUST0790,31998,wallet,insufficient_balance,21,1,62,1,16,0,1
PAY09660,CUST2940,26852,wallet,expired_card,7,1,18,0,23,0,0
PAY09661,CUST1883,10063,netbanking,technical_error,27,6,58,0,9,1,1
PAY09662,CUST1300,12601,card,bank_decline,25,8,37,0,13,1,0
PAY09663,CUST1890,48002,netbanking,authentication_failed,12,0,77,0,10,1,1
PAY09664,CUST2987,45265,netbanking,expired_card,3,5,58,1,3,1,0
PAY09665,CUST0622,36753,upi,insufficient_balance,8,2,89,0,1,1,1
PAY09666,CUST2158,33049,wallet,insufficient_balance,4,3,86,1,7,1,0
PAY09667,CUST2975,11871,upi,network_timeout,7,2,90,1,17,1,1
PAY09668,CUST2841,38492,wallet,insufficient_balance,5,5,72,1,1,0,1
PAY09669,CUST2449,18548,wallet,expired_card,17,5,79,0,9,1,0
PAY09670,CUST0978,10074,card,network_timeout,19,4,86,0,19,1,0
PAY09671,CUST1497,4929,wallet,bank_decline,18,0,89,0,15,0,1
PAY09672,CUST1422,49855,netbanking,technical_error,18,4,72,1,1,1,1
PAY09673,CUST1024,44929,wallet,insufficient_balance,29,3,55,0,14,1,1
PAY09674,CUST2276,10739,wallet,insufficient_balance,14,4,89,0,12,1,1
PAY09675,CUST2335,28739,netbanking,bank_decline,11,2,8,1,15,0,1
PAY09676,CUST1182,35343,netbanking,bank_decline,22,6,41,1,13,1,0
PAY09677,CUST0880,39256,wallet,authentication_failed,19,3,0,1,0,0,0
PAY09678,CUST1152,26134,wallet,bank_decline,1,5,87,0,4,1,0
PAY09679,CUST0418,9054,netbanking,bank_decline,3,3,2,1,5,0,0
PAY09680,CUST1618,17650,card,authentication_failed,18,1,79,0,23,1,1
PAY09681,CUST0057,26206,wallet,technical_error,7,5,37,0,22,0,1
PAY09682,CUST0662,46767,card,network_timeout,8,0,75,0,10,1,1
PAY09683,CUST2188,6873,wallet,bank_decline,28,3,66,0,7,1,0
PAY09684,CUST0008,19249,upi,expired_card,13,3,23,1,15,0,0
PAY09685,CUST0877,26686,card,technical_error,7,2,64,1,10,0,1
PAY09686,CUST1299,30788,wallet,technical_error,26,7,44,0,12,1,1
PAY09687,CUST1024,28778,wallet,authentication_failed,25,7,43,0,10,1,0
PAY09688,CUST0535,6661,wallet,network_timeout,24,1,53,1,22,1,1
PAY09689,CUST2330,36588,upi,authentication_failed,12,3,39,1,20,1,1
PAY09690,CUST2515,2877,netbanking,authentication_failed,6,7,46,1,18,0,1
PAY09691,CUST1129,39758,netbanking,authentication_failed,3,1,90,1,3,0,0
PAY09692,CUST0323,546,wallet,authentication_failed,5,6,73,0,11,1,0
PAY09693,CUST1842,6466,upi,bank_decline,6,2,48,1,13,1,1
PAY09694,CUST2809,47251,card,authentication_failed,16,3,60,0,6,1,0
PAY09695,CUST2029,48486,upi,authentication_failed,3,2,80,1,8,1,1
PAY09696,CUST0188,32579,netbanking,network_timeout,9,7,53,1,9,0,1
PAY09697,CUST0235,10144,wallet,bank_decline,8,1,53,0,14,0,1
PAY09698,CUST0370,38363,netbanking,network_timeout,26,4,60,0,10,1,1
PAY09699,CUST1579,45092,wallet,network_timeout,5,8,80,0,9,0,0
PAY09700,CUST2132,9851,wallet,authentication_failed,30,2,56,1,1,1,1
PAY09701,CUST1274,32803,card,technical_error,16,7,4,1,9,0,0
PAY09702,CUST2644,26778,card,bank_decline,22,3,2,0,15,1,0
PAY09703,CUST2630,35021,wallet,technical_error,8,3,18,0,11,0,0
PAY09704,CUST0125,2649,netbanking,authentication_failed,6,6,43,1,23,0,1
PAY09705,CUST2003,22206,netbanking,expired_card,8,2,22,0,6,1,1
PAY09706,CUST0035,27401,netbanking,insufficient_balance,24,4,56,0,18,1,1
PAY09707,CUST2374,45167,upi,insufficient_balance,29,1,42,0,18,1,1
PAY09708,CUST2350,26078,card,authentication_failed,25,7,80,0,16,1,0
PAY09709,CUST1098,35712,card,technical_error,16,2,55,1,19,0,1
PAY09710,CUST2780,38743,netbanking,network_timeout,22,2,47,1,15,0,1
PAY09711,CUST1221,27970,upi,insufficient_balance,1,3,38,1,17,1,1
PAY09712,CUST0018,38568,netbanking,insufficient_balance,1,8,73,1,7,1,1
PAY09713,CUST1684,27637,netbanking,bank_decline,27,0,42,1,21,1,1
PAY09714,CUST0399,38092,wallet,network_timeout,7,0,55,1,15,0,1
PAY09715,CUST1931,8209,upi,network_timeout,23,8,3,0,21,1,1
PAY09716,CUST2176,21079,upi,bank_decline,22,2,34,1,0,1,1
PAY09717,CUST2311,22221,upi,expired_card,28,1,63,0,14,0,1
PAY09718,CUST0496,36409,upi,insufficient_balance,2,3,15,1,4,0,1
PAY09719,CUST1538,47460,card,insufficient_balance,4,8,4,0,1,0,0
PAY09720,CUST2458,21995,netbanking,network_timeout,16,7,32,1,0,0,0
PAY09721,CUST0834,16756,wallet,bank_decline,0,5,58,1,6,1,1
PAY09722,CUST2745,17576,card,expired_card,1,2,23,1,19,1,1
PAY09723,CUST1739,11611,card,technical_error,8,8,36,1,2,0,0
PAY09724,CUST0609,34584,upi,insufficient_balance,18,8,69,1,6,1,0
PAY09725,CUST1923,8320,card,network_timeout,16,3,80,0,17,1,1
PAY09726,CUST0350,46168,wallet,expired_card,20,3,4,1,5,0,0
PAY09727,CUST1060,32886,wallet,technical_error,3,8,19,0,8,0,1
PAY09728,CUST0513,39158,upi,expired_card,1,6,75,0,5,0,0
PAY09729,CUST1047,46127,netbanking,expired_card,21,6,80,1,6,0,0
PAY09730,CUST1268,26938,wallet,network_timeout,8,1,12,1,3,1,1
PAY09731,CUST2892,27551,netbanking,expired_card,6,2,10,0,22,0,1
PAY09732,CUST2783,8958,netbanking,bank_decline,8,8,84,0,14,0,0
PAY09733,CUST2046,3604,wallet,bank_decline,7,0,73,0,19,0,1
PAY09734,CUST0728,11909,upi,network_timeout,20,0,17,0,11,0,1
PAY09735,CUST0803,17742,netbanking,network_timeout,14,1,72,0,4,0,1
PAY09736,CUST1357,29436,card,bank_decline,14,1,65,1,1,1,1
PAY09737,CUST1255,7263,wallet,authentication_failed,15,3,16,0,6,1,0
PAY09738,CUST0052,31528,card,expired_card,18,8,58,0,6,1,0
PAY09739,CUST2169,47198,netbanking,expired_card,11,7,81,1,21,1,0
PAY09740,CUST1778,44475,upi,network_timeout,23,4,15,0,21,0,1
PAY09741,CUST2919,40066,upi,technical_error,19,3,23,0,23,0,1
PAY09742,CUST2397,19745,wallet,authentication_failed,17,0,5,0,11,0,1
PAY09743,CUST1753,28776,card,expired_card,26,6,84,1,6,1,1
PAY09744,CUST2182,45770,netbanking,bank_decline,16,8,85,0,2,0,0
PAY09745,CUST2371,41446,wallet,insufficient_balance,8,8,86,0,19,0,0
PAY09746,CUST1136,23716,card,expired_card,15,3,16,1,20,1,0
PAY09747,CUST0814,3940,netbanking,bank_decline,4,5,75,1,4,0,1
PAY09748,CUST0836,31364,card,technical_error,24,1,34,1,5,1,1
PAY09749,CUST1379,35572,upi,network_timeout,30,6,0,1,19,1,1
PAY09750,CUST2706,49553,card,technical_error,3,3,26,0,15,1,0
PAY09751,CUST0702,25704,upi,technical_error,4,8,58,1,1,1,1
PAY09752,CUST1467,15347,upi,authentication_failed,16,2,38,1,21,0,1
PAY09753,CUST0572,47066,netbanking,bank_decline,12,8,47,0,19,1,0
PAY09754,CUST0635,22789,card,network_timeout,17,6,55,1,2,1,0
PAY09755,CUST0696,35902,netbanking,authentication_failed,11,1,68,1,20,1,1
PAY09756,CUST0944,39290,netbanking,expired_card,6,4,44,0,6,1,0
PAY09757,CUST0694,7301,netbanking,bank_decline,27,1,9,0,1,1,1
PAY09758,CUST1421,39077,wallet,authentication_failed,18,4,23,0,23,0,0
PAY09759,CUST1131,6935,upi,insufficient_balance,9,2,52,0,16,0,1
PAY09760,CUST1540,20909,card,technical_error,11,6,41,1,11,1,1
PAY09761,CUST0029,14911,netbanking,bank_decline,12,1,79,1,6,1,0
PAY09762,CUST1069,4315,wallet,bank_decline,21,5,59,0,15,1,0
PAY09763,CUST2435,17503,card,insufficient_balance,0,0,24,0,11,1,0
PAY09764,CUST1542,12842,wallet,network_timeout,5,1,52,1,0,0,0
PAY09765,CUST0617,46313,wallet,bank_decline,22,7,14,1,6,0,1
PAY09766,CUST0881,13541,wallet,technical_error,15,1,27,0,5,1,1
PAY09767,CUST0291,43717,netbanking,network_timeout,6,3,18,1,18,0,1
PAY09768,CUST0379,35697,wallet,authentication_failed,6,6,31,1,12,0,1
PAY09769,CUST1974,19660,upi,network_timeout,17,6,6,0,5,0,0
PAY09770,CUST2552,7363,upi,authentication_failed,9,1,51,1,8,1,1
PAY09771,CUST2534,26868,upi,expired_card,17,3,16,0,20,0,0
PAY09772,CUST1833,41293,netbanking,technical_error,22,4,87,1,23,1,1
PAY09773,CUST0462,24663,upi,network_timeout,24,3,12,1,14,1,1
PAY09774,CUST1266,44523,card,bank_decline,2,7,38,1,7,0,0
PAY09775,CUST1617,27920,netbanking,bank_decline,3,8,26,1,8,1,1
PAY09776,CUST1568,19375,wallet,insufficient_balance,11,5,31,1,10,1,1
PAY09777,CUST1287,25715,card,expired_card,18,2,24,0,16,0,1
PAY09778,CUST1311,7142,wallet,technical_error,3,3,90,0,13,0,0
PAY09779,CUST0422,47161,upi,technical_error,4,8,43,0,7,1,0
PAY09780,CUST0352,12733,netbanking,technical_error,1,7,5,1,14,0,0
PAY09781,CUST1460,5824,netbanking,insufficient_balance,27,5,90,1,5,0,1
PAY09782,CUST2004,2630,card,technical_error,15,8,8,0,23,0,1
PAY09783,CUST2508,38482,card,network_timeout,26,1,14,0,20,1,1
PAY09784,CUST2482,35776,netbanking,network_timeout,11,8,17,1,7,1,0
PAY09785,CUST1504,39569,wallet,expired_card,22,8,74,0,21,0,0
PAY09786,CUST2243,23437,upi,expired_card,24,5,42,0,6,0,0
PAY09787,CUST1768,15616,card,bank_decline,30,3,26,1,19,1,1
PAY09788,CUST1861,41103,netbanking,network_timeout,4,2,44,0,15,1,1
PAY09789,CUST2631,38528,netbanking,technical_error,4,8,18,1,2,0,1
PAY09790,CUST2852,17994,upi,network_timeout,21,7,11,0,2,1,1
PAY09791,CUST1716,14626,upi,technical_error,3,8,5,1,11,1,1
PAY09792,CUST1563,42282,netbanking,expired_card,19,3,84,0,4,0,1
PAY09793,CUST0771,2259,wallet,expired_card,5,3,19,0,2,0,0
PAY09794,CUST1273,37721,card,bank_decline,18,4,34,0,13,0,0
PAY09795,CUST1889,9164,card,authentication_failed,6,6,55,0,23,1,0
PAY09796,CUST2481,11465,upi,insufficient_balance,8,6,31,0,11,1,1
PAY09797,CUST2458,29005,card,bank_decline,19,1,58,1,11,1,0
PAY09798,CUST0368,15987,upi,network_timeout,16,1,47,0,2,0,1
PAY09799,CUST0127,2611,card,network_timeout,29,5,70,0,3,1,1
PAY09800,CUST1048,14538,netbanking,authentication_failed,23,2,32,1,2,1,0
PAY09801,CUST1586,8187,upi,expired_card,27,4,49,1,6,0,0
PAY09802,CUST1807,12892,wallet,expired_card,13,5,86,1,3,0,1
PAY09803,CUST0382,11391,netbanking,authentication_failed,20,0,37,0,2,0,1
PAY09804,CUST1962,9095,netbanking,authentication_failed,3,7,45,0,4,1,0
PAY09805,CUST0812,16093,card,bank_decline,8,5,38,1,13,0,1
PAY09806,CUST1919,23488,wallet,bank_decline,14,7,70,0,5,0,1
PAY09807,CUST2615,48341,wallet,bank_decline,28,3,26,1,4,1,0
PAY09808,CUST1295,28407,upi,bank_decline,5,0,7,1,10,0,0
PAY09809,CUST1613,24292,netbanking,technical_error,2,5,8,1,21,0,0
PAY09810,CUST1801,15297,upi,authentication_failed,25,5,6,0,3,1,1
PAY09811,CUST0671,6636,wallet,insufficient_balance,2,8,76,0,7,1,0
PAY09812,CUST0561,10057,netbanking,insufficient_balance,16,2,25,1,8,0,1
PAY09813,CUST2548,44717,card,bank_decline,3,2,18,0,0,0,0
PAY09814,CUST1386,14128,card,network_timeout,25,7,19,0,4,1,0
PAY09815,CUST2240,42020,netbanking,expired_card,28,4,35,0,10,0,0
PAY09816,CUST0811,43498,wallet,expired_card,20,8,68,1,1,1,1
PAY09817,CUST1384,16809,card,network_timeout,11,7,23,1,4,1,1
PAY09818,CUST1255,40460,upi,network_timeout,30,8,89,0,6,0,1
PAY09819,CUST2992,9298,card,expired_card,6,2,66,0,6,0,1
PAY09820,CUST0623,3292,card,technical_error,13,1,48,0,12,1,1
PAY09821,CUST1439,25435,card,technical_error,16,0,58,1,4,0,1
PAY09822,CUST0262,14744,netbanking,bank_decline,20,0,39,0,5,0,0
PAY09823,CUST2000,17258,upi,network_timeout,21,0,88,0,16,0,1
PAY09824,CUST2527,47249,netbanking,expired_card,7,6,83,0,2,1,0
PAY09825,CUST2965,30406,upi,bank_decline,30,0,28,1,14,1,1
PAY09826,CUST0527,43050,wallet,network_timeout,24,3,27,0,12,0,0
PAY09827,CUST1733,12804,netbanking,technical_error,18,0,49,1,20,0,1
PAY09828,CUST0560,14558,card,bank_decline,24,5,5,0,0,1,0
PAY09829,CUST1001,21756,upi,network_timeout,13,2,16,1,11,0,1
PAY09830,CUST0646,6914,card,technical_error,16,6,39,1,15,0,1
PAY09831,CUST0793,15067,netbanking,network_timeout,16,1,20,0,22,1,1
PAY09832,CUST2219,26427,card,bank_decline,5,5,27,1,23,0,1
PAY09833,CUST0845,43569,card,technical_error,8,8,57,1,15,1,1
PAY09834,CUST1904,4926,card,network_timeout,27,0,87,0,6,0,0
PAY09835,CUST0044,29790,wallet,insufficient_balance,11,7,27,0,12,1,1
PAY09836,CUST1761,9968,netbanking,technical_error,21,1,51,0,11,0,1
PAY09837,CUST0110,40761,card,network_timeout,28,0,30,1,13,1,1
PAY09838,CUST1341,35258,card,authentication_failed,17,2,61,0,7,1,1
PAY09839,CUST1866,39116,wallet,authentication_failed,29,3,9,1,16,0,0
PAY09840,CUST1663,21359,wallet,expired_card,20,8,43,1,16,1,1
PAY09841,CUST2216,30975,upi,authentication_failed,5,5,60,1,9,0,0
PAY09842,CUST0912,35323,wallet,authentication_failed,27,2,24,1,3,1,0
PAY09843,CUST0603,38998,upi,technical_error,19,1,10,1,23,1,1
PAY09844,CUST0764,7492,card,insufficient_balance,15,5,77,1,9,1,1
PAY09845,CUST0717,2308,wallet,bank_decline,19,7,84,0,6,1,0
PAY09846,CUST0625,33678,card,technical_error,5,6,87,1,21,1,1
PAY09847,CUST2380,1372,card,network_timeout,23,0,28,0,3,0,1
PAY09848,CUST0391,37013,upi,expired_card,20,4,51,0,6,0,1
PAY09849,CUST0696,37592,wallet,insufficient_balance,26,5,75,0,15,1,1
PAY09850,CUST0192,13274,upi,technical_error,5,1,29,0,16,0,1
PAY09851,CUST2490,44263,card,bank_decline,22,8,33,0,1,1,0
PAY09852,CUST0375,21508,wallet,insufficient_balance,18,3,46,0,7,0,0
PAY09853,CUST0956,39970,netbanking,technical_error,4,0,89,0,6,0,1
PAY09854,CUST2678,3382,upi,expired_card,4,2,69,1,22,0,1
PAY09855,CUST2267,43463,upi,expired_card,7,2,47,1,10,0,0
PAY09856,CUST2909,37745,netbanking,authentication_failed,17,4,52,1,11,1,1
PAY09857,CUST1726,38974,card,insufficient_balance,28,3,51,1,8,1,1
PAY09858,CUST1005,8262,netbanking,bank_decline,9,3,38,1,18,1,1
PAY09859,CUST1518,27558,netbanking,authentication_failed,7,2,60,0,6,0,1
PAY09860,CUST2392,40533,wallet,network_timeout,8,3,22,0,20,1,1
PAY09861,CUST0484,6029,upi,network_timeout,30,7,1,1,6,1,0
PAY09862,CUST2352,27686,netbanking,network_timeout,30,8,36,0,6,1,1
PAY09863,CUST0539,16514,card,authentication_failed,25,7,39,0,19,1,1
PAY09864,CUST2254,10760,wallet,bank_decline,19,8,12,1,21,0,1
PAY09865,CUST2691,27514,netbanking,insufficient_balance,1,7,32,0,14,1,1
PAY09866,CUST2793,4864,wallet,bank_decline,15,8,39,0,11,0,0
PAY09867,CUST0182,45962,card,bank_decline,10,8,69,1,17,1,0
PAY09868,CUST0315,4504,wallet,bank_decline,8,7,58,1,6,0,0
PAY09869,CUST1569,9776,wallet,technical_error,15,0,55,1,18,1,1
PAY09870,CUST1438,5605,netbanking,expired_card,1,3,19,0,13,0,0
PAY09871,CUST1193,29839,netbanking,insufficient_balance,25,6,52,1,17,0,1
PAY09872,CUST0667,36582,netbanking,bank_decline,3,4,46,1,8,1,0
PAY09873,CUST0302,7457,wallet,expired_card,10,5,65,0,18,0,1
PAY09874,CUST0383,22962,wallet,network_timeout,18,5,81,1,9,1,1
PAY09875,CUST0566,46325,netbanking,bank_decline,14,2,27,0,16,1,1
PAY09876,CUST1317,18172,netbanking,insufficient_balance,23,6,38,1,18,0,1
PAY09877,CUST1955,20134,wallet,technical_error,0,8,64,1,23,1,1
PAY09878,CUST2216,36012,upi,technical_error,24,4,74,0,13,1,1
PAY09879,CUST0495,48769,netbanking,bank_decline,22,6,89,0,17,1,1
PAY09880,CUST2281,2030,wallet,insufficient_balance,22,3,43,0,16,1,1
PAY09881,CUST0579,46915,wallet,expired_card,14,7,71,0,18,0,0
PAY09882,CUST2912,28642,wallet,bank_decline,13,1,58,1,5,0,1
PAY09883,CUST2578,41856,card,insufficient_balance,7,1,79,0,19,0,1
PAY09884,CUST0660,3363,card,network_timeout,25,4,40,0,2,1,0
PAY09885,CUST0555,18600,netbanking,expired_card,0,0,79,0,7,1,1
PAY09886,CUST0524,8619,netbanking,bank_decline,5,4,19,1,7,0,1
PAY09887,CUST1443,26317,wallet,authentication_failed,21,0,40,0,17,0,0
PAY09888,CUST0827,3929,card,bank_decline,14,2,87,1,12,0,0
PAY09889,CUST2374,21759,netbanking,expired_card,12,4,22,0,12,0,1
PAY09890,CUST2740,34990,card,bank_decline,25,5,76,1,22,0,1
PAY09891,CUST0480,43167,card,technical_error,0,8,5,1,14,1,0
PAY09892,CUST2379,42170,card,expired_card,2,5,66,1,16,0,0
PAY09893,CUST1528,33298,card,insufficient_balance,24,0,83,0,14,0,1
PAY09894,CUST1340,49265,card,authentication_failed,2,4,13,1,16,1,0
PAY09895,CUST0153,26529,netbanking,bank_decline,6,1,29,0,17,1,0
PAY09896,CUST0363,21654,netbanking,insufficient_balance,18,7,33,0,16,1,1
PAY09897,CUST1685,31243,wallet,network_timeout,20,0,22,0,6,1,1
PAY09898,CUST2296,9860,wallet,technical_error,23,0,70,1,0,1,1
PAY09899,CUST2609,38285,netbanking,bank_decline,5,0,43,0,18,0,0
PAY09900,CUST2025,30489,netbanking,authentication_failed,1,8,49,0,19,0,0
PAY09901,CUST2038,30054,wallet,technical_error,25,8,32,0,3,0,1
PAY09902,CUST0679,18910,card,technical_error,21,8,49,0,20,1,1
PAY09903,CUST1006,26245,wallet,technical_error,19,5,63,0,9,0,1
PAY09904,CUST0432,33943,netbanking,insufficient_balance,10,6,32,0,7,0,0
PAY09905,CUST1614,16934,upi,authentication_failed,24,1,78,1,7,1,0
PAY09906,CUST1631,44810,card,network_timeout,21,8,57,1,21,1,1
PAY09907,CUST0099,29290,wallet,insufficient_balance,17,1,21,1,1,1,1
PAY09908,CUST1966,46837,upi,bank_decline,17,2,88,1,16,0,1
PAY09909,CUST1936,21994,card,bank_decline,1,6,90,0,20,1,0
PAY09910,CUST0190,43210,upi,expired_card,2,5,57,0,1,0,0
PAY09911,CUST2534,31144,netbanking,bank_decline,25,5,16,1,16,0,1
PAY09912,CUST1226,35566,upi,authentication_failed,2,1,39,1,0,1,0
PAY09913,CUST1269,20756,upi,insufficient_balance,9,5,52,0,8,0,1
PAY09914,CUST0422,14875,netbanking,technical_error,26,8,55,1,13,1,1
PAY09915,CUST2134,944,netbanking,authentication_failed,4,2,69,0,9,1,1
PAY09916,CUST1201,41781,upi,insufficient_balance,7,6,21,0,10,1,1
PAY09917,CUST2642,21660,card,network_timeout,30,4,90,0,12,1,1
PAY09918,CUST0216,1004,card,bank_decline,15,4,59,0,18,0,0
PAY09919,CUST0618,2403,card,network_timeout,24,1,55,0,16,0,1
PAY09920,CUST2831,3174,netbanking,expired_card,23,6,35,0,19,0,0
PAY09921,CUST2670,46116,upi,technical_error,20,7,1,1,23,0,1
PAY09922,CUST1225,40183,upi,insufficient_balance,3,0,42,1,2,0,0
PAY09923,CUST0412,39203,wallet,authentication_failed,11,2,46,1,15,0,1
PAY09924,CUST1805,35087,upi,expired_card,19,4,34,1,4,1,0
PAY09925,CUST0404,8711,card,insufficient_balance,0,8,52,1,22,1,0
PAY09926,CUST0023,38244,card,bank_decline,1,1,78,1,6,0,1
PAY09927,CUST1505,41282,netbanking,bank_decline,2,6,27,1,8,0,0
PAY09928,CUST1305,7111,upi,bank_decline,25,1,88,0,23,1,0
PAY09929,CUST0136,13360,wallet,network_timeout,3,2,60,0,14,0,0
PAY09930,CUST2450,6824,wallet,bank_decline,1,2,87,1,0,0,0
PAY09931,CUST2821,26497,upi,authentication_failed,10,6,70,1,18,1,0
PAY09932,CUST1397,10491,card,network_timeout,1,6,17,0,13,1,0
PAY09933,CUST1969,2835,upi,insufficient_balance,7,8,58,0,11,0,0
PAY09934,CUST2244,12769,netbanking,network_timeout,24,0,10,1,1,1,1
PAY09935,CUST1837,26385,netbanking,network_timeout,0,3,83,0,12,0,1
PAY09936,CUST1540,1813,upi,insufficient_balance,13,1,23,1,8,0,1
PAY09937,CUST0917,29564,netbanking,technical_error,29,5,53,1,16,0,1
PAY09938,CUST1972,14919,netbanking,bank_decline,1,7,17,1,13,0,0
PAY09939,CUST1358,40866,wallet,technical_error,16,6,67,1,4,0,0
PAY09940,CUST1380,43420,netbanking,network_timeout,12,7,17,0,7,1,0
PAY09941,CUST0033,34345,upi,expired_card,30,2,24,0,18,0,0
PAY09942,CUST2435,39704,wallet,insufficient_balance,29,7,90,1,22,0,1
PAY09943,CUST0565,36535,wallet,expired_card,29,8,74,0,17,0,0
PAY09944,CUST0995,6941,upi,network_timeout,21,7,72,0,4,0,0
PAY09945,CUST0255,28594,netbanking,authentication_failed,11,3,25,1,3,1,1
PAY09946,CUST1227,38347,wallet,authentication_failed,9,6,69,1,20,1,0
PAY09947,CUST2012,6960,netbanking,bank_decline,28,1,38,0,21,1,1
PAY09948,CUST0373,43321,wallet,network_timeout,20,7,21,1,0,1,1
PAY09949,CUST1001,37918,netbanking,bank_decline,14,2,81,0,2,0,1
PAY09950,CUST0930,46949,upi,bank_decline,3,4,27,1,20,1,0
PAY09951,CUST1760,19839,wallet,bank_decline,2,1,43,0,18,1,0
PAY09952,CUST2934,31566,upi,authentication_failed,0,3,26,1,2,1,0
PAY09953,CUST0047,19980,wallet,insufficient_balance,18,0,80,1,1,1,1
PAY09954,CUST0156,5107,netbanking,insufficient_balance,15,5,46,0,12,0,1
PAY09955,CUST1502,17200,card,expired_card,15,0,10,0,13,0,1
PAY09956,CUST0699,17028,upi,technical_error,20,4,89,1,14,0,1
PAY09957,CUST1523,38296,wallet,bank_decline,22,1,37,0,10,0,0
PAY09958,CUST1071,26757,card,bank_decline,3,7,9,0,5,1,0
PAY09959,CUST0463,18275,wallet,network_timeout,2,8,40,1,7,0,0
PAY09960,CUST1718,36970,card,bank_decline,21,6,82,0,6,0,0
PAY09961,CUST0741,7597,upi,technical_error,17,8,58,1,13,1,1
PAY09962,CUST2124,15631,netbanking,network_timeout,23,6,10,0,23,0,1
PAY09963,CUST1159,28100,card,network_timeout,18,2,50,0,6,0,1
PAY09964,CUST0156,38193,card,bank_decline,28,5,66,0,4,0,0
PAY09965,CUST0018,520,netbanking,bank_decline,7,4,67,0,17,1,0
PAY09966,CUST2388,23620,netbanking,technical_error,20,6,11,1,21,0,1
PAY09967,CUST1091,47858,card,authentication_failed,17,8,76,0,2,0,1
PAY09968,CUST0112,13296,card,technical_error,22,2,87,1,6,1,1
PAY09969,CUST0821,43096,wallet,expired_card,13,7,81,1,12,1,1
PAY09970,CUST1446,16963,upi,network_timeout,18,5,70,0,5,1,1
PAY09971,CUST2672,20921,card,authentication_failed,9,4,53,1,23,1,1
PAY09972,CUST1843,2302,card,authentication_failed,13,2,85,1,17,1,0
PAY09973,CUST2523,43827,card,bank_decline,25,5,66,1,18,0,0
PAY09974,CUST1150,19115,card,bank_decline,16,6,2,1,5,1,0
PAY09975,CUST1807,14536,netbanking,technical_error,18,8,43,0,6,0,1
PAY09976,CUST2126,13663,upi,expired_card,8,0,1,0,10,1,1
PAY09977,CUST0641,10792,card,technical_error,25,4,25,0,6,0,1
PAY09978,CUST1931,18136,wallet,expired_card,27,5,24,1,21,0,0
PAY09979,CUST0505,3719,wallet,authentication_failed,9,0,18,1,15,0,0
PAY09980,CUST2850,43340,netbanking,technical_error,14,2,69,0,9,1,1
PAY09981,CUST1677,29171,netbanking,bank_decline,26,4,77,0,4,1,0
PAY09982,CUST0446,24776,netbanking,technical_error,19,8,61,1,5,1,1
PAY09983,CUST2658,1931,card,authentication_failed,16,7,20,0,19,1,0
PAY09984,CUST2119,29982,card,bank_decline,13,6,45,1,4,1,1
PAY09985,CUST2115,36948,netbanking,insufficient_balance,1,3,36,1,17,1,0
PAY09986,CUST2821,29553,upi,network_timeout,8,0,84,0,1,1,1
PAY09987,CUST0866,24686,netbanking,authentication_failed,13,7,25,1,5,0,1
PAY09988,CUST1693,33163,wallet,bank_decline,2,2,65,1,8,0,1
PAY09989,CUST1276,8425,netbanking,insufficient_balance,20,3,53,0,5,1,1
PAY09990,CUST2468,1618,wallet,bank_decline,10,7,68,1,6,1,1
PAY09991,CUST2432,17825,netbanking,bank_decline,26,3,34,0,16,1,0
PAY09992,CUST0944,23106,wallet,expired_card,25,6,19,0,13,1,0
PAY09993,CUST1398,10194,wallet,insufficient_balance,10,6,41,1,4,0,1
PAY09994,CUST0213,5330,wallet,authentication_failed,12,6,50,1,20,1,0
PAY09995,CUST2906,8264,netbanking,bank_decline,21,3,2,1,23,1,1
PAY09996,CUST2349,9150,netbanking,bank_decline,29,7,59,1,12,0,1
PAY09997,CUST0139,49277,card,insufficient_balance,14,3,12,0,14,0,0
PAY09998,CUST1719,49505,netbanking,network_timeout,4,5,40,1,15,0,0
PAY09999,CUST1531,8648,upi,expired_card,30,0,23,0,3,0,1
PAY10000,CUST1641,18856,upi,bank_decline,19,7,58,1,8,1,0
